// getting cave info
42["interaction",{"type":"cave","action":"info","request_id":"V8Ntao8FfEZWWvxkbxBVJLx8yvsK3Z"}]
42["game_response",{"response":"data","place":"interaction","interaction":"cave","request_id":"V8Ntao8FfEZWWvxkbxBVJLx8yvsK3Z","success":true,"visit":{"available":true,"resets":1790722800000,"home":"EUPVP","server_time":1790683541051}}]

// enter cave
42["interaction",{"type":"cave","action":"enter","request_id":"skRxnfmHHTkHvkHv2qKVdmpgzsIFyW"}]
42["ui",{"type":"cave_enter","names":["TunnelSnake4"],"duration":1800,"key":"ad6ecf9cc7654d3cab882419"}]

// map chunk for cave
42["map_chunk",{"run":"20ad9698e52bc3915eea310a","index":0,"count":15,"text":"{\"run\":\"20ad9698e52bc3915eea310a\",\"floors\":[{\"key\":\"zone_20ad9698e52bc3915eea310a_0\",\"definition\":{\"name\":\"Cave of Many Dreams\",\"instance\":true,\"irregular\":true,\"pvp\":false,\"spawns\":[[352,448],[336,2624]],\"doors\":[[352,400,96,80,\"main\",20,0,\"ordinary\"],[336,2576,96,80,\"zone_20ad9698e52bc3915eea310a_1\",0,1,\"ordinary\"]],\"npcs\":[],\"monsters\":[],\"ref\":{},\"items\":{},\"merchants\":[],\"on_death\":[\"main\",20],\"on_exit\":[\"main\",20],\"generated\":{\"run\":\"20ad9698e52bc3915eea310a\",\"floor\":0,\"version\":1,\"zone\":\"dreams\"},\"rooms\":[{\"id\":0,\"kind\":\"ada\",\"x\":344,\"y\":536,\"bounds\":[208,384,480,688]},{\"id\":1,\"kind\":\"ledger\",\"x\":848,\"y\":456,\"bounds\":[704,272,992,640]},{\"id\":2,\"kind\":\"cavern\",\"x\":384,\"y\":1152,\"bounds\":[240,976,528,1328]},{\"id\":3,\"kind\":\"cavern\",\"x\":864,\"y\":1520,\"bounds\":[720,1376,1008,1664]},{\"id\":4,\"kind\":\"cavern\",\"x\":1328,\"y\":464,\"bounds\":[1120,272,1536,656]},{\"id\":5,\"kind\":\"cavern\",\"x\":1936,\"y\":648,\"bounds\":[1696,528,2176,768]},{\"id\":6,\"kind\":\"cavern\",\"x\":1336,\"y\":1088,\"bounds\":[1120,976,1552,1200]},{\"id\":7,\"kind\":\"cavern\",\"x\":1872,\"y\":1216,\"bounds\":[1680,1040,2064,1392]},{\"id\":8,\"kind\":\"cavern\",\"x\":496,\"y\":2144,\"bounds\":[320,1952,672,2336]},{\"id\":9,\"kind\":\"cavern\",\"x\":968,\"y\":2024,\"bounds\":[816,1856,1120,2192]},{\"id\":10,\"kind\":\"descent\",\"x\":432,\"y\":2664,\"bounds\":[240,2480,624,2848]},{\"id\":11,\"kind\":\"cavern\",\"x\":968,\"y\":2672,\"bounds\":[800,2528,1136,2816]},{\"id\":12,\"kind\":\"cavern\",\"x\":1424,\"y\":2096,\"bounds\":[1248,1968,1600,2224]},{\"id\":13,\"kind\":\"cavern\",\"x\":1400,\"y\":2648,\"bounds\":[1248,2480,1552,2816]},{\"id\":14,\"kind\":\"cavern\",\"x\":2000,\"y\":2144,\"bounds\":[1840,2032,2160,2256]},{\"id\":15,\"kind\":\"cavern\",\"x\":2032,\"y\":2560,\"bounds\":[1888,2400,2176,2720]},{\"id\":16,\"kind\":\"cavern\",\"x\":2448,\"y\":480,\"bounds\":[2304,352,2592,608]},{\"id\":17,\"kind\":\"cavern\",\"x\":2912,\"y\":384,\"bounds\":[2768,224,3056,544]},{\"id\":18,\"kind\":\"cavern\",\"x\":2472,\"y\":1016,\"bounds\":[2288,896,2656,1136]},{\"id\":19,\"kind\":\"cavern\",\"x\":2896,\"y\":1024,\"bounds\":[2752,848,3040,1200]},{\"id\":20,\"kind\":\"cavern\",\"x\":3312,\"y\":656,\"bounds\":[3152,544,3472,768]},{\"id\":21,\"kind\":\"cavern\",\"x\":4000,\"y\":480,\"bounds\":[3856,288,4144,672]},{\"id\":22,\"kind\":\"cavern\",\"x\":3296,\"y\":1096,\"bounds\":[3152,912,3440,1280]},{\"id\":23,\"kind\":\"cavern\",\"x\":3848,\"y\":1040,\"bounds\":[3696,880,4000,1200]},{\"id\":24,\"kind\":\"cavern\",\"x\":2592,\"y\":1888,\"bounds\":[2448,1744,2736,2032]},{\"id\":25,\"kind\":\"cavern\",\"x\":3008,\"y\":1776,\"bounds\":[2864,1584,3152,1968]},{\"id\":26,\"kind\":\"cavern\",\"x\":2496,\"y\":2440,\"bounds\":[2320,2320,2672,2560]},{\"id\":27,\"kind\":\"cavern\",\"x\":3024,\"y\":2720,\"bounds\":[2848,2608,3200,2832]},{\"id\":28,\"kind\":\"cavern\",\"x\":3512,\"y\":1672,\"bounds\":[3344,1504,3680,1840]},{\"id\":29,\"kind\":\"cavern\",\"x\":3936,\"y\":1704,\"bounds\":[3792,1536,4080,1872]},{\"id\":30,\"kind\":\"cavern\",\"x\":3512,\"y\":2616,\"bounds\":[3344,2432,3680,2800]},{\"id\":31,\"kind\":\"cavern\",\"x\":3928,\"y\":2368,\"bounds\":[3776,2240,4080,2496]}]},\"geometry\":{\"tiles\":[[\"dreamsv3\",80,80,32,32],[\"dreamsv3\",256,0,16,16],[\"dreamsv3\",32,0,16,16],[\"dreamsv3\",232,8,8,8],[\"dreamsv3\",144,0,16,16],[\"dreamsv3\",208,8,8,8],[\"dreamsv3\",160,0,16,16],[\"dreamsv3\",128,0,16,16],[\"dreamsv3\",304,0,16,16],[\"dreamsv3\",112,0,16,16],[\"dreamsv3\",320,0,16,16],[\"dreamsv3\",288,0,16,16],[\"dreamsv3\",96,0,16,16],[\"dreamsv3\",272,0,16,16],[\"dreamsv3\",240,0,16,16],[\"dreamsv3\",48,0,16,16],[\"dreamsv3\",64,0,16,16],[\"dreamsv3\",80,0,16,16],[\"dreamsv3\",200,0,8,8],[\"dreamsv3\",176,0,8,8],[\"dreamsv3\",48,0,8,8],[\"dreamsv3\",72,0,8,8],[\"dreamsv3\",128,8,8,8],[\"dreamsv3\",152,8,8,8],[\"dreamsv3\",64,0,8,8],[\"dreamsv3\",144,8,8,8],[\"dreamsv3\",88,0,8,8],[\"dreamsv3\",168,8,8,8],[\"dreamsv3\",160,16,8,8],[\"dreamsv3\",168,16,8,8],[\"dreamsv3\",176,16,8,8],[\"dreamsv3\",184,16,8,8],[\"dreamsv3\",192,16,8,8],[\"dreamsv3\",200,16,8,8],[\"dreamsv3\",160,24,8,8],[\"dreamsv3\",168,24,8,8],[\"dreamsv3\",176,24,8,8],[\"dreamsv3\",184,24,8,8],[\"dreamsv3\",192,24,8,8],[\"dreamsv3\",200,24,8,8],[\"dreamsv3\",160,32,8,8],[\"dreamsv3\",168,32,8,8],[\"dreamsv3\",176,32,8,8],[\"dreamsv3\",184,32,8,8],[\"dreamsv3\",192,32,8,8],[\"dreamsv3\",200,32,8,8],[\"dreamsv3\",160,40,8,8],[\"dreamsv3\",168,40,8,8],[\"dreamsv3\",176,40,8,8],[\"dreamsv3\",184,40,8,8],[\"dreamsv3\",192,40,8,8],[\"dreamsv3\",200,40,8,8],[\"dungeon\",16,304,16,32],[\"custom_a\",0,0,16,16],[\"dreamsv3\",208,16,8,8],[\"dreamsv3\",216,16,8,8],[\"dreamsv3\",224,16,8,8],[\"dreamsv3\",232,16,8,8],[\"dreamsv3\",208,24,8,8],[\"dreamsv3\",216,24,8,8],[\"dreamsv3\",224,24,8,8],[\"dreamsv3\",232,24,8,8],[\"dreamsv3\",208,32,8,8],[\"dreamsv3\",216,32,8,8],[\"dreamsv3\",224,32,8,8],[\"dreamsv3\",232,32,8,8],[\"dreamsv3\",208,40,8,8],[\"dreamsv3\",216,40,8,8],[\"dreamsv3\",224,40,8,8],[\"dreamsv3\",232,40,8,8],[\"dreamsv3\",320,16,16,14],[\"dungeon\",880,200,32,32],[\"dreamsv3\",416,16,32,25],[\"dreamsv3\",448,16,16,16],[\"dreamsv3\",400,16,16,19],[\"dreamsv3\",336,16,16,28]],\"placements\":[[0,0,0,4320,3040],[2,0,0,4336,0],[2,0,16,4336,16],[2,0,32,4336,32],[2,0,48,4336,48],[2,0,64,4336,64],[2,0,80,4336,80],[2,0,96,4336,96],[2,0,112,4336,112],[2,0,128,4336,128],[2,0,144,2816,144],[3,2824,152],[4,2832,144,2976,144],[2,2992,144],[5,2992,152],[2,3008,144,4336,144],[2,0,160,2800,160],[3,2808,168],[6,2816,160],[1,2832,160,2992,160],[7,2992,160],[2,3008,160],[5,3008,168],[2,3024,160,4336,160],[2,0,176,2784,176],[3,2792,184],[6,2800,176],[1,2816,176,3008,176],[7,3008,176],[2,3024,176],[5,3024,184],[2,3040,176,4336,176],[2,0,192,720,192],[3,728,200],[4,736,192,944,192],[2,960,192],[5,960,200],[2,976,192,1152,192],[3,1160,200],[4,1168,192,1472,192],[2,1488,192],[5,1488,200],[2,1504,192,2768,192],[3,2776,200],[6,2784,192],[1,2800,192,3024,192],[7,3024,192],[2,3040,192],[5,3040,200],[2,3056,192,4336,192],[2,0,208,704,208],[3,712,216],[6,720,208],[1,736,208,960,208],[7,960,208],[2,976,208],[5,976,216],[2,992,208,1136,208],[3,1144,216],[6,1152,208],[1,1168,208,1488,208],[7,1488,208],[2,1504,208],[5,1504,216],[2,1520,208,2752,208],[3,2760,216],[6,2768,208],[1,2784,208,2816,208],[8,2832,208,2976,208],[1,2992,208,3040,208],[7,3040,208],[2,3056,208],[5,3056,216],[2,3072,208,3904,208],[3,3912,216],[4,3920,208,4064,208],[2,4080,208],[5,4080,216],[2,4096,208,4336,208],[2,0,224,688,224],[3,696,232],[6,704,224],[1,720,224,976,224],[7,976,224],[2,992,224],[5,992,232],[2,1008,224,1120,224],[3,1128,232],[6,1136,224],[1,1152,224,1504,224],[7,1504,224],[2,1520,224],[5,1520,232],[2,1536,224,2736,224],[9,2752,224],[1,2768,224,2800,224],[10,2816,224],[11,2992,224],[1,3008,224,3056,224],[12,3056,224],[2,3072,224,3888,224],[3,3896,232],[6,3904,224],[1,3920,224,4080,224],[7,4080,224],[2,4096,224],[5,4096,232],[2,4112,224,4336,224],[2,0,240,672,240],[9,688,240],[1,704,240,992,240],[12,992,240],[2,1008,240,1104,240],[3,1112,248],[6,1120,240],[1,1136,240,1520,240],[7,1520,240],[2,1536,240],[5,1536,248],[2,1552,240,2368,240],[3,2376,248],[4,2384,240,2736,240],[6,2752,240],[1,2768,240,2784,240],[10,2800,240],[11,3008,240],[1,3024,240,3056,240],[12,3056,240],[2,3072,240,3872,240],[3,3880,248],[6,3888,240],[1,3904,240,4096,240],[7,4096,240],[2,4112,240],[5,4112,248],[2,4128,240,4336,240],[2,0,256,672,256],[9,688,256],[1,704,256,720,256],[8,736,256,944,256],[1,960,256,992,256],[12,992,256],[2,1008,256,1088,256],[9,1104,256],[1,1120,256,1152,256],[8,1168,256,1472,256],[1,1488,256,1536,256],[12,1536,256],[2,1552,256,2352,256],[9,2368,256],[1,2384,256,2768,256],[10,2784,256],[11,3024,256],[1,3040,256,3056,256],[12,3056,256],[2,3072,256,3856,256],[3,3864,264],[6,3872,256],[1,3888,256,4112,256],[7,4112,256],[2,4128,256],[5,4128,264],[2,4144,256,4336,256],[2,0,272,672,272],[9,688,272],[1,704,272],[10,720,272],[11,960,272],[1,976,272,992,272],[12,992,272],[2,1008,272,1088,272],[9,1104,272],[1,1120,272,1136,272],[10,1152,272],[11,1488,272],[1,1504,272,1536,272],[12,1536,272],[2,1552,272,2336,272],[3,2344,280],[4,2352,272],[6,2368,272],[1,2384,272,2752,272],[10,2768,272],[11,3040,272],[12,3056,272],[2,3072,272,3840,272],[3,3848,280],[6,3856,272],[1,3872,272,3904,272],[8,3920,272,4064,272],[1,4080,272,4128,272],[7,4128,272],[2,4144,272],[5,4144,280],[2,4160,272,4336,272],[2,0,288,672,288],[9,688,288],[10,704,288],[11,976,288],[12,992,288],[2,1008,288,1088,288],[9,1104,288],[1,1120,288],[10,1136,288],[11,1504,288],[1,1520,288,1536,288],[12,1536,288],[2,1552,288,2320,288],[3,2328,296],[6,2336,288],[1,2352,288,2736,288],[13,2752,288],[12,3056,288],[2,3072,288,3824,288],[9,3840,288],[1,3856,288,3888,288],[10,3904,288],[11,4080,288],[1,4096,288,4144,288],[12,4144,288],[2,4160,288,4336,288],[2,0,304,256,304],[3,264,312],[4,272,304,672,304],[6,688,304],[12,992,304],[2,1008,304,1088,304],[9,1104,304],[10,1120,304],[11,1520,304],[12,1536,304],[2,1552,304,2304,304],[3,2312,312],[6,2320,304],[1,2336,304,2368,304],[8,2384,304,2736,304],[10,2752,304],[12,3056,304],[2,3072,304,3824,304],[9,3840,304],[1,3856,304,3872,304],[10,3888,304],[11,4096,304],[1,4112,304,4144,304],[12,4144,304],[2,4160,304,4336,304],[2,0,320,240,320],[3,248,328],[6,256,320],[1,272,320,672,320],[13,688,320],[7,992,320],[4,1008,320,1088,320],[6,1104,320],[12,1536,320],[2,1552,320,2288,320],[3,2296,328],[6,2304,320],[1,2320,320,2352,320],[13,2368,320],[12,3056,320],[2,3072,320,3824,320],[9,3840,320],[1,3856,320],[10,3872,320],[11,4112,320],[1,4128,320,4144,320],[12,4144,320],[2,4160,320,4336,320],[2,0,336,224,336],[3,232,344],[6,240,336],[1,256,336,672,336],[13,688,336],[14,992,336],[1,1008,336,1088,336],[13,1104,336],[12,1536,336],[2,1552,336,1856,336],[3,1864,344],[4,1872,336,2272,336],[6,2288,336],[1,2304,336,2336,336],[8,2352,336],[10,2368,336],[12,3056,336],[2,3072,336,3824,336],[9,3840,336],[10,3856,336],[11,4128,336],[12,4144,336],[2,4160,336,4336,336],[2,0,352,208,352],[3,216,360],[6,224,352],[1,240,352,672,352],[13,688,352],[14,992,352],[1,1008,352,1088,352],[13,1104,352],[12,1536,352],[2,1552,352,1840,352],[9,1856,352],[1,1872,352,2320,352],[10,2336,352],[12,3056,352],[2,3072,352,3824,352],[9,3840,352],[12,4144,352],[2,4160,352,4336,352],[2,0,368,192,368],[3,200,376],[6,208,368],[1,224,368,256,368],[8,272,368,672,368],[10,688,368],[14,992,368],[1,1008,368,1088,368],[13,1104,368],[12,1536,368],[2,1552,368,1840,368],[9,1856,368],[1,1872,368,2304,368],[10,2320,368],[12,3056,368],[2,3072,368,3824,368],[9,3840,368],[12,4144,368],[2,4160,368,4336,368],[2,0,384,176,384],[9,192,384],[1,208,384,240,384],[10,256,384],[11,992,384],[8,1008,384,1088,384],[10,1104,384],[12,1536,384],[2,1552,384,1840,384],[9,1856,384],[1,1872,384,2288,384],[10,2304,384],[12,3056,384],[2,3072,384,3824,384],[9,3840,384],[12,4144,384],[2,4160,384,4336,384],[2,0,400,176,400],[9,192,400],[1,208,400,224,400],[10,240,400],[12,1536,400],[2,1552,400,1840,400],[9,1856,400],[8,1872,400,2272,400],[10,2288,400],[12,3056,400],[2,3072,400,3824,400],[9,3840,400],[12,4144,400],[2,4160,400,4336,400],[2,0,416,176,416],[9,192,416],[1,208,416],[10,224,416],[12,1536,416],[2,1552,416,1840,416],[9,1856,416],[12,3056,416],[2,3072,416,3824,416],[9,3840,416],[12,4144,416],[2,4160,416,4336,416],[2,0,432,176,432],[9,192,432],[10,208,432],[12,1536,432],[2,1552,432,1840,432],[9,1856,432],[12,3056,432],[2,3072,432,3824,432],[9,3840,432],[12,4144,432],[2,4160,432,4336,432],[2,0,448,176,448],[9,192,448],[12,1536,448],[2,1552,448,1680,448],[3,1688,456],[4,1696,448,1840,448],[6,1856,448],[15,2592,448],[16,2608,448,2736,448],[17,2752,448],[12,3056,448],[2,3072,448,3824,448],[9,3840,448],[12,4144,448],[2,4160,448,4336,448],[2,0,464,176,464],[9,192,464],[12,1536,464],[2,1552,464,1664,464],[9,1680,464],[1,1696,464,1840,464],[13,1856,464],[12,2592,464],[2,2608,464,2736,464],[9,2752,464],[12,3056,464],[2,3072,464,3200,464],[3,3208,472],[4,3216,464,3392,464],[2,3408,464],[5,3408,472],[2,3424,464,3824,464],[9,3840,464],[12,4144,464],[2,4160,464,4336,464],[2,0,480,176,480],[9,192,480],[12,1536,480],[2,1552,480,1664,480],[9,1680,480],[1,1696,480,1840,480],[13,1856,480],[12,2592,480],[2,2608,480,2752,480],[18,2760,480],[17,2768,480],[15,3040,480],[2,3056,480],[19,3056,480],[2,3072,480,3184,480],[3,3192,488],[6,3200,480],[1,3216,480,3408,480],[7,3408,480],[2,3424,480],[5,3424,488],[2,3440,480,3824,480],[9,3840,480],[12,4144,480],[2,4160,480,4336,480],[2,0,496,176,496],[9,192,496],[12,1536"}]
42["map_chunk",{"run":"20ad9698e52bc3915eea310a","index":1,"count":15,"text":",496],[2,1552,496,1664,496],[9,1680,496],[1,1696,496,1840,496],[13,1856,496],[12,2592,496],[2,2608,496,2768,496],[18,2776,496],[17,2784,496],[15,3024,496],[2,3040,496],[19,3040,496],[2,3056,496,3168,496],[3,3176,504],[6,3184,496],[1,3200,496,3424,496],[7,3424,496],[2,3440,496],[5,3440,504],[2,3456,496,3824,496],[9,3840,496],[12,4144,496],[2,4160,496,4336,496],[2,0,512,176,512],[9,192,512],[15,480,512],[16,496,512,672,512],[17,688,512],[12,1536,512],[2,1552,512,1664,512],[9,1680,512],[8,1696,512,1840,512],[10,1856,512],[12,2592,512],[2,2608,512,2784,512],[18,2792,512],[17,2800,512],[20,3008,512],[21,3016,512],[22,3008,520],[23,3016,520],[4,3024,512,3152,512],[6,3168,512],[1,3184,512,3440,512],[7,3440,512],[2,3456,512],[5,3456,520],[2,3472,512,3824,512],[9,3840,512],[12,4144,512],[2,4160,512,4336,512],[2,0,528,176,528],[9,192,528],[12,480,528],[2,496,528,672,528],[9,688,528],[15,992,528],[16,1008,528,1088,528],[17,1104,528],[12,1536,528],[2,1552,528,1664,528],[9,1680,528],[12,2592,528],[2,2608,528,2800,528],[18,2808,528],[17,2816,528],[14,3008,528],[1,3024,528,3200,528],[8,3216,528,3392,528],[1,3408,528,3456,528],[7,3456,528],[2,3472,528],[5,3472,536],[2,3488,528,3824,528],[9,3840,528],[12,4144,528],[2,4160,528,4336,528],[2,0,544,176,544],[9,192,544],[12,480,544],[2,496,544,672,544],[9,688,544],[12,992,544],[2,1008,544,1088,544],[9,1104,544],[12,1536,544],[2,1552,544,1664,544],[9,1680,544],[15,2176,544],[16,2192,544,2272,544],[17,2288,544],[12,2592,544],[2,2608,544,2816,544],[18,2824,544],[17,2832,544],[14,3008,544],[1,3024,544,3184,544],[10,3200,544],[11,3408,544],[1,3424,544,3472,544],[12,3472,544],[2,3488,544,3824,544],[9,3840,544],[12,4144,544],[2,4160,544,4336,544],[2,0,560,176,560],[9,192,560],[12,480,560],[2,496,560,672,560],[9,688,560],[12,992,560],[2,1008,560,1088,560],[9,1104,560],[12,1536,560],[2,1552,560,1664,560],[9,1680,560],[12,2176,560],[2,2192,560,2288,560],[18,2296,560],[17,2304,560],[15,2576,560],[2,2592,560],[19,2592,560],[2,2608,560,2816,560],[9,2832,560],[14,3008,560],[1,3024,560,3168,560],[10,3184,560],[11,3424,560],[1,3440,560,3472,560],[12,3472,560],[2,3488,560,3824,560],[9,3840,560],[12,4144,560],[2,4160,560,4336,560],[2,0,576,176,576],[9,192,576],[12,480,576],[2,496,576,672,576],[9,688,576],[12,992,576],[2,1008,576,1088,576],[9,1104,576],[12,1536,576],[2,1552,576,1664,576],[9,1680,576],[12,2176,576],[2,2192,576,2304,576],[18,2312,576],[17,2320,576],[15,2560,576],[2,2576,576],[19,2576,576],[2,2592,576,2816,576],[9,2832,576],[11,3008,576],[8,3024,576,3152,576],[10,3168,576],[11,3440,576],[1,3456,576,3472,576],[12,3472,576],[2,3488,576,3824,576],[9,3840,576],[12,4144,576],[2,4160,576,4336,576],[2,0,592,176,592],[9,192,592],[12,480,592],[2,496,592,672,592],[9,688,592],[12,992,592],[2,1008,592,1088,592],[9,1104,592],[12,1536,592],[2,1552,592,1664,592],[9,1680,592],[12,2176,592],[2,2192,592,2320,592],[18,2328,592],[17,2336,592],[15,2544,592],[2,2560,592],[19,2560,592],[2,2576,592,2816,592],[9,2832,592],[11,3456,592],[12,3472,592],[2,3488,592,3824,592],[9,3840,592],[12,4144,592],[2,4160,592,4336,592],[2,0,608,176,608],[9,192,608],[12,480,608],[2,496,608,688,608],[18,696,608],[17,704,608],[15,976,608],[2,992,608],[19,992,608],[2,1008,608,1104,608],[18,1112,608],[17,1120,608],[15,1520,608],[2,1536,608],[19,1536,608],[2,1552,608,1664,608],[9,1680,608],[12,2176,608],[2,2192,608,2336,608],[18,2344,608],[16,2352,608,2368,608],[17,2384,608],[15,2528,608],[2,2544,608],[19,2544,608],[2,2560,608,2816,608],[9,2832,608],[12,3472,608],[2,3488,608,3840,608],[18,3848,608],[17,3856,608],[15,4128,608],[2,4144,608],[19,4144,608],[2,4160,608,4336,608],[2,0,624,192,624],[18,200,624],[17,208,624],[15,464,624],[2,480,624],[19,480,624],[2,496,624,704,624],[18,712,624],[17,720,624],[15,960,624],[2,976,624],[19,976,624],[2,992,624,1120,624],[18,1128,624],[17,1136,624],[15,1504,624],[2,1520,624],[19,1520,624],[2,1536,624,1664,624],[9,1680,624],[12,2176,624],[2,2192,624,2368,624],[9,2384,624],[12,2528,624],[2,2544,624,2816,624],[9,2832,624],[12,3472,624],[2,3488,624,3856,624],[18,3864,624],[17,3872,624],[15,4112,624],[2,4128,624],[19,4128,624],[2,4144,624,4336,624],[2,0,640,208,640],[18,216,640],[17,224,640],[15,448,640],[2,464,640],[19,464,640],[2,480,640,720,640],[18,728,640],[16,736,640,944,640],[2,960,640],[19,960,640],[2,976,640,1136,640],[18,1144,640],[17,1152,640],[15,1488,640],[2,1504,640],[19,1504,640],[2,1520,640,1664,640],[9,1680,640],[12,2176,640],[2,2192,640,2368,640],[9,2384,640],[12,2528,640],[2,2544,640,2816,640],[9,2832,640],[12,3472,640],[2,3488,640,3872,640],[18,3880,640],[17,3888,640],[15,4096,640],[2,4112,640],[19,4112,640],[2,4128,640,4336,640],[2,0,656,224,656],[18,232,656],[17,240,656],[12,448,656],[2,464,656,1152,656],[18,1160,656],[16,1168,656,1232,656],[17,1248,656],[15,1392,656],[16,1408,656,1472,656],[2,1488,656],[19,1488,656],[2,1504,656,1664,656],[9,1680,656],[12,2176,656],[2,2192,656,2368,656],[9,2384,656],[12,2528,656],[2,2544,656,2816,656],[9,2832,656],[12,3472,656],[2,3488,656,3888,656],[18,3896,656],[17,3904,656],[15,4080,656],[2,4096,656],[19,4096,656],[2,4112,656,4336,656],[2,0,672,240,672],[18,248,672],[17,256,672],[12,448,672],[2,464,672,1232,672],[9,1248,672],[12,1392,672],[2,1408,672,1664,672],[9,1680,672],[12,2176,672],[2,2192,672,2368,672],[9,2384,672],[12,2528,672],[2,2544,672,2816,672],[9,2832,672],[12,3472,672],[2,3488,672,3904,672],[18,3912,672],[17,3920,672],[15,4064,672],[2,4080,672],[19,4080,672],[2,4096,672,4336,672],[2,0,688,256,688],[18,264,688],[16,272,688,288,688],[17,304,688],[12,448,688],[2,464,688,1232,688],[9,1248,688],[12,1392,688],[2,1408,688,1664,688],[9,1680,688],[12,2176,688],[2,2192,688,2368,688],[9,2384,688],[12,2528,688],[2,2544,688,2816,688],[9,2832,688],[12,3472,688],[2,3488,688,3904,688],[9,3920,688],[12,4064,688],[2,4080,688,4336,688],[2,0,704,288,704],[9,304,704],[12,448,704],[2,464,704,1232,704],[9,1248,704],[12,1392,704],[2,1408,704,1664,704],[9,1680,704],[12,2176,704],[2,2192,704,2368,704],[9,2384,704],[12,2528,704],[2,2544,704,2816,704],[9,2832,704],[15,3456,704],[2,3472,704],[19,3472,704],[2,3488,704,3904,704],[9,3920,704],[12,4064,704],[2,4080,704,4336,704],[2,0,720,288,720],[9,304,720],[12,448,720],[2,464,720,1232,720],[9,1248,720],[12,1392,720],[2,1408,720,1664,720],[9,1680,720],[12,2176,720],[2,2192,720,2368,720],[9,2384,720],[12,2528,720],[2,2544,720,2816,720],[9,2832,720],[15,2976,720],[16,2992,720,3152,720],[17,3168,720],[15,3440,720],[2,3456,720],[19,3456,720],[2,3472,720,3904,720],[9,3920,720],[12,4064,720],[2,4080,720,4336,720],[2,0,736,288,736],[9,304,736],[12,448,736],[2,464,736,1232,736],[9,1248,736],[12,1392,736],[2,1408,736,1664,736],[9,1680,736],[12,2176,736],[2,2192,736,2368,736],[9,2384,736],[12,2528,736],[2,2544,736,2816,736],[9,2832,736],[12,2976,736],[2,2992,736,3168,736],[18,3176,736],[17,3184,736],[15,3424,736],[2,3440,736],[19,3440,736],[2,3456,736,3904,736],[9,3920,736],[12,4064,736],[2,4080,736,4336,736],[2,0,752,288,752],[9,304,752],[12,448,752],[2,464,752,1232,752],[9,1248,752],[12,1392,752],[2,1408,752,1664,752],[9,1680,752],[12,2176,752],[2,2192,752,2368,752],[9,2384,752],[12,2528,752],[2,2544,752,2816,752],[9,2832,752],[12,2976,752],[2,2992,752,3184,752],[18,3192,752],[17,3200,752],[15,3408,752],[2,3424,752],[19,3424,752],[2,3440,752,3904,752],[9,3920,752],[12,4064,752],[2,4080,752,4336,752],[2,0,768,288,768],[9,304,768],[12,448,768],[2,464,768,1232,768],[9,1248,768],[12,1392,768],[2,1408,768,1680,768],[18,1688,768],[16,1696,768,1776,768],[17,1792,768],[15,1936,768],[16,1952,768,2160,768],[2,2176,768],[19,2176,768],[2,2192,768,2368,768],[9,2384,768],[12,2528,768],[2,2544,768,2768,768],[3,2776,776],[4,2784,768,2816,768],[6,2832,768],[7,2976,768],[4,2992,768],[2,3008,768],[5,3008,776],[2,3024,768,3200,768],[18,3208,768],[16,3216,768],[17,3232,768],[15,3376,768],[16,3392,768],[2,3408,768],[19,3408,768],[2,3424,768,3904,768],[9,3920,768],[12,4064,768],[2,4080,768,4336,768],[2,0,784,288,784],[9,304,784],[12,448,784],[2,464,784,1232,784],[9,1248,784],[12,1392,784],[2,1408,784,1776,784],[9,1792,784],[12,1936,784],[2,1952,784,2368,784],[9,2384,784],[12,2528,784],[2,2544,784,2752,784],[3,2760,792],[6,2768,784],[1,2784,784,2816,784],[13,2832,784],[14,2976,784],[1,2992,784,3008,784],[7,3008,784],[2,3024,784],[5,3024,792],[2,3040,784,3216,784],[9,3232,784],[12,3376,784],[2,3392,784,3904,784],[9,3920,784],[12,4064,784],[2,4080,784,4336,784],[2,0,800,288,800],[9,304,800],[12,448,800],[2,464,800,1232,800],[9,1248,800],[12,1392,800],[2,1408,800,1776,800],[9,1792,800],[12,1936,800],[2,1952,800,2368,800],[9,2384,800],[12,2528,800],[2,2544,800,2736,800],[3,2744,808],[6,2752,800],[1,2768,800,2816,800],[13,2832,800],[14,2976,800],[1,2992,800,3024,800],[7,3024,800],[2,3040,800],[5,3040,808],[2,3056,800,3216,800],[9,3232,800],[12,3376,800],[2,3392,800,3680,800],[3,3688,808],[4,3696,800,3904,800],[6,3920,800],[12,4064,800],[2,4080,800,4336,800],[2,0,816,288,816],[9,304,816],[12,448,816],[2,464,816,1232,816],[9,1248,816],[12,1392,816],[2,1408,816,1776,816],[9,1792,816],[12,1936,816],[2,1952,816,2272,816],[3,2280,824],[4,2288,816,2368,816],[6,2384,816],[7,2528,816],[4,2544,816,2640,816],[2,2656,816],[5,2656,824],[2,2672,816,2720,816],[9,2736,816],[1,2752,816,2816,816],[13,2832,816],[14,2976,816],[1,2992,816,3040,816],[12,3040,816],[2,3056,816,3216,816],[9,3232,816],[12,3376,816],[2,3392,816,3664,816],[9,3680,816],[1,3696,816,3904,816],[13,3920,816],[12,4064,816],[2,4080,816,4336,816],[2,0,832,288,832],[9,304,832],[12,448,832],[2,464,832,1232,832],[9,1248,832],[12,1392,832],[2,1408,832,1776,832],[9,1792,832],[12,1936,832],[2,1952,832,2256,832],[9,2272,832],[1,2288,832,2368,832],[13,2384,832],[14,2528,832],[1,2544,832,2656,832],[12,2656,832],[2,2672,832,2720,832],[9,2736,832],[1,2752,832,2768,832],[8,2784,832,2816,832],[10,2832,832],[11,2976,832],[8,2992,832],[1,3008,832,3040,832],[12,3040,832],[2,3056,832,3136,832],[3,3144,840],[4,3152,832,3216,832],[6,3232,832],[7,3376,832],[4,3392,832,3424,832],[2,3440,832],[5,3440,840],[2,3456,832,3664,832],[9,3680,832],[1,3696,832,3904,832],[13,3920,832],[12,4064,832],[2,4080,832,4336,832],[2,0,848,288,848],[9,304,848],[12,448,848],[2,464,848,1232,848],[9,1248,848],[12,1392,848],[2,1408,848,1776,848],[9,1792,848],[12,1936,848],[2,1952,848,2256,848],[9,2272,848],[1,2288,848,2368,848],[13,2384,848],[14,2528,848],[1,2544,848,2656,848],[12,2656,848],[2,2672,848,2720,848],[9,2736,848],[1,2752,848],[10,2768,848],[11,3008,848],[1,3024,848,3040,848],[12,3040,848],[2,3056,848,3120,848],[9,3136,848],[1,3152,848,3216,848],[13,3232,848],[14,3376,848],[1,3392,848,3440,848],[12,3440,848],[2,3456,848,3664,848],[9,3680,848],[1,3696,848,3904,848],[13,3920,848],[12,4064,848],[2,4080,848,4336,848],[2,0,864,288,864],[9,304,864],[12,448,864],[2,464,864,1232,864],[9,1248,864],[12,1392,864],[2,1408,864,1776,864],[9,1792,864],[12,1936,864],[2,1952,864,2256,864],[9,2272,864],[1,2288,864,2368,864],[13,2384,864],[14,2528,864],[1,2544,864,2656,864],[7,2656,864],[4,2672,864,2720,864],[6,2736,864],[10,2752,864],[11,3024,864],[12,3040,864],[2,3056,864,3120,864],[9,3136,864],[1,3152,864,3216,864],[13,3232,864],[14,3376,864],[1,3392,864,3440,864],[12,3440,864],[2,3456,864,3664,864],[9,3680,864],[8,3696,864,3904,864],[10,3920,864],[12,4064,864],[2,4080,864,4336,864],[2,0,880,288,880],[9,304,880],[12,448,880],[2,464,880,1232,880],[9,1248,880],[12,1392,880],[2,1408,880,1776,880],[9,1792,880],[12,1936,880],[2,1952,880,2256,880],[9,2272,880],[8,2288,880,2368,880],[10,2384,880],[11,2528,880],[8,2544,880,2640,880],[1,2656,880,2720,880],[13,2736,880],[12,3040,880],[2,3056,880,3120,880],[9,3136,880],[1,3152,880,3216,880],[13,3232,880],[14,3376,880],[1,3392,880,3440,880],[12,3440,880],[2,3456,880,3664,880],[9,3680,880],[12,4064,880],[2,4080,880,4336,880],[2,0,896,224,896],[3,232,904],[4,240,896,288,896],[6,304,896],[7,448,896],[4,464,896,512,896],[2,528,896],[5,528,904],[2,544,896,1152,896],[3,1160,904],[4,1168,896,1232,896],[6,1248,896],[7,1392,896],[4,1408,896,1488,896],[2,1504,896],[5,1504,904],[2,15"}]
42["map_chunk",{"run":"20ad9698e52bc3915eea310a","index":2,"count":15,"text":"20,896,1776,896],[9,1792,896],[12,1936,896],[2,1952,896,2256,896],[9,2272,896],[14,2656,896],[1,2672,896,2720,896],[13,2736,896],[12,3040,896],[2,3056,896,3120,896],[9,3136,896],[8,3152,896,3216,896],[10,3232,896],[11,3376,896],[8,3392,896,3424,896],[7,3440,896],[4,3456,896,3664,896],[6,3680,896],[12,4064,896],[2,4080,896,4336,896],[2,0,912,208,912],[9,224,912],[1,240,912,288,912],[13,304,912],[14,448,912],[1,464,912,528,912],[12,528,912],[2,544,912,1136,912],[3,1144,920],[6,1152,912],[1,1168,912,1232,912],[13,1248,912],[14,1392,912],[1,1408,912,1504,912],[7,1504,912],[2,1520,912],[5,1520,920],[2,1536,912,1776,912],[9,1792,912],[12,1936,912],[2,1952,912,2256,912],[9,2272,912],[14,2656,912],[1,2672,912,2720,912],[13,2736,912],[12,3040,912],[2,3056,912,3120,912],[9,3136,912],[14,3440,912],[1,3456,912,3664,912],[13,3680,912],[12,4064,912],[2,4080,912,4336,912],[2,0,928,208,928],[9,224,928],[1,240,928,288,928],[13,304,928],[14,448,928],[1,464,928,528,928],[12,528,928],[2,544,928,1120,928],[3,1128,936],[6,1136,928],[1,1152,928,1232,928],[13,1248,928],[14,1392,928],[1,1408,928,1520,928],[7,1520,928],[2,1536,928],[5,1536,936],[2,1552,928,1776,928],[9,1792,928],[12,1936,928],[2,1952,928,2256,928],[9,2272,928],[11,2656,928],[8,2672,928,2720,928],[10,2736,928],[12,3040,928],[2,3056,928,3120,928],[9,3136,928],[14,3440,928],[1,3456,928,3664,928],[13,3680,928],[12,4064,928],[2,4080,928,4336,928],[2,0,944,208,944],[9,224,944],[1,240,944,288,944],[13,304,944],[14,448,944],[1,464,944,528,944],[12,528,944],[2,544,944,1104,944],[3,1112,952],[6,1120,944],[1,1136,944,1232,944],[13,1248,944],[14,1392,944],[1,1408,944,1536,944],[7,1536,944],[2,1552,944],[5,1552,952],[2,1568,944,1776,944],[9,1792,944],[12,1936,944],[2,1952,944,2256,944],[9,2272,944],[7,3040,944],[4,3056,944,3120,944],[6,3136,944],[14,3440,944],[1,3456,944,3664,944],[13,3680,944],[12,4064,944],[2,4080,944,4336,944],[2,0,960,208,960],[9,224,960],[8,240,960,288,960],[10,304,960],[11,448,960],[8,464,960,512,960],[12,528,960],[2,544,960,1088,960],[9,1104,960],[1,1120,960,1152,960],[8,1168,960,1232,960],[10,1248,960],[11,1392,960],[8,1408,960,1488,960],[1,1504,960,1552,960],[12,1552,960],[2,1568,960,1664,960],[3,1672,968],[4,1680,960,1776,960],[6,1792,960],[7,1936,960],[4,1952,960,2048,960],[2,2064,960],[5,2064,968],[2,2080,960,2256,960],[9,2272,960],[14,3040,960],[1,3056,960,3120,960],[13,3136,960],[11,3440,960],[8,3456,960,3664,960],[10,3680,960],[12,4064,960],[2,4080,960,4336,960],[2,0,976,208,976],[9,224,976],[12,528,976],[2,544,976,1088,976],[9,1104,976],[1,1120,976,1136,976],[10,1152,976],[11,1504,976],[1,1520,976,1552,976],[12,1552,976],[2,1568,976,1648,976],[9,1664,976],[1,1680,976,1776,976],[13,1792,976],[14,1936,976],[1,1952,976,2064,976],[12,2064,976],[2,2080,976,2256,976],[9,2272,976],[14,3040,976],[1,3056,976,3120,976],[13,3136,976],[12,4064,976],[2,4080,976,4336,976],[2,0,992,208,992],[9,224,992],[12,528,992],[2,544,992,1088,992],[9,1104,992],[1,1120,992],[10,1136,992],[11,1520,992],[1,1536,992,1552,992],[12,1552,992],[2,1568,992,1648,992],[9,1664,992],[1,1680,992,1776,992],[13,1792,992],[14,1936,992],[1,1952,992,2064,992],[12,2064,992],[2,2080,992,2256,992],[9,2272,992],[14,3040,992],[1,3056,992,3120,992],[13,3136,992],[12,4064,992],[2,4080,992,4336,992],[2,0,1008,208,1008],[9,224,1008],[12,528,1008],[2,544,1008,1088,1008],[9,1104,1008],[10,1120,1008],[11,1536,1008],[12,1552,1008],[2,1568,1008,1648,1008],[9,1664,1008],[1,1680,1008,1776,1008],[13,1792,1008],[14,1936,1008],[1,1952,1008,2064,1008],[12,2064,1008],[2,2080,1008,2256,1008],[9,2272,1008],[11,3040,1008],[8,3056,1008,3120,1008],[10,3136,1008],[12,4064,1008],[2,4080,1008,4336,1008],[2,0,1024,208,1024],[9,224,1024],[12,528,1024],[2,544,1024,1088,1024],[9,1104,1024],[12,1552,1024],[2,1568,1024,1648,1024],[9,1664,1024],[8,1680,1024,1776,1024],[10,1792,1024],[11,1936,1024],[8,1952,1024,2048,1024],[12,2064,1024],[2,2080,1024,2256,1024],[9,2272,1024],[12,4064,1024],[2,4080,1024,4336,1024],[2,0,1040,208,1040],[9,224,1040],[12,528,1040],[2,544,1040,1088,1040],[9,1104,1040],[12,1552,1040],[2,1568,1040,1648,1040],[9,1664,1040],[12,2064,1040],[2,2080,1040,2256,1040],[9,2272,1040],[12,4064,1040],[2,4080,1040,4336,1040],[2,0,1056,208,1056],[9,224,1056],[12,528,1056],[2,544,1056,1088,1056],[9,1104,1056],[12,1552,1056],[2,1568,1056,1648,1056],[9,1664,1056],[12,2064,1056],[2,2080,1056,2256,1056],[9,2272,1056],[12,4064,1056],[2,4080,1056,4336,1056],[2,0,1072,208,1072],[9,224,1072],[12,528,1072],[2,544,1072,1088,1072],[9,1104,1072],[7,1552,1072],[4,1568,1072,1648,1072],[6,1664,1072],[12,2064,1072],[2,2080,1072,2256,1072],[9,2272,1072],[15,2656,1072],[16,2672,1072,2720,1072],[17,2736,1072],[12,4064,1072],[2,4080,1072,4336,1072],[2,0,1088,208,1088],[9,224,1088],[12,528,1088],[2,544,1088,1088,1088],[9,1104,1088],[14,1552,1088],[1,1568,1088,1648,1088],[13,1664,1088],[12,2064,1088],[2,2080,1088,2256,1088],[9,2272,1088],[12,2656,1088],[2,2672,1088,2720,1088],[9,2736,1088],[12,4064,1088],[2,4080,1088,4336,1088],[2,0,1104,208,1104],[9,224,1104],[12,528,1104],[2,544,1104,1088,1104],[9,1104,1104],[14,1552,1104],[1,1568,1104,1648,1104],[13,1664,1104],[12,2064,1104],[2,2080,1104,2256,1104],[9,2272,1104],[12,2656,1104],[2,2672,1104,2720,1104],[9,2736,1104],[15,3440,1104],[16,3456,1104,3664,1104],[17,3680,1104],[15,4000,1104],[16,4016,1104,4048,1104],[2,4064,1104],[19,4064,1104],[2,4080,1104,4336,1104],[2,0,1120,208,1120],[9,224,1120],[12,528,1120],[2,544,1120,1088,1120],[9,1104,1120],[14,1552,1120],[1,1568,1120,1648,1120],[13,1664,1120],[12,2064,1120],[2,2080,1120,2256,1120],[9,2272,1120],[12,2656,1120],[2,2672,1120,2720,1120],[9,2736,1120],[12,3440,1120],[2,3456,1120,3664,1120],[9,3680,1120],[12,4000,1120],[2,4016,1120,4336,1120],[2,0,1136,208,1136],[9,224,1136],[12,528,1136],[2,544,1136,1088,1136],[9,1104,1136],[11,1552,1136],[8,1568,1136,1648,1136],[10,1664,1136],[12,2064,1136],[2,2080,1136,2272,1136],[18,2280,1136],[16,2288,1136,2640,1136],[2,2656,1136],[19,2656,1136],[2,2672,1136,2720,1136],[9,2736,1136],[12,3440,1136],[2,3456,1136,3664,1136],[9,3680,1136],[12,4000,1136],[2,4016,1136,4336,1136],[2,0,1152,208,1152],[9,224,1152],[12,528,1152],[2,544,1152,1104,1152],[18,1112,1152],[17,1120,1152],[12,2064,1152],[2,2080,1152,2720,1152],[9,2736,1152],[15,3040,1152],[16,3056,1152,3120,1152],[17,3136,1152],[12,3440,1152],[2,3456,1152,3664,1152],[9,3680,1152],[12,4000,1152],[2,4016,1152,4336,1152],[2,0,1168,208,1168],[9,224,1168],[12,528,1168],[2,544,1168,1120,1168],[18,1128,1168],[17,1136,1168],[12,2064,1168],[2,2080,1168,2736,1168],[18,2744,1168],[17,2752,1168],[15,3024,1168],[2,3040,1168],[19,3040,1168],[2,3056,1168,3120,1168],[9,3136,1168],[12,3440,1168],[2,3456,1168,3664,1168],[9,3680,1168],[12,4000,1168],[2,4016,1168,4336,1168],[2,0,1184,208,1184],[9,224,1184],[12,528,1184],[2,544,1184,1136,1184],[18,1144,1184],[17,1152,1184],[12,2064,1184],[2,2080,1184,2752,1184],[18,2760,1184],[17,2768,1184],[15,3008,1184],[2,3024,1184],[19,3024,1184],[2,3040,1184,3120,1184],[9,3136,1184],[12,3440,1184],[2,3456,1184,3664,1184],[9,3680,1184],[12,4000,1184],[2,4016,1184,4336,1184],[2,0,1200,208,1200],[9,224,1200],[12,528,1200],[2,544,1200,1152,1200],[18,1160,1200],[16,1168,1200,1232,1200],[17,1248,1200],[12,2064,1200],[2,2080,1200,2768,1200],[18,2776,1200],[16,2784,1200,2992,1200],[2,3008,1200],[19,3008,1200],[2,3024,1200,3120,1200],[9,3136,1200],[12,3440,1200],[2,3456,1200,3680,1200],[18,3688,1200],[16,3696,1200,3744,1200],[17,3760,1200],[15,3904,1200],[16,3920,1200,3984,1200],[2,4000,1200],[19,4000,1200],[2,4016,1200,4336,1200],[2,0,1216,208,1216],[9,224,1216],[12,528,1216],[2,544,1216,1232,1216],[9,1248,1216],[12,2064,1216],[2,2080,1216,3120,1216],[9,3136,1216],[12,3440,1216],[2,3456,1216,3744,1216],[9,3760,1216],[12,3904,1216],[2,3920,1216,4336,1216],[2,0,1232,208,1232],[9,224,1232],[12,528,1232],[2,544,1232,1232,1232],[9,1248,1232],[12,2064,1232],[2,2080,1232,3120,1232],[9,3136,1232],[12,3440,1232],[2,3456,1232,3744,1232],[9,3760,1232],[12,3904,1232],[2,3920,1232,4336,1232],[2,0,1248,208,1248],[9,224,1248],[12,528,1248],[2,544,1248,1232,1248],[9,1248,1248],[12,2064,1248],[2,2080,1248,3120,1248],[9,3136,1248],[12,3440,1248],[2,3456,1248,3744,1248],[9,3760,1248],[12,3904,1248],[2,3920,1248,4336,1248],[2,0,1264,208,1264],[9,224,1264],[12,528,1264],[2,544,1264,1232,1264],[9,1248,1264],[12,2064,1264],[2,2080,1264,3120,1264],[9,3136,1264],[12,3440,1264],[2,3456,1264,3744,1264],[9,3760,1264],[12,3904,1264],[2,3920,1264,4336,1264],[2,0,1280,208,1280],[9,224,1280],[12,528,1280],[2,544,1280,1248,1280],[18,1256,1280],[16,1264,1280,1648,1280],[17,1664,1280],[12,2064,1280],[2,2080,1280,3136,1280],[18,3144,1280],[16,3152,1280,3424,1280],[2,3440,1280],[19,3440,1280],[2,3456,1280,3744,1280],[9,3760,1280],[12,3904,1280],[2,3920,1280,4336,1280],[2,0,1296,208,1296],[9,224,1296],[12,528,1296],[2,544,1296,736,1296],[3,744,1304],[4,752,1296,960,1296],[2,976,1296],[5,976,1304],[2,992,1296,1648,1296],[9,1664,1296],[12,2064,1296],[2,2080,1296,3744,1296],[9,3760,1296],[12,3904,1296],[2,3920,1296,4336,1296],[2,0,1312,208,1312],[9,224,1312],[12,528,1312],[2,544,1312,720,1312],[3,728,1320],[6,736,1312],[1,752,1312,976,1312],[7,976,1312],[2,992,1312],[5,992,1320],[2,1008,1312,1648,1312],[9,1664,1312],[12,2064,1312],[2,2080,1312,3744,1312],[9,3760,1312],[12,3904,1312],[2,3920,1312,4336,1312],[2,0,1328,224,1328],[18,232,1328],[16,240,1328,512,1328],[2,528,1328],[19,528,1328],[2,544,1328,704,1328],[3,712,1336],[6,720,1328],[1,736,1328,992,1328],[7,992,1328],[2,1008,1328],[5,1008,1336],[2,1024,1328,1648,1328],[9,1664,1328],[12,2064,1328],[2,2080,1328,3744,1328],[9,3760,1328],[12,3904,1328],[2,3920,1328,4336,1328],[2,0,1344,688,1344],[9,704,1344],[1,720,1344,1008,1344],[12,1008,1344],[2,1024,1344,1648,1344],[9,1664,1344],[12,2064,1344],[2,2080,1344,3744,1344],[9,3760,1344],[12,3904,1344],[2,3920,1344,4336,1344],[2,0,1360,688,1360],[9,704,1360],[1,720,1360,736,1360],[8,752,1360,960,1360],[1,976,1360,1008,1360],[12,1008,1360],[2,1024,1360,1648,1360],[9,1664,1360],[12,2064,1360],[2,2080,1360,3744,1360],[9,3760,1360],[12,3904,1360],[2,3920,1360,4336,1360],[2,0,1376,688,1376],[9,704,1376],[1,720,1376],[10,736,1376],[11,976,1376],[1,992,1376,1008,1376],[12,1008,1376],[2,1024,1376,1648,1376],[9,1664,1376],[12,2064,1376],[2,2080,1376,3744,1376],[9,3760,1376],[12,3904,1376],[2,3920,1376,4336,1376],[2,0,1392,688,1392],[9,704,1392],[10,720,1392],[11,992,1392],[12,1008,1392],[2,1024,1392,1664,1392],[18,1672,1392],[16,1680,1392,2048,1392],[2,2064,1392],[19,2064,1392],[2,2080,1392,3744,1392],[9,3760,1392],[12,3904,1392],[2,3920,1392,4336,1392],[2,0,1408,688,1408],[9,704,1408],[12,1008,1408],[2,1024,1408,3744,1408],[9,3760,1408],[12,3904,1408],[2,3920,1408,4336,1408],[2,0,1424,688,1424],[9,704,1424],[12,1008,1424],[2,1024,1424,3360,1424],[3,3368,1432],[4,3376,1424,3632,1424],[2,3648,1424],[5,3648,1432],[2,3664,1424,3744,1424],[9,3760,1424],[12,3904,1424],[2,3920,1424,4336,1424],[2,0,1440,688,1440],[9,704,1440],[12,1008,1440],[2,1024,1440,3344,1440],[3,3352,1448],[6,3360,1440],[1,3376,1440,3648,1440],[7,3648,1440],[2,3664,1440],[5,3664,1448],[2,3680,1440,3744,1440],[9,3760,1440],[12,3904,1440],[2,3920,1440,4336,1440],[2,0,1456,688,1456],[9,704,1456],[12,1008,1456],[2,1024,1456,3328,1456],[3,3336,1464],[6,3344,1456],[1,3360,1456,3664,1456],[7,3664,1456],[2,3680,1456],[5,3680,1464],[2,3696,1456,3744,1456],[9,3760,1456],[7,3904,1456],[4,3920,1456,4000,1456],[2,4016,1456],[5,4016,1464],[2,4032,1456,4336,1456],[2,0,1472,688,1472],[9,704,1472],[12,1008,1472],[2,1024,1472,3312,1472],[9,3328,1472],[1,3344,1472,3680,1472],[12,3680,1472],[2,3696,1472,3744,1472],[9,3760,1472],[14,3904,1472],[1,3920,1472,4016,1472],[7,4016,1472],[2,4032,1472],[5,4032,1480],[2,4048,1472,4336,1472],[2,0,1488,688,1488],[9,704,1488],[12,1008,1488],[2,1024,1488,3312,1488],[9,3328,1488],[1,3344,1488,3360,1488],[8,3376,1488,3632,1488],[1,3648,1488,3680,1488],[12,3680,1488],[2,3696,1488,3744,1488],[9,3760,1488],[14,3904,1488],[1,3920,1488,4032,1488],[7,4032,1488],[2,4048,1488],[5,4048,14"}]
42["map_chunk",{"run":"20ad9698e52bc3915eea310a","index":3,"count":15,"text":"96],[2,4064,1488,4336,1488],[2,0,1504,688,1504],[9,704,1504],[12,1008,1504],[2,1024,1504,2896,1504],[3,2904,1512],[4,2912,1504,3088,1504],[2,3104,1504],[5,3104,1512],[2,3120,1504,3312,1504],[9,3328,1504],[1,3344,1504],[10,3360,1504],[11,3648,1504],[1,3664,1504,3680,1504],[12,3680,1504],[2,3696,1504,3744,1504],[9,3760,1504],[14,3904,1504],[1,3920,1504,4048,1504],[7,4048,1504],[2,4064,1504],[5,4064,1512],[2,4080,1504,4336,1504],[2,0,1520,688,1520],[9,704,1520],[12,1008,1520],[2,1024,1520,2880,1520],[3,2888,1528],[6,2896,1520],[1,2912,1520,3104,1520],[7,3104,1520],[4,3120,1520,3312,1520],[6,3328,1520],[10,3344,1520],[11,3664,1520],[7,3680,1520],[4,3696,1520,3744,1520],[6,3760,1520],[11,3904,1520],[8,3920,1520,4000,1520],[1,4016,1520,4064,1520],[7,4064,1520],[2,4080,1520],[5,4080,1528],[2,4096,1520,4336,1520],[2,0,1536,688,1536],[9,704,1536],[12,1008,1536],[2,1024,1536,2864,1536],[3,2872,1544],[6,2880,1536],[1,2896,1536,3312,1536],[13,3328,1536],[14,3680,1536],[1,3696,1536,3744,1536],[13,3760,1536],[11,4016,1536],[1,4032,1536,4080,1536],[12,4080,1536],[2,4096,1536,4336,1536],[2,0,1552,688,1552],[9,704,1552],[12,1008,1552],[2,1024,1552,2848,1552],[3,2856,1560],[6,2864,1552],[1,2880,1552,3312,1552],[13,3328,1552],[14,3680,1552],[1,3696,1552,3744,1552],[13,3760,1552],[11,4032,1552],[1,4048,1552,4080,1552],[12,4080,1552],[2,4096,1552,4336,1552],[2,0,1568,688,1568],[9,704,1568],[12,1008,1568],[2,1024,1568,2832,1568],[9,2848,1568],[1,2864,1568,2896,1568],[8,2912,1568,3088,1568],[1,3104,1568,3312,1568],[13,3328,1568],[14,3680,1568],[1,3696,1568,3744,1568],[13,3760,1568],[11,4048,1568],[1,4064,1568,4080,1568],[12,4080,1568],[2,4096,1568,4336,1568],[2,0,1584,688,1584],[9,704,1584],[12,1008,1584],[2,1024,1584,2832,1584],[9,2848,1584],[1,2864,1584,2880,1584],[10,2896,1584],[11,3104,1584],[8,3120,1584,3312,1584],[10,3328,1584],[11,3680,1584],[8,3696,1584,3744,1584],[10,3760,1584],[11,4064,1584],[12,4080,1584],[2,4096,1584,4336,1584],[2,0,1600,688,1600],[9,704,1600],[12,1008,1600],[2,1024,1600,2832,1600],[9,2848,1600],[1,2864,1600],[10,2880,1600],[12,4080,1600],[2,4096,1600,4336,1600],[2,0,1616,688,1616],[9,704,1616],[12,1008,1616],[2,1024,1616,2832,1616],[9,2848,1616],[10,2864,1616],[12,4080,1616],[2,4096,1616,4336,1616],[2,0,1632,704,1632],[18,712,1632],[17,720,1632],[15,992,1632],[2,1008,1632],[19,1008,1632],[2,1024,1632,2832,1632],[9,2848,1632],[12,4080,1632],[2,4096,1632,4336,1632],[2,0,1648,720,1648],[18,728,1648],[17,736,1648],[15,976,1648],[2,992,1648],[19,992,1648],[2,1008,1648,2832,1648],[9,2848,1648],[12,4080,1648],[2,4096,1648,4336,1648],[2,0,1664,736,1664],[18,744,1664],[16,752,1664,768,1664],[17,784,1664],[15,928,1664],[16,944,1664,960,1664],[2,976,1664],[19,976,1664],[2,992,1664,2496,1664],[3,2504,1672],[4,2512,1664,2656,1664],[2,2672,1664],[5,2672,1672],[2,2688,1664,2832,1664],[9,2848,1664],[12,4080,1664],[2,4096,1664,4336,1664],[2,0,1680,768,1680],[9,784,1680],[12,928,1680],[2,944,1680,2480,1680],[3,2488,1688],[6,2496,1680],[1,2512,1680,2672,1680],[7,2672,1680],[2,2688,1680],[5,2688,1688],[2,2704,1680,2832,1680],[9,2848,1680],[12,4080,1680],[2,4096,1680,4336,1680],[2,0,1696,768,1696],[9,784,1696],[12,928,1696],[2,944,1696,2464,1696],[3,2472,1704],[6,2480,1696],[1,2496,1696,2688,1696],[7,2688,1696],[2,2704,1696],[5,2704,1704],[2,2720,1696,2832,1696],[9,2848,1696],[12,4080,1696],[2,4096,1696,4336,1696],[2,0,1712,768,1712],[9,784,1712],[12,928,1712],[2,944,1712,2448,1712],[3,2456,1720],[6,2464,1712],[1,2480,1712,2704,1712],[7,2704,1712],[2,2720,1712],[5,2720,1720],[2,2736,1712,2832,1712],[9,2848,1712],[12,4080,1712],[2,4096,1712,4336,1712],[2,0,1728,768,1728],[9,784,1728],[12,928,1728],[2,944,1728,2432,1728],[3,2440,1736],[6,2448,1728],[1,2464,1728,2496,1728],[8,2512,1728,2656,1728],[1,2672,1728,2720,1728],[7,2720,1728],[2,2736,1728],[5,2736,1736],[2,2752,1728,2832,1728],[9,2848,1728],[15,3152,1728],[16,3168,1728,3312,1728],[17,3328,1728],[15,3680,1728],[16,3696,1728,3744,1728],[17,3760,1728],[12,4080,1728],[2,4096,1728,4336,1728],[2,0,1744,768,1744],[9,784,1744],[12,928,1744],[2,944,1744,1920,1744],[3,1928,1752],[4,1936,1744,2416,1744],[6,2432,1744],[1,2448,1744,2480,1744],[10,2496,1744],[11,2672,1744],[1,2688,1744,2736,1744],[7,2736,1744],[4,2752,1744,2832,1744],[6,2848,1744],[12,3152,1744],[2,3168,1744,3312,1744],[9,3328,1744],[12,3680,1744],[2,3696,1744,3744,1744],[9,3760,1744],[12,4080,1744],[2,4096,1744,4336,1744],[2,0,1760,768,1760],[9,784,1760],[12,928,1760],[2,944,1760,1904,1760],[9,1920,1760],[1,1936,1760,2464,1760],[10,2480,1760],[11,2688,1760],[1,2704,1760,2832,1760],[13,2848,1760],[12,3152,1760],[2,3168,1760,3312,1760],[9,3328,1760],[12,3680,1760],[2,3696,1760,3760,1760],[18,3768,1760],[17,3776,1760],[12,4080,1760],[2,4096,1760,4336,1760],[2,0,1776,768,1776],[9,784,1776],[7,928,1776],[4,944,1776,1040,1776],[2,1056,1776],[5,1056,1784],[2,1072,1776,1904,1776],[9,1920,1776],[1,1936,1776,2448,1776],[10,2464,1776],[11,2704,1776],[1,2720,1776,2832,1776],[13,2848,1776],[12,3152,1776],[2,3168,1776,3312,1776],[9,3328,1776],[12,3680,1776],[2,3696,1776,3760,1776],[9,3776,1776],[12,4080,1776],[2,4096,1776,4336,1776],[2,0,1792,768,1792],[9,784,1792],[14,928,1792],[1,944,1792,1056,1792],[7,1056,1792],[2,1072,1792],[5,1072,1800],[2,1088,1792,1904,1792],[9,1920,1792],[1,1936,1792,2432,1792],[10,2448,1792],[11,2720,1792],[1,2736,1792,2832,1792],[13,2848,1792],[12,3152,1792],[2,3168,1792,3312,1792],[9,3328,1792],[12,3680,1792],[2,3696,1792,3760,1792],[9,3776,1792],[12,4080,1792],[2,4096,1792,4336,1792],[2,0,1808,768,1808],[9,784,1808],[14,928,1808],[1,944,1808,1072,1808],[7,1072,1808],[2,1088,1808],[5,1088,1816],[2,1104,1808,1904,1808],[9,1920,1808],[8,1936,1808,2416,1808],[10,2432,1808],[11,2736,1808],[8,2752,1808,2832,1808],[10,2848,1808],[12,3152,1808],[2,3168,1808,3328,1808],[18,3336,1808],[17,3344,1808],[15,3664,1808],[2,3680,1808],[19,3680,1808],[2,3696,1808,3776,1808],[18,3784,1808],[17,3792,1808],[15,4064,1808],[2,4080,1808],[19,4080,1808],[2,4096,1808,4336,1808],[2,0,1824,768,1824],[9,784,1824],[14,928,1824],[1,944,1824,1088,1824],[7,1088,1824],[2,1104,1824],[5,1104,1832],[2,1120,1824,1904,1824],[9,1920,1824],[12,3152,1824],[2,3168,1824,3344,1824],[18,3352,1824],[17,3360,1824],[15,3648,1824],[2,3664,1824],[19,3664,1824],[2,3680,1824,3792,1824],[18,3800,1824],[17,3808,1824],[15,4048,1824],[2,4064,1824],[19,4064,1824],[2,4080,1824,4336,1824],[2,0,1840,768,1840],[9,784,1840],[11,928,1840],[8,944,1840,1040,1840],[1,1056,1840,1104,1840],[7,1104,1840],[2,1120,1840],[5,1120,1848],[2,1136,1840,1904,1840],[9,1920,1840],[12,3152,1840],[2,3168,1840,3360,1840],[18,3368,1840],[16,3376,1840,3632,1840],[2,3648,1840],[19,3648,1840],[2,3664,1840,3808,1840],[18,3816,1840],[17,3824,1840],[15,4032,1840],[2,4048,1840],[19,4048,1840],[2,4064,1840,4336,1840],[2,0,1856,768,1856],[9,784,1856],[11,1056,1856],[1,1072,1856,1120,1856],[12,1120,1856],[2,1136,1856,1904,1856],[9,1920,1856],[12,3152,1856],[2,3168,1856,3824,1856],[18,3832,1856],[17,3840,1856],[15,4016,1856],[2,4032,1856],[19,4032,1856],[2,4048,1856,4336,1856],[2,0,1872,352,1872],[3,360,1880],[4,368,1872,608,1872],[2,624,1872],[5,624,1880],[2,640,1872,768,1872],[9,784,1872],[11,1072,1872],[1,1088,1872,1120,1872],[12,1120,1872],[2,1136,1872,1904,1872],[9,1920,1872],[12,3152,1872],[2,3168,1872,3840,1872],[18,3848,1872],[17,3856,1872],[15,4000,1872],[2,4016,1872],[19,4016,1872],[2,4032,1872,4336,1872],[2,0,1888,336,1888],[3,344,1896],[6,352,1888],[1,368,1888,624,1888],[7,624,1888],[2,640,1888],[5,640,1896],[2,656,1888,768,1888],[9,784,1888],[11,1088,1888],[1,1104,1888,1120,1888],[12,1120,1888],[2,1136,1888,1280,1888],[3,1288,1896],[4,1296,1888,1536,1888],[2,1552,1888],[5,1552,1896],[2,1568,1888,1904,1888],[9,1920,1888],[12,3152,1888],[2,3168,1888,3840,1888],[9,3856,1888],[12,4000,1888],[2,4016,1888,4336,1888],[2,0,1904,320,1904],[3,328,1912],[6,336,1904],[1,352,1904,640,1904],[7,640,1904],[2,656,1904],[5,656,1912],[2,672,1904,768,1904],[9,784,1904],[11,1104,1904],[12,1120,1904],[2,1136,1904,1264,1904],[3,1272,1912],[6,1280,1904],[1,1296,1904,1552,1904],[7,1552,1904],[2,1568,1904],[5,1568,1912],[2,1584,1904,1904,1904],[9,1920,1904],[12,3152,1904],[2,3168,1904,3840,1904],[9,3856,1904],[12,4000,1904],[2,4016,1904,4336,1904],[2,0,1920,304,1920],[3,312,1928],[6,320,1920],[1,336,1920,656,1920],[7,656,1920],[2,672,1920],[5,672,1928],[2,688,1920,768,1920],[9,784,1920],[12,1120,1920],[2,1136,1920,1248,1920],[3,1256,1928],[6,1264,1920],[1,1280,1920,1568,1920],[7,1568,1920],[2,1584,1920],[5,1584,1928],[2,1600,1920,1904,1920],[9,1920,1920],[15,3136,1920],[2,3152,1920],[19,3152,1920],[2,3168,1920,3840,1920],[9,3856,1920],[12,4000,1920],[2,4016,1920,4336,1920],[2,0,1936,288,1936],[9,304,1936],[1,320,1936,352,1936],[8,368,1936,608,1936],[1,624,1936,672,1936],[12,672,1936],[2,688,1936,768,1936],[9,784,1936],[12,1120,1936],[2,1136,1936,1232,1936],[3,1240,1944],[6,1248,1936],[1,1264,1936,1584,1936],[7,1584,1936],[2,1600,1936],[5,1600,1944],[2,1616,1936,1904,1936],[9,1920,1936],[15,3120,1936],[2,3136,1936],[19,3136,1936],[2,3152,1936,3840,1936],[9,3856,1936],[12,4000,1936],[2,4016,1936,4336,1936],[2,0,1952,288,1952],[9,304,1952],[1,320,1952,336,1952],[10,352,1952],[11,624,1952],[1,640,1952,672,1952],[12,672,1952],[2,688,1952,768,1952],[9,784,1952],[7,1120,1952],[4,1136,1952,1216,1952],[6,1232,1952],[1,1248,1952,1280,1952],[8,1296,1952,1536,1952],[1,1552,1952,1600,1952],[12,1600,1952],[2,1616,1952,1872,1952],[3,1880,1960],[4,1888,1952,1904,1952],[6,1920,1952],[20,2064,1952],[21,2072,1952],[22,2064,1960],[23,2072,1960],[24,2080,1952],[21,2088,1952],[25,2080,1960],[23,2088,1960],[24,2096,1952],[21,2104,1952],[25,2096,1960],[23,2104,1960],[16,2112,1952,2400,1952],[17,2416,1952],[15,2736,1952],[16,2752,1952,2880,1952],[17,2896,1952],[15,3104,1952],[2,3120,1952],[19,3120,1952],[2,3136,1952,3840,1952],[9,3856,1952],[12,4000,1952],[2,4016,1952,4336,1952],[2,0,1968,288,1968],[9,304,1968],[1,320,1968],[10,336,1968],[11,640,1968],[1,656,1968,672,1968],[12,672,1968],[2,688,1968,768,1968],[9,784,1968],[14,1120,1968],[1,1136,1968,1264,1968],[10,1280,1968],[11,1552,1968],[1,1568,1968,1600,1968],[12,1600,1968],[2,1616,1968,1856,1968],[3,1864,1976],[6,1872,1968],[1,1888,1968,1904,1968],[13,1920,1968],[14,2064,1968],[1,2080,1968,2112,1968],[7,2112,1968],[2,2128,1968],[5,2128,1976],[2,2144,1968,2400,1968],[9,2416,1968],[15,2720,1968],[2,2736,1968],[19,2736,1968],[2,2752,1968,2896,1968],[18,2904,1968],[16,2912,1968,3088,1968],[2,3104,1968],[19,3104,1968],[2,3120,1968,3840,1968],[9,3856,1968],[12,4000,1968],[2,4016,1968,4336,1968],[2,0,1984,288,1984],[9,304,1984],[10,320,1984],[11,656,1984],[12,672,1984],[2,688,1984,768,1984],[9,784,1984],[14,1120,1984],[1,1136,1984,1248,1984],[10,1264,1984],[11,1568,1984],[1,1584,1984,1600,1984],[12,1600,1984],[2,1616,1984,1840,1984],[3,1848,1992],[6,1856,1984],[1,1872,1984,1904,1984],[13,1920,1984],[14,2064,1984],[1,2080,1984,2128,1984],[7,2128,1984],[2,2144,1984],[5,2144,1992],[2,2160,1984,2400,1984],[9,2416,1984],[15,2704,1984],[2,2720,1984],[19,2720,1984],[2,2736,1984,3840,1984],[9,3856,1984],[12,4000,1984],[2,4016,1984,4336,1984],[2,0,2000,288,2000],[9,304,2000],[7,672,2000],[4,688,2000,768,2000],[6,784,2000],[14,1120,2000],[1,1136,2000,1232,2000],[10,1248,2000],[11,1584,2000],[7,1600,2000],[4,1616,2000,1824,2000],[6,1840,2000],[1,1856,2000,1904,2000],[13,1920,2000],[14,2064,2000],[1,2080,2000,2144,2000],[7,2144,2000],[2,2160,2000],[5,2160,2008],[2,2176,2000,2400,2000],[9,2416,2000],[15,2688,2000],[2,2704,2000],[19,2704,2000],[2,2720,2000,3840,2000],[9,3856,2000],[12,4000,2000],[2,4016,2000,4336,2000],[2,0,2016,288,2016],[9,304,2016],[14,672,2016],[1,688,2016,768,2016],[13,784,2016],[11,1120,2016],[8,1136,2016,1216,2016],[10,1232,2016],[14,1600,2016],[1,1616,2016,1872,2016],[8,1888,2016,1904,2016],[10,1920,2016],[11,2064,2016],[8,2080,2016,2096,2016],[1,2112,2016,2160,2016],[12,2160,2016],[2,2176,2016,2400,2016],[9,2416,2016],[15,2672,2016],[2,2688,2016],[19,2688,2016],[2,2704,2016,3840,2016],[9,3856,2016],[12,4000,2016],[2,4016,2016,4336,"}]
42["map_chunk",{"run":"20ad9698e52bc3915eea310a","index":4,"count":15,"text":"2016],[2,0,2032,288,2032],[9,304,2032],[14,672,2032],[1,688,2032,768,2032],[13,784,2032],[14,1600,2032],[1,1616,2032,1856,2032],[10,1872,2032],[11,2112,2032],[1,2128,2032,2160,2032],[12,2160,2032],[2,2176,2032,2400,2032],[9,2416,2032],[15,2560,2032],[16,2576,2032,2656,2032],[2,2672,2032],[19,2672,2032],[2,2688,2032,3840,2032],[9,3856,2032],[12,4000,2032],[2,4016,2032,4336,2032],[2,0,2048,288,2048],[9,304,2048],[14,672,2048],[1,688,2048,768,2048],[13,784,2048],[14,1600,2048],[1,1616,2048,1840,2048],[10,1856,2048],[11,2128,2048],[1,2144,2048,2160,2048],[12,2160,2048],[2,2176,2048,2400,2048],[9,2416,2048],[12,2560,2048],[2,2576,2048,3840,2048],[9,3856,2048],[12,4000,2048],[2,4016,2048,4336,2048],[2,0,2064,288,2064],[9,304,2064],[11,672,2064],[8,688,2064,768,2064],[10,784,2064],[11,1600,2064],[8,1616,2064,1824,2064],[10,1840,2064],[11,2144,2064],[12,2160,2064],[2,2176,2064,2400,2064],[9,2416,2064],[12,2560,2064],[2,2576,2064,3840,2064],[9,3856,2064],[12,4000,2064],[2,4016,2064,4336,2064],[2,0,2080,288,2080],[9,304,2080],[12,2160,2080],[2,2176,2080,2400,2080],[9,2416,2080],[12,2560,2080],[2,2576,2080,3840,2080],[9,3856,2080],[12,4000,2080],[2,4016,2080,4336,2080],[2,0,2096,288,2096],[9,304,2096],[12,2160,2096],[2,2176,2096,2400,2096],[9,2416,2096],[12,2560,2096],[2,2576,2096,3840,2096],[9,3856,2096],[12,4000,2096],[2,4016,2096,4336,2096],[2,0,2112,288,2112],[9,304,2112],[12,2160,2112],[2,2176,2112,2400,2112],[9,2416,2112],[12,2560,2112],[2,2576,2112,3840,2112],[9,3856,2112],[12,4000,2112],[2,4016,2112,4336,2112],[2,0,2128,288,2128],[9,304,2128],[12,2160,2128],[2,2176,2128,2400,2128],[9,2416,2128],[12,2560,2128],[2,2576,2128,3840,2128],[9,3856,2128],[12,4000,2128],[2,4016,2128,4336,2128],[2,0,2144,288,2144],[9,304,2144],[12,2160,2144],[2,2176,2144,2400,2144],[9,2416,2144],[12,2560,2144],[2,2576,2144,3840,2144],[9,3856,2144],[12,4000,2144],[2,4016,2144,4336,2144],[2,0,2160,288,2160],[9,304,2160],[15,1072,2160],[16,1088,2160,1216,2160],[17,1232,2160],[12,2160,2160],[2,2176,2160,2400,2160],[9,2416,2160],[12,2560,2160],[2,2576,2160,3792,2160],[3,3800,2168],[4,3808,2160,3840,2160],[6,3856,2160],[7,4000,2160],[4,4016,2160,4032,2160],[2,4048,2160],[5,4048,2168],[2,4064,2160,4336,2160],[2,0,2176,288,2176],[9,304,2176],[15,1056,2176],[2,1072,2176],[19,1072,2176],[2,1088,2176,1232,2176],[18,1240,2176],[17,1248,2176],[12,2160,2176],[2,2176,2176,2400,2176],[9,2416,2176],[12,2560,2176],[2,2576,2176,3776,2176],[3,3784,2184],[6,3792,2176],[1,3808,2176,3840,2176],[13,3856,2176],[14,4000,2176],[1,4016,2176,4048,2176],[7,4048,2176],[2,4064,2176],[5,4064,2184],[2,4080,2176,4336,2176],[2,0,2192,288,2192],[9,304,2192],[15,1024,2192],[16,1040,2192],[2,1056,2192],[19,1056,2192],[2,1072,2192,1248,2192],[18,1256,2192],[17,1264,2192],[12,2160,2192],[2,2176,2192,2400,2192],[9,2416,2192],[12,2560,2192],[2,2576,2192,3760,2192],[3,3768,2200],[6,3776,2192],[1,3792,2192,3840,2192],[13,3856,2192],[14,4000,2192],[1,4016,2192,4064,2192],[7,4064,2192],[2,4080,2192],[5,4080,2200],[2,4096,2192,4336,2192],[2,0,2208,288,2208],[9,304,2208],[15,672,2208],[16,688,2208,1008,2208],[2,1024,2208],[19,1024,2208],[2,1040,2208,1264,2208],[18,1272,2208],[17,1280,2208],[15,1552,2208],[16,1568,2208,1824,2208],[17,1840,2208],[15,2144,2208],[2,2160,2208],[19,2160,2208],[2,2176,2208,2400,2208],[9,2416,2208],[12,2560,2208],[2,2576,2208,3744,2208],[9,3760,2208],[1,3776,2208,3840,2208],[13,3856,2208],[14,4000,2208],[1,4016,2208,4080,2208],[12,4080,2208],[2,4096,2208,4336,2208],[2,0,2224,288,2224],[9,304,2224],[12,672,2224],[2,688,2224,1280,2224],[18,1288,2224],[16,1296,2224],[17,1312,2224],[15,1456,2224],[16,1472,2224,1536,2224],[2,1552,2224],[19,1552,2224],[2,1568,2224,1840,2224],[18,1848,2224],[17,1856,2224],[15,2128,2224],[2,2144,2224],[19,2144,2224],[2,2160,2224,2400,2224],[9,2416,2224],[12,2560,2224],[2,2576,2224,3744,2224],[9,3760,2224],[1,3776,2224,3792,2224],[8,3808,2224,3840,2224],[10,3856,2224],[11,4000,2224],[8,4016,2224,4032,2224],[1,4048,2224,4080,2224],[12,4080,2224],[2,4096,2224,4336,2224],[2,0,2240,288,2240],[9,304,2240],[12,672,2240],[2,688,2240,1296,2240],[9,1312,2240],[12,1456,2240],[2,1472,2240,1856,2240],[18,1864,2240],[17,1872,2240],[15,2112,2240],[2,2128,2240],[19,2128,2240],[2,2144,2240,2304,2240],[3,2312,2248],[4,2320,2240,2400,2240],[6,2416,2240],[7,2560,2240],[4,2576,2240,2656,2240],[2,2672,2240],[5,2672,2248],[2,2688,2240,3744,2240],[9,3760,2240],[1,3776,2240],[10,3792,2240],[11,4048,2240],[1,4064,2240,4080,2240],[12,4080,2240],[2,4096,2240,4336,2240],[2,0,2256,288,2256],[9,304,2256],[12,672,2256],[2,688,2256,1296,2256],[9,1312,2256],[12,1456,2256],[2,1472,2256,1872,2256],[18,1880,2256],[16,1888,2256,1904,2256],[17,1920,2256],[15,2064,2256],[16,2080,2256,2096,2256],[2,2112,2256],[19,2112,2256],[2,2128,2256,2288,2256],[9,2304,2256],[1,2320,2256,2400,2256],[13,2416,2256],[14,2560,2256],[1,2576,2256,2672,2256],[12,2672,2256],[2,2688,2256,3744,2256],[9,3760,2256],[10,3776,2256],[11,4064,2256],[12,4080,2256],[2,4096,2256,4336,2256],[2,0,2272,288,2272],[9,304,2272],[12,672,2272],[2,688,2272,1296,2272],[9,1312,2272],[12,1456,2272],[2,1472,2272,1904,2272],[9,1920,2272],[12,2064,2272],[2,2080,2272,2288,2272],[9,2304,2272],[1,2320,2272,2400,2272],[13,2416,2272],[14,2560,2272],[1,2576,2272,2672,2272],[12,2672,2272],[2,2688,2272,3744,2272],[9,3760,2272],[12,4080,2272],[2,4096,2272,4336,2272],[2,0,2288,304,2288],[18,312,2288],[17,320,2288],[15,656,2288],[2,672,2288],[19,672,2288],[2,688,2288,1296,2288],[9,1312,2288],[12,1456,2288],[2,1472,2288,1904,2288],[9,1920,2288],[7,2064,2288],[4,2080,2288,2288,2288],[6,2304,2288],[1,2320,2288,2400,2288],[13,2416,2288],[14,2560,2288],[1,2576,2288,2672,2288],[12,2672,2288],[2,2688,2288,3744,2288],[9,3760,2288],[12,4080,2288],[2,4096,2288,4336,2288],[2,0,2304,320,2304],[18,328,2304],[17,336,2304],[15,640,2304],[2,656,2304],[19,656,2304],[2,672,2304,1296,2304],[9,1312,2304],[12,1456,2304],[2,1472,2304,1904,2304],[9,1920,2304],[14,2064,2304],[1,2080,2304,2304,2304],[8,2320,2304,2400,2304],[10,2416,2304],[11,2560,2304],[8,2576,2304,2656,2304],[12,2672,2304],[2,2688,2304,3744,2304],[9,3760,2304],[12,4080,2304],[2,4096,2304,4336,2304],[2,0,2320,336,2320],[18,344,2320],[17,352,2320],[15,624,2320],[2,640,2320],[19,640,2320],[2,656,2320,1296,2320],[9,1312,2320],[12,1456,2320],[2,1472,2320,1904,2320],[3,1912,2328],[6,1920,2320],[14,2064,2320],[1,2080,2320,2288,2320],[13,2304,2320],[12,2672,2320],[2,2688,2320,3744,2320],[9,3760,2320],[12,4080,2320],[2,4096,2320,4336,2320],[2,0,2336,352,2336],[18,360,2336],[16,368,2336,400,2336],[17,416,2336],[15,560,2336],[16,576,2336,608,2336],[2,624,2336],[19,624,2336],[2,640,2336,1296,2336],[9,1312,2336],[12,1456,2336],[2,1472,2336,1888,2336],[3,1896,2344],[6,1904,2336],[13,1920,2336],[14,2064,2336],[1,2080,2336,2288,2336],[13,2304,2336],[12,2672,2336],[2,2688,2336,3744,2336],[9,3760,2336],[12,4080,2336],[2,4096,2336,4336,2336],[2,0,2352,400,2352],[9,416,2352],[12,560,2352],[2,576,2352,1296,2352],[9,1312,2352],[12,1456,2352],[2,1472,2352,1872,2352],[3,1880,2360],[6,1888,2352],[1,1904,2352],[13,1920,2352],[11,2064,2352],[8,2080,2352,2288,2352],[10,2304,2352],[12,2672,2352],[2,2688,2352,3328,2352],[3,3336,2360],[4,3344,2352,3664,2352],[2,3680,2352],[5,3680,2360],[2,3696,2352,3744,2352],[9,3760,2352],[12,4080,2352],[2,4096,2352,4336,2352],[2,0,2368,400,2368],[9,416,2368],[12,560,2368],[2,576,2368,1296,2368],[9,1312,2368],[12,1456,2368],[2,1472,2368,1856,2368],[9,1872,2368],[1,1888,2368,1904,2368],[13,1920,2368],[12,2672,2368],[2,2688,2368,3312,2368],[9,3328,2368],[1,3344,2368,3680,2368],[12,3680,2368],[2,3696,2368,3744,2368],[9,3760,2368],[12,4080,2368],[2,4096,2368,4336,2368],[2,0,2384,400,2384],[9,416,2384],[12,560,2384],[2,576,2384,1296,2384],[9,1312,2384],[12,1456,2384],[2,1472,2384,1856,2384],[9,1872,2384],[1,1888,2384,1904,2384],[10,1920,2384],[12,2672,2384],[2,2688,2384,3312,2384],[9,3328,2384],[1,3344,2384,3680,2384],[12,3680,2384],[2,3696,2384,3744,2384],[9,3760,2384],[12,4080,2384],[2,4096,2384,4336,2384],[2,0,2400,256,2400],[3,264,2408],[4,272,2400,400,2400],[6,416,2400],[7,560,2400],[4,576,2400],[2,592,2400],[5,592,2408],[2,608,2400,1296,2400],[3,1304,2408],[6,1312,2400],[7,1456,2400],[4,1472,2400],[2,1488,2400],[5,1488,2408],[2,1504,2400,1856,2400],[9,1872,2400],[1,1888,2400],[10,1904,2400],[12,2672,2400],[2,2688,2400,3312,2400],[9,3328,2400],[1,3344,2400,3680,2400],[12,3680,2400],[2,3696,2400,3744,2400],[9,3760,2400],[12,4080,2400],[2,4096,2400,4336,2400],[2,0,2416,240,2416],[3,248,2424],[6,256,2416],[1,272,2416,400,2416],[13,416,2416],[14,560,2416],[1,576,2416,592,2416],[7,592,2416],[2,608,2416],[5,608,2424],[2,624,2416,1280,2416],[3,1288,2424],[6,1296,2416],[13,1312,2416],[14,1456,2416],[1,1472,2416,1488,2416],[7,1488,2416],[2,1504,2416],[5,1504,2424],[2,1520,2416,1856,2416],[9,1872,2416],[10,1888,2416],[12,2672,2416],[2,2688,2416,3312,2416],[9,3328,2416],[8,3344,2416,3664,2416],[12,3680,2416],[2,3696,2416,3744,2416],[9,3760,2416],[12,4080,2416],[2,4096,2416,4336,2416],[2,0,2432,224,2432],[3,232,2440],[6,240,2432],[1,256,2432,400,2432],[13,416,2432],[14,560,2432],[1,576,2432,608,2432],[7,608,2432],[2,624,2432],[5,624,2440],[2,640,2432,1264,2432],[3,1272,2440],[6,1280,2432],[1,1296,2432],[13,1312,2432],[14,1456,2432],[1,1472,2432,1504,2432],[7,1504,2432],[2,1520,2432],[5,1520,2440],[2,1536,2432,1856,2432],[9,1872,2432],[12,2672,2432],[2,2688,2432,3312,2432],[9,3328,2432],[12,3680,2432],[2,3696,2432,3744,2432],[9,3760,2432],[12,4080,2432],[2,4096,2432,4336,2432],[2,0,2448,208,2448],[9,224,2448],[1,240,2448,400,2448],[13,416,2448],[14,560,2448],[1,576,2448,624,2448],[12,624,2448],[2,640,2448,784,2448],[3,792,2456],[4,800,2448,1120,2448],[2,1136,2448],[5,1136,2456],[2,1152,2448,1248,2448],[3,1256,2456],[6,1264,2448],[1,1280,2448,1296,2448],[13,1312,2448],[14,1456,2448],[1,1472,2448,1520,2448],[7,1520,2448],[2,1536,2448],[5,1536,2456],[2,1552,2448,1856,2448],[9,1872,2448],[12,2672,2448],[2,2688,2448,3312,2448],[9,3328,2448],[12,3680,2448],[2,3696,2448,3744,2448],[9,3760,2448],[12,4080,2448],[2,4096,2448,4336,2448],[2,0,2464,208,2464],[9,224,2464],[1,240,2464,256,2464],[8,272,2464,400,2464],[10,416,2464],[11,560,2464],[8,576,2464],[1,592,2464,624,2464],[12,624,2464],[2,640,2464,768,2464],[9,784,2464],[1,800,2464,1136,2464],[12,1136,2464],[2,1152,2464,1232,2464],[3,1240,2472],[6,1248,2464],[1,1264,2464,1296,2464],[10,1312,2464],[11,1456,2464],[8,1472,2464],[1,1488,2464,1536,2464],[7,1536,2464],[2,1552,2464],[5,1552,2472],[2,1568,2464,1856,2464],[9,1872,2464],[12,2672,2464],[2,2688,2464,3312,2464],[9,3328,2464],[7,3680,2464],[4,3696,2464,3760,2464],[24,3776,2464],[26,3784,2464],[25,3776,2472],[27,3784,2472],[15,4064,2464],[2,4080,2464],[19,4080,2464],[2,4096,2464,4336,2464],[2,0,2480,208,2480],[9,224,2480],[1,240,2480],[10,256,2480],[11,592,2480],[1,608,2480,624,2480],[12,624,2480],[2,640,2480,768,2480],[9,784,2480],[1,800,2480,1136,2480],[12,1136,2480],[2,1152,2480,1216,2480],[9,1232,2480],[1,1248,2480,1280,2480],[10,1296,2480],[11,1488,2480],[1,1504,2480,1552,2480],[12,1552,2480],[2,1568,2480,1856,2480],[9,1872,2480],[12,2672,2480],[2,2688,2480,3312,2480],[9,3328,2480],[14,3680,2480],[1,3696,2480,3760,2480],[13,3776,2480],[15,4048,2480],[2,4064,2480],[19,4064,2480],[2,4080,2480,4336,2480],[2,0,2496,208,2496],[9,224,2496],[10,240,2496],[11,608,2496],[12,624,2496],[2,640,2496,768,2496],[9,784,2496],[1,800,2496,1136,2496],[7,1136,2496],[4,1152,2496,1216,2496],[6,1232,2496],[1,1248,2496,1264,2496],[10,1280,2496],[11,1504,2496],[1,1520,2496,1552,2496],[7,1552,2496],[4,1568,2496,1856,2496],[6,1872,2496],[15,2176,2496],[16,2192,2496,2288,2496],[17,2304,2496],[12,2672,2496],[2,2688,2496,3312,2496],[9,3328,2496],[14,3680,2496],[1,3696,2496,3760,2496],[13,3776,2496],[15,3984,2496],[16,4000,2496,4032,2496],[2,4048,2496],[19,4048,2496],[2,4064,2496,4336,2496],[2,0,2512,208,2512],[9,224,2512],[12,624,2512],[2,640,2512,768,2512],[9,784,2512],[8,800,2512,1120,2512],[1,1136,2512,1248,2512],[10,1264,2512],[11,1520,2512],[1,1536,2512,1856,2512],[13,1872,2512],[12,217"}]
42["map_chunk",{"run":"20ad9698e52bc3915eea310a","index":5,"count":15,"text":"6,2512],[2,2192,2512,2288,2512],[9,2304,2512],[12,2672,2512],[2,2688,2512,3312,2512],[9,3328,2512],[14,3680,2512],[1,3696,2512,3760,2512],[13,3776,2512],[12,3984,2512],[2,4000,2512,4336,2512],[2,0,2528,208,2528],[9,224,2528],[7,624,2528],[4,640,2528,768,2528],[6,784,2528],[14,1136,2528],[1,1152,2528,1232,2528],[10,1248,2528],[11,1536,2528],[1,1552,2528,1856,2528],[13,1872,2528],[12,2176,2528],[2,2192,2528,2288,2528],[9,2304,2528],[12,2672,2528],[2,2688,2528,2880,2528],[3,2888,2536],[4,2896,2528,3136,2528],[2,3152,2528],[5,3152,2536],[2,3168,2528,3312,2528],[9,3328,2528],[11,3680,2528],[8,3696,2528,3760,2528],[10,3776,2528],[12,3984,2528],[2,4000,2528,4336,2528],[2,0,2544,208,2544],[9,224,2544],[14,624,2544],[1,640,2544,768,2544],[13,784,2544],[14,1136,2544],[1,1152,2544,1216,2544],[13,1232,2544],[14,1552,2544],[1,1568,2544,1856,2544],[13,1872,2544],[12,2176,2544],[2,2192,2544,2288,2544],[9,2304,2544],[12,2672,2544],[2,2688,2544,2864,2544],[3,2872,2552],[6,2880,2544],[1,2896,2544,3152,2544],[7,3152,2544],[2,3168,2544],[5,3168,2552],[2,3184,2544,3312,2544],[9,3328,2544],[12,3984,2544],[2,4000,2544,4336,2544],[2,0,2560,208,2560],[9,224,2560],[14,624,2560],[1,640,2560,768,2560],[13,784,2560],[11,1136,2560],[8,1152,2560,1216,2560],[10,1232,2560],[11,1552,2560],[8,1568,2560,1856,2560],[10,1872,2560],[12,2176,2560],[2,2192,2560,2304,2560],[18,2312,2560],[16,2320,2560,2656,2560],[2,2672,2560],[19,2672,2560],[2,2688,2560,2848,2560],[3,2856,2568],[6,2864,2560],[1,2880,2560,3168,2560],[7,3168,2560],[2,3184,2560],[5,3184,2568],[2,3200,2560,3312,2560],[9,3328,2560],[12,3984,2560],[2,4000,2560,4336,2560],[2,0,2576,208,2576],[9,224,2576],[14,624,2576],[1,640,2576,768,2576],[13,784,2576],[12,2176,2576],[2,2192,2576,2832,2576],[3,2840,2584],[6,2848,2576],[1,2864,2576,3184,2576],[7,3184,2576],[4,3200,2576,3312,2576],[6,3328,2576],[12,3984,2576],[2,4000,2576,4336,2576],[2,0,2592,208,2592],[9,224,2592],[11,624,2592],[8,640,2592,768,2592],[10,784,2592],[12,2176,2592],[2,2192,2592,2816,2592],[9,2832,2592],[1,2848,2592,2880,2592],[8,2896,2592,3136,2592],[1,3152,2592,3312,2592],[13,3328,2592],[12,3984,2592],[2,4000,2592,4336,2592],[2,0,2608,208,2608],[9,224,2608],[12,2176,2608],[2,2192,2608,2816,2608],[9,2832,2608],[1,2848,2608,2864,2608],[10,2880,2608],[11,3152,2608],[1,3168,2608,3312,2608],[13,3328,2608],[12,3984,2608],[2,4000,2608,4336,2608],[2,0,2624,208,2624],[9,224,2624],[12,2176,2624],[2,2192,2624,2816,2624],[9,2832,2624],[1,2848,2624],[10,2864,2624],[11,3168,2624],[1,3184,2624,3312,2624],[13,3328,2624],[12,3984,2624],[2,4000,2624,4336,2624],[2,0,2640,208,2640],[9,224,2640],[12,2176,2640],[2,2192,2640,2816,2640],[9,2832,2640],[10,2848,2640],[11,3184,2640],[8,3200,2640,3312,2640],[10,3328,2640],[12,3984,2640],[2,4000,2640,4336,2640],[2,0,2656,208,2656],[9,224,2656],[12,2176,2656],[2,2192,2656,2816,2656],[9,2832,2656],[12,3984,2656],[2,4000,2656,4336,2656],[2,0,2672,208,2672],[9,224,2672],[12,2176,2672],[2,2192,2672,2816,2672],[9,2832,2672],[15,3680,2672],[16,3696,2672,3968,2672],[2,3984,2672],[19,3984,2672],[2,4000,2672,4336,2672],[2,0,2688,208,2688],[9,224,2688],[15,2160,2688],[2,2176,2688],[19,2176,2688],[2,2192,2688,2816,2688],[9,2832,2688],[12,3680,2688],[2,3696,2688,4336,2688],[2,0,2704,208,2704],[9,224,2704],[15,1136,2704],[16,1152,2704,1216,2704],[17,1232,2704],[15,1552,2704],[16,1568,2704,1888,2704],[17,1904,2704],[15,2144,2704],[2,2160,2704],[19,2160,2704],[2,2176,2704,2816,2704],[9,2832,2704],[12,3680,2704],[2,3696,2704,4336,2704],[2,0,2720,208,2720],[9,224,2720],[12,1136,2720],[2,1152,2720,1216,2720],[9,1232,2720],[12,1552,2720],[2,1568,2720,1904,2720],[18,1912,2720],[16,1920,2720,2128,2720],[2,2144,2720],[19,2144,2720],[2,2160,2720,2816,2720],[9,2832,2720],[12,3680,2720],[2,3696,2720,4336,2720],[2,0,2736,208,2736],[9,224,2736],[15,624,2736],[16,640,2736,768,2736],[17,784,2736],[12,1136,2736],[2,1152,2736,1216,2736],[9,1232,2736],[12,1552,2736],[2,1568,2736,2816,2736],[9,2832,2736],[12,3680,2736],[2,3696,2736,4336,2736],[2,0,2752,208,2752],[9,224,2752],[12,624,2752],[2,640,2752,768,2752],[9,784,2752],[12,1136,2752],[2,1152,2752,1232,2752],[18,1240,2752],[17,1248,2752],[15,1536,2752],[2,1552,2752],[19,1552,2752],[2,1568,2752,2816,2752],[9,2832,2752],[12,3680,2752],[2,3696,2752,4336,2752],[2,0,2768,208,2768],[9,224,2768],[12,624,2768],[2,640,2768,768,2768],[9,784,2768],[12,1136,2768],[2,1152,2768,1248,2768],[18,1256,2768],[17,1264,2768],[15,1520,2768],[2,1536,2768],[19,1536,2768],[2,1552,2768,2816,2768],[9,2832,2768],[12,3680,2768],[2,3696,2768,4336,2768],[2,0,2784,208,2784],[9,224,2784],[12,624,2784],[2,640,2784,768,2784],[9,784,2784],[12,1136,2784],[2,1152,2784,1264,2784],[18,1272,2784],[17,1280,2784],[15,1504,2784],[2,1520,2784],[19,1520,2784],[2,1536,2784,2832,2784],[18,2840,2784],[17,2848,2784],[15,3184,2784],[16,3200,2784,3312,2784],[17,3328,2784],[12,3680,2784],[2,3696,2784,4336,2784],[2,0,2800,208,2800],[9,224,2800],[12,624,2800],[2,640,2800,768,2800],[9,784,2800],[12,1136,2800],[2,1152,2800,1280,2800],[18,1288,2800],[17,1296,2800],[15,1488,2800],[2,1504,2800],[19,1504,2800],[2,1520,2800,2848,2800],[18,2856,2800],[17,2864,2800],[15,3168,2800],[2,3184,2800],[19,3184,2800],[2,3200,2800,3328,2800],[18,3336,2800],[16,3344,2800,3664,2800],[2,3680,2800],[19,3680,2800],[2,3696,2800,4336,2800],[2,0,2816,224,2816],[18,232,2816],[17,240,2816],[15,608,2816],[2,624,2816],[19,624,2816],[2,640,2816,784,2816],[18,792,2816],[16,800,2816,1120,2816],[2,1136,2816],[19,1136,2816],[2,1152,2816,1296,2816],[18,1304,2816],[16,1312,2816,1472,2816],[2,1488,2816],[19,1488,2816],[2,1504,2816,2864,2816],[18,2872,2816],[17,2880,2816],[15,3152,2816],[2,3168,2816],[19,3168,2816],[2,3184,2816,4336,2816],[2,0,2832,240,2832],[18,248,2832],[17,256,2832],[15,592,2832],[2,608,2832],[19,608,2832],[2,624,2832,2880,2832],[18,2888,2832],[16,2896,2832,3136,2832],[2,3152,2832],[19,3152,2832],[2,3168,2832,4336,2832],[2,0,2848,256,2848],[18,264,2848],[16,272,2848,576,2848],[2,592,2848],[19,592,2848],[2,608,2848,4336,2848],[2,0,2864,4336,2864],[2,0,2880,4336,2880],[2,0,2896,4336,2896],[2,0,2912,4336,2912],[2,0,2928,4336,2928],[2,0,2944,4336,2944],[2,0,2960,4336,2960],[2,0,2976,4336,2976],[2,0,2992,4336,2992],[2,0,3008,4336,3008],[2,0,3024,4336,3024],[2,0,3040,4336,3040],[2,0,3056,4336,3056],[28,304,320],[29,312,320],[30,320,320],[31,328,320],[30,336,320],[31,344,320],[30,352,320],[31,360,320],[30,368,320],[31,376,320],[32,384,320],[33,392,320],[34,304,328],[35,312,328],[36,320,328],[37,328,328],[36,336,328],[37,344,328],[36,352,328],[37,360,328],[36,368,328],[37,376,328],[38,384,328],[39,392,328],[40,304,336],[41,312,336],[42,320,336],[43,328,336],[42,336,336],[43,344,336],[42,352,336],[43,360,336],[42,368,336],[43,376,336],[44,384,336],[45,392,336],[34,304,344],[35,312,344],[36,320,344],[37,328,344],[36,336,344],[37,344,344],[36,352,344],[37,360,344],[36,368,344],[37,376,344],[38,384,344],[39,392,344],[40,304,352],[41,312,352],[42,320,352],[43,328,352],[42,336,352],[43,344,352],[42,352,352],[43,360,352],[42,368,352],[43,376,352],[44,384,352],[45,392,352],[34,304,360],[35,312,360],[36,320,360],[37,328,360],[36,336,360],[37,344,360],[36,352,360],[37,360,360],[36,368,360],[37,376,360],[38,384,360],[39,392,360],[40,304,368],[41,312,368],[42,320,368],[43,328,368],[42,336,368],[43,344,368],[42,352,368],[43,360,368],[42,368,368],[43,376,368],[44,384,368],[45,392,368],[46,304,376],[47,312,376],[48,320,376],[49,328,376],[48,336,376],[49,344,376],[48,352,376],[49,360,376],[48,368,376],[49,376,376],[50,384,376],[51,392,376],[54,288,2496],[55,296,2496],[56,304,2496],[55,312,2496],[56,320,2496],[55,328,2496],[56,336,2496],[55,344,2496],[56,352,2496],[55,360,2496],[56,368,2496],[57,376,2496],[58,288,2504],[59,296,2504],[60,304,2504],[59,312,2504],[60,320,2504],[59,328,2504],[60,336,2504],[59,344,2504],[60,352,2504],[59,360,2504],[60,368,2504],[61,376,2504],[62,288,2512],[63,296,2512],[64,304,2512],[63,312,2512],[64,320,2512],[63,328,2512],[64,336,2512],[63,344,2512],[64,352,2512],[63,360,2512],[64,368,2512],[65,376,2512],[58,288,2520],[59,296,2520],[60,304,2520],[59,312,2520],[60,320,2520],[59,328,2520],[60,336,2520],[59,344,2520],[60,352,2520],[59,360,2520],[60,368,2520],[61,376,2520],[62,288,2528],[63,296,2528],[64,304,2528],[63,312,2528],[64,320,2528],[63,328,2528],[64,336,2528],[63,344,2528],[64,352,2528],[63,360,2528],[64,368,2528],[65,376,2528],[58,288,2536],[59,296,2536],[60,304,2536],[59,312,2536],[60,320,2536],[59,328,2536],[60,336,2536],[59,344,2536],[60,352,2536],[59,360,2536],[60,368,2536],[61,376,2536],[62,288,2544],[63,296,2544],[64,304,2544],[63,312,2544],[64,320,2544],[63,328,2544],[64,336,2544],[63,344,2544],[64,352,2544],[63,360,2544],[64,368,2544],[65,376,2544],[66,288,2552],[67,296,2552],[68,304,2552],[67,312,2552],[68,320,2552],[67,328,2552],[68,336,2552],[67,344,2552],[68,352,2552],[67,360,2552],[68,368,2552],[69,376,2552],[71,2896,272],[71,832,344],[71,2456,352],[71,2520,352],[71,1312,352],[71,2432,368],[71,3984,368],[71,3864,496],[71,1128,512],[71,1920,536],[71,1704,640],[71,3432,640],[71,2136,704],[71,2456,904],[71,2880,912],[71,3832,928],[71,2760,976],[71,1320,976],[71,3280,984],[71,3160,992],[71,2616,1040],[71,368,1040],[71,2760,1104],[71,1856,1104],[71,1480,1152],[71,1256,1152],[71,3752,1152],[71,848,1408],[71,3496,1560],[71,3920,1592],[71,3800,1616],[71,2992,1664],[71,2576,1776],[71,2872,1824],[71,840,1856],[71,952,1912],[71,2456,1920],[71,1408,1984],[71,1256,2032],[71,480,2032],[71,1984,2032],[71,328,2048],[71,3912,2256],[71,2472,2320],[71,2480,2328],[71,2632,2352],[71,2016,2448],[71,2136,2496],[71,3352,2496],[71,3496,2504],[71,1384,2536],[71,416,2552],[71,952,2560],[71,1512,2656],[71,3544,2752],[71,1336,2768]],\"groups\":[[[52,280,360]],[[52,408,360]],[[52,264,2536]],[[52,392,2536]],[[70,896,290]],[[70,816,290]],[[70,1328,290]],[[70,2944,290]],[[72,2848,295]],[[73,840,312]],[[52,768,300]],[[74,896,317]],[[72,2776,327]],[[74,1256,333]],[[52,1376,320]],[[73,1290,340]],[[74,1272,341]],[[70,1504,354]],[[72,1128,343]],[[70,880,362]],[[70,2384,370]],[[70,1360,370]],[[72,784,367]],[[72,1264,375]],[[70,2480,386]],[[70,4032,386]],[[72,2384,391]],[[72,3936,391]],[[52,720,400]],[[52,2560,400]],[[52,4112,400]],[[74,2376,413]],[[52,2496,400]],[[73,2410,420]],[[74,2392,421]],[[72,2776,439]],[[74,264,445]],[[75,720,452]],[[75,1136,452]],[[52,960,496]],[[75,2928,500]],[[52,448,512]],[[52,2320,512]],[[70,2128,546]],[[70,2000,546]],[[70,1968,554]],[[70,3344,562]],[[72,1872,559]],[[75,1712,564]],[[72,2488,567]],[[72,3248,567]],[[75,768,596]],[[74,3240,605]],[[52,3360,592]],[[73,3274,612]],[[74,3256,613]],[[70,1248,626]],[[70,2144,626]],[[52,3168,624]],[[75,4048,628]],[[52,3984,624]],[[70,3936,642]],[[52,352,640]],[[75,1728,724]],[[72,3256,727]],[[70,2880,866]],[[75,2432,900]],[[70,2504,922]],[[72,3336,919]],[[70,2928,930]],[[72,2408,927]],[[52,2768,928]],[[72,2832,935]],[[70,3880,946]],[[70,3968,962]],[[74,2392,957]],[[52,2512,944]],[[72,3784,951]],[[73,2426,964]],[[74,2408,965]],[[74,3224,973]],[[52,3344,960]],[[73,3258,980]],[[74,3240,981]],[[70,448,994]],[[75,1312,980]],[[70,1368,994]],[[70,3328,1002]],[[72,1272,999]],[[72,3232,1007]],[[70,3712,1026]],[[75,2304,1028]],[[72,3400,1031]],[[74,312,1037]],[[52,432,1024]],[[74,1256,1037]],[[52,1376,1024]],[[73,346,1044]],[[73,1290,1044]],[[74,328,1045]],[[74,1272,1045]],[[70,496,1058]],[[70,1920,1058]],[[70,416,1058]],[[75,1520,1060]],[[52,2768,1056]],[[72,320,1063]],[[75,2304,1076]],[[70,3008,1090]],[[52,2032,1088]],[[70,2368,1106]],[[70,3712,1106]],[[72,488,1111]],[[75,3168,1108]],[[70,1904,1122]],[[75,1696,1124]],[[72,1808,1127]],[[72,2952,1159]],[[75,3888,1156]],[[52,3408,1168]],[[52,496,1232]],[[52,3344,1232]],[[72,248,1255]],[[52,2032,1264]],[[72,440,1287]],[[70,320,1298]],[[72,1688,1287]],[[75,2016,1348]],[[75,1712,1348]],[[75,1952,1348]],[[70,896,1426]],[[72,800,1431]],[[52,736,1440]],[[75,736,1508]],[[70,3392,1522]],[[74,3432,1565]],[[52,3552,1552]],[[73,3466,1572]],[[70,3544,1578]],[[74,3448,1573]],[[72,3448,1583]],[[72,3352,1591]],[[72,3640,1591]],[[70,3968,1610"}]
42["map_chunk",{"run":"20ad9698e52bc3915eea310a","index":6,"count":15,"text":"]],[[72,3872,1615]],[[72,776,1623]],[[70,3120,1650]],[[70,3040,1682]],[[75,3120,1684]],[[75,3808,1684]],[[72,2944,1687]],[[70,2880,1746]],[[70,2608,1762]],[[70,4048,1778]],[[70,2624,1794]],[[75,3440,1796]],[[75,3536,1796]],[[72,2528,1799]],[[74,2520,1805]],[[52,2640,1792]],[[73,2554,1812]],[[74,2536,1813]],[[52,3120,1824]],[[72,3976,1831]],[[70,1000,1930]],[[72,904,1935]],[[72,824,1975]],[[72,2488,1991]],[[70,1456,2002]],[[74,424,2013]],[[52,544,2000]],[[72,1360,2007]],[[73,458,2020]],[[74,440,2021]],[[70,1088,2034]],[[74,1352,2029]],[[52,1472,2016]],[[73,1386,2036]],[[74,1368,2037]],[[70,528,2050]],[[70,2032,2050]],[[70,640,2066]],[[70,1568,2066]],[[72,432,2055]],[[72,1936,2055]],[[74,1928,2093]],[[52,2048,2080]],[[73,1962,2100]],[[74,1944,2101]],[[75,1568,2132]],[[52,640,2144]],[[52,928,2144]],[[72,840,2151]],[[52,1024,2144]],[[70,1856,2178]],[[72,2120,2167]],[[70,1392,2194]],[[70,2032,2226]],[[70,1968,2226]],[[70,3960,2274]],[[72,3864,2279]],[[72,568,2295]],[[70,432,2306]],[[70,2528,2346]],[[72,2432,2351]],[[72,3784,2375]],[[74,2424,2381]],[[52,2544,2368]],[[73,2458,2388]],[[74,2440,2389]],[[70,2096,2418]],[[70,2000,2418]],[[52,4048,2400]],[[52,2336,2416]],[[70,3408,2450]],[[72,3816,2455]],[[72,3880,2455]],[[70,2064,2466]],[[72,1968,2471]],[[52,1360,2480]],[[74,3432,2493]],[[52,3552,2480]],[[73,3466,2500]],[[74,3448,2501]],[[70,3648,2514]],[[70,3544,2522]],[[75,2592,2516]],[[70,2416,2530]],[[72,3448,2527]],[[52,480,2528]],[[70,1432,2554]],[[72,584,2551]],[[70,464,2570]],[[72,1336,2559]],[[70,1000,2578]],[[70,3648,2594]],[[72,904,2583]],[[70,3360,2610]],[[75,1520,2612]],[[70,3056,2626]],[[72,2960,2631]],[[70,1104,2658]],[[72,808,2647]],[[75,592,2660]],[[75,256,2660]],[[70,1264,2690]],[[75,1968,2676]],[[52,3168,2688]],[[70,816,2722]],[[70,2864,2754]],[[70,3632,2770]],[[75,592,2772]],[[75,1040,2772]],[[52,2912,2784]],[[75,3104,2788]],[[75,288,2804]]],\"x_lines\":[[216,456,616],[232,440,456],[232,616,632],[248,424,440],[248,632,648],[248,984,1320],[248,2520,2808],[264,408,424],[264,648,664],[264,2504,2520],[264,2808,2824],[280,392,408],[280,664,680],[280,2488,2504],[280,2824,2840],[288,2496,2560],[304,320,384],[328,680,984],[328,2008,2280],[344,1992,2008],[344,2280,2296],[360,1976,1992],[360,2296,2312],[376,1960,1976],[376,2312,2328],[384,2496,2560],[400,320,384],[440,632,984],[440,2328,2488],[456,616,632],[472,504,616],[520,984,1320],[552,2328,2488],[584,2488,2504],[584,2824,2840],[600,2504,2520],[600,2808,2824],[616,1960,1976],[616,2312,2328],[616,2520,2616],[616,2728,2808],[632,1976,1992],[632,2296,2312],[648,1992,2008],[648,2280,2296],[664,2008,2088],[664,2200,2280],[712,312,392],[712,504,600],[728,296,312],[728,600,616],[728,1416,1624],[744,280,296],[744,616,632],[744,1400,1416],[744,1624,1640],[760,1384,1400],[760,1640,1656],[808,1656,2088],[808,2536,2616],[808,2728,2808],[920,1656,1864],[952,280,296],[952,616,632],[968,296,312],[968,600,616],[968,1384,1400],[968,1640,1656],[984,312,408],[984,520,600],[984,1400,1416],[984,1624,1640],[1000,1416,1624],[1016,2184,2200],[1048,1864,1880],[1048,2168,2184],[1064,1880,1896],[1064,2152,2168],[1080,1896,1912],[1096,1912,1928],[1112,1928,2040],[1128,328,408],[1128,520,600],[1128,1032,1144],[1128,2536,2584],[1128,2696,2808],[1144,312,328],[1144,600,616],[1144,1016,1032],[1144,1144,1160],[1160,296,312],[1160,616,632],[1160,1000,1016],[1160,1160,1176],[1176,280,296],[1176,632,648],[1176,984,1000],[1176,1176,1192],[1256,2024,2040],[1256,2152,2168],[1256,2552,2584],[1256,2696,2744],[1272,648,984],[1272,1192,1272],[1272,2008,2024],[1272,2168,2184],[1272,2536,2552],[1272,2744,2760],[1288,1992,2008],[1288,2184,2200],[1288,2520,2536],[1288,2760,2776],[1304,1976,1992],[1304,2200,2216],[1304,2504,2520],[1304,2776,2792],[1320,2488,2504],[1320,2792,2808],[1336,2216,2488],[1384,648,984],[1448,2216,2488],[1480,280,296],[1480,632,648],[1480,2488,2504],[1480,2792,2808],[1496,296,312],[1496,616,632],[1496,984,1000],[1496,2504,2520],[1496,2776,2792],[1512,312,328],[1512,600,616],[1512,1000,1016],[1512,2520,2536],[1512,2760,2776],[1528,328,600],[1528,1016,1032],[1528,2536,2552],[1528,2744,2760],[1544,1032,1160],[1544,1976,1992],[1544,2200,2216],[1544,2552,2584],[1544,2696,2744],[1560,1992,2008],[1576,2008,2024],[1592,2024,2088],[1688,1048,1160],[1688,1272,1384],[1704,536,760],[1816,760,1048],[1864,2072,2088],[1864,2200,2216],[1880,424,536],[1880,2056,2072],[1880,2216,2232],[1896,2040,2056],[1896,2232,2248],[1896,2440,2584],[1912,2424,2440],[1928,760,1048],[1928,2408,2424],[1928,2696,2712],[1944,1832,2040],[1944,2248,2408],[2056,1048,1384],[2056,1944,2040],[2056,2248,2376],[2104,2040,2056],[2104,2232,2248],[2120,2056,2072],[2120,2216,2232],[2136,2072,2088],[2136,2200,2216],[2136,2696,2712],[2152,2088,2200],[2152,2680,2696],[2168,536,760],[2168,2488,2680],[2296,904,1128],[2312,408,424],[2312,536,552],[2328,392,408],[2328,552,568],[2328,2328,2376],[2328,2488,2552],[2344,376,392],[2344,568,584],[2360,360,376],[2360,584,600],[2392,328,360],[2408,600,904],[2440,1944,2328],[2456,1816,1832],[2472,1800,1816],[2488,1784,1800],[2504,1768,1784],[2520,600,904],[2520,1752,1768],[2536,584,600],[2552,568,584],[2552,2024,2328],[2568,552,568],[2584,440,552],[2648,904,952],[2648,1064,1128],[2664,1752,1768],[2664,2008,2024],[2664,2328,2552],[2680,1768,1784],[2680,1992,2008],[2696,1784,1800],[2696,1976,1992],[2712,1800,1816],[2712,1960,1976],[2728,1816,1832],[2728,1944,1960],[2760,888,952],[2760,1064,1160],[2776,296,328],[2776,440,472],[2776,872,888],[2776,1160,1176],[2792,280,296],[2792,472,488],[2792,856,872],[2792,1176,1192],[2808,264,280],[2808,488,504],[2824,248,264],[2824,504,520],[2840,232,248],[2840,520,536],[2856,536,856],[2856,2664,2776],[2872,1640,1832],[2872,2648,2664],[2872,2776,2792],[2888,1624,1640],[2888,2632,2648],[2888,2792,2808],[2904,1608,1624],[2904,2616,2632],[2904,2808,2824],[2920,1592,1608],[2920,1944,1960],[2968,712,856],[2984,232,248],[3000,248,264],[3000,504,600],[3000,856,872],[3000,1176,1192],[3016,264,280],[3016,488,504],[3016,872,888],[3016,1160,1176],[3032,280,296],[3032,472,488],[3032,888,1032],[3032,1144,1160],[3048,296,472],[3096,1592,1608],[3096,1944,1960],[3112,1928,1944],[3128,1912,1928],[3144,1720,1912],[3144,2616,2632],[3144,2808,2824],[3160,920,1032],[3160,1144,1272],[3160,2632,2648],[3160,2792,2808],[3176,2648,2664],[3176,2776,2792],[3192,584,600],[3192,712,728],[3208,568,584],[3208,728,744],[3224,552,568],[3224,744,760],[3256,760,920],[3352,1544,1608],[3352,1720,1800],[3352,2440,2664],[3352,2776,2792],[3368,760,920],[3368,1528,1544],[3368,1800,1816],[3384,1512,1528],[3384,1816,1832],[3400,552,568],[3400,744,760],[3416,568,584],[3416,728,744],[3432,584,600],[3432,712,728],[3432,920,984],[3432,1096,1272],[3448,600,616],[3448,696,712],[3464,616,696],[3640,1512,1528],[3640,1816,1832],[3656,1528,1544],[3656,1800,1816],[3672,1544,1608],[3672,1720,1800],[3672,2440,2552],[3672,2664,2792],[3704,888,984],[3704,1096,1192],[3784,1192,1608],[3784,1720,1752],[3784,2280,2456],[3800,1752,1800],[3800,2264,2280],[3800,2456,2552],[3816,1800,1816],[3816,2248,2264],[3832,1816,1832],[3848,1832,1848],[3864,360,600],[3864,1848,1864],[3880,344,360],[3880,600,616],[3880,1864,2248],[3896,328,344],[3896,616,632],[3896,1192,1544],[3912,312,328],[3912,632,648],[3928,296,312],[3928,648,664],[3944,664,888],[3976,2488,2664],[3992,1096,1192],[3992,1864,2248],[4008,1544,1560],[4008,1848,1864],[4024,1560,1576],[4024,1832,1848],[4040,1576,1592],[4040,1816,1832],[4040,2248,2264],[4040,2472,2488],[4056,664,1096],[4056,1592,1608],[4056,1800,1816],[4056,2264,2280],[4056,2456,2472],[4072,296,312],[4072,648,664],[4072,1608,1800],[4072,2280,2456],[4088,312,328],[4088,632,648],[4104,328,344],[4104,616,632],[4120,344,360],[4120,600,616],[4136,360,600]],\"y_lines\":[[232,2840,2984],[248,2824,2840],[248,2984,3000],[264,2808,2824],[264,3000,3016],[280,744,952],[280,1176,1480],[280,2792,2808],[280,3016,3032],[296,728,744],[296,952,968],[296,1160,1176],[296,1480,1496],[296,2776,2792],[296,3032,3048],[296,3928,4072],[312,712,728],[312,968,984],[312,1144,1160],[312,1496,1512],[312,3912,3928],[312,4072,4088],[320,304,400],[328,1128,1144],[328,1512,1528],[328,2392,2776],[328,3896,3912],[328,4088,4104],[344,3880,3896],[344,4104,4120],[360,2360,2392],[360,3864,3880],[360,4120,4136],[376,2344,2360],[384,304,400],[392,280,712],[392,2328,2344],[408,264,280],[408,984,1128],[408,2312,2328],[424,248,264],[424,1880,2312],[440,232,248],[440,2584,2776],[456,216,232],[472,2776,2792],[472,3032,3048],[488,2792,2808],[488,3016,3032],[504,472,712],[504,2808,2824],[504,3000,3016],[520,984,1128],[520,2824,2840],[536,1704,1880],[536,2168,2312],[536,2840,2856],[552,2312,2328],[552,2568,2584],[552,3224,3400],[568,2328,2344],[568,2552,2568],[568,3208,3224],[568,3400,3416],[584,2344,2360],[584,2536,2552],[584,3192,3208],[584,3416,3432],[600,712,728],[600,968,984],[600,1128,1144],[600,1512,1528],[600,2360,2408],[600,2520,2536],[600,3000,3192],[600,3432,3448],[600,3864,3880],[600,4120,4136],[616,216,232],[616,456,472],[616,728,744],[616,952,968],[616,1144,1160],[616,1496,1512],[616,3448,3464],[616,3880,3896],[616,4104,4120],[632,232,248],[632,440,456],[632,744,952],[632,1160,1176],[632,1480,1496],[632,3896,3912],[632,4088,4104],[648,248,264],[648,1176,1272],[648,1384,1480],[648,3912,3928],[648,4072,4088],[664,264,280],[664,3928,3944],[664,4056,4072],[680,280,328],[696,3448,3464],[712,2968,3192],[712,3432,3448],[728,3192,3208],[728,3416,3432],[744,3208,3224],[744,3400,3416],[760,1704,1816],[760,1928,2168],[760,3224,3256],[760,3368,3400],[856,2792,2856],[856,2968,3000],[872,2776,2792],[872,3000,3016],[888,2760,2776],[888,3016,3032],[888,3704,3944],[904,2296,2408],[904,2520,2648],[920,3160,3256],[920,3368,3432],[952,2648,2760],[984,248,328],[984,440,520],[984,1176,1272],[984,1384,1496],[984,3432,3704],[1000,1160,1176],[1000,1496,1512],[1016,1144,1160],[1016,1512,1528],[1032,1128,1144],[1032,1528,1544],[1032,3032,3160],[1048,1688,1816],[1048,1928,2056],[1064,2648,2760],[1096,3432,3704],[1096,3992,4056],[1128,2296,2648],[1144,1128,1144],[1144,3032,3160],[1160,1144,1160],[1160,1544,1688],[1160,2760,2776],[1160,3016,3032],[1176,1160,1176],[1176,2776,2792],[1176,3000,3016],[1192,1176,1272],[1192,2792,3000],[1192,3704,3784],[1192,3896,3992],[1272,1272,1688],[1272,3160,3432],[1320,248,520],[1384,760,968],[1384,1688,2056],[1400,744,760],[1400,968,984],[1416,728,744],[1416,984,1000],[1512,3384,3640],[1528,3368,3384],[1528,3640,3656],[1544,3352,3368],[1544,3656,3672],[1544,3896,4008],[1560,4008,4024],[1576,4024,4040],[1592,2920,3096],[1592,4040,4056],[1608,2904,2920],[1608,3096,3352],[1608,3672,3784],[1608,4056,4072],[1624,728,744],[1624,984,1000],[1624,2888,2904],[1640,744,760],[1640,968,984],[1640,2872,2888],[1656,760,808],[1656,920,968],[1720,3144,3352],[1720,3672,3784],[1752,2520,2664],[1752,3784,3800],[1768,2504,2520],[1768,2664,2680],[1784,2488,2504],[1784,2680,2696],[1800,2472,2488],[1800,2696,2712],[1800,3352,3368],[1800,3656,3672],[1800,3800,3816],[1800,4056,4072],[1816,2456,2472],[1816,2712,2728],[1816,3368,3384],[1816,3640,3656],[1816,3816,3832],[1816,4040,4056],[1832,1944,2456],[1832,2728,2872],[1832,3384,3640],[1832,3832,3848],[1832,4024,4040],[1848,3848,3864],[1848,4008,4024],[1864,920,1048],[1864,3864,3880],[1864,3992,4008],[1880,1048,1064],[1896,1064,1080],[1912,1080,1096],[1912,3128,3144],[1928,1096,1112],[1928,3112,3128],[1944,2056,2440],[1944,2728,2920],[1944,3096,3112],[1960,376,616],[1960,2712,2728],[1960,2920,3096],[1976,360,376],[1976,616,632],[1976,1304,1544],[1976,2696,2712],[1992,344,360],[1992,632,648],[1992,1288,1304],[1992,1544,1560],[1992,2680,2696],[2008,328,344],[2008,648,664],[2008,1272,1288],[2008,1560,1576],[2008,2664,2680],[2024,1256,1272],[2024,1576,1592],[2024,2552,2664],[2040,1112,1256],[2040,1896,1944],[2040,2056,2104],[2056,1880,1896],[2056,2104,2120],[2072,1864,1880],[2072,2120,2136],[2088,664,808],[2088,1592,1864],[2088,2136,2152],[2152,1064,1256],[2168,1048,1064],[2168,1256,1272],[2184,1016,1048],[2184,1272,1288],[2200,664,1016],[2200,1288,1304],[2200,1544,1864],[2200,2136,21"}]
42["map_chunk",{"run":"20ad9698e52bc3915eea310a","index":7,"count":15,"text":"52],[2216,1304,1336],[2216,1448,1544],[2216,1864,1880],[2216,2120,2136],[2232,1880,1896],[2232,2104,2120],[2248,1896,1944],[2248,2056,2104],[2248,3816,3880],[2248,3992,4040],[2264,3800,3816],[2264,4040,4056],[2280,328,344],[2280,648,664],[2280,3784,3800],[2280,4056,4072],[2296,344,360],[2296,632,648],[2312,360,376],[2312,616,632],[2328,376,440],[2328,552,616],[2328,2328,2440],[2328,2552,2664],[2376,2056,2328],[2408,1928,1944],[2424,1912,1928],[2440,1896,1912],[2440,3352,3672],[2456,3784,3800],[2456,4056,4072],[2472,4040,4056],[2488,280,440],[2488,552,584],[2488,1320,1336],[2488,1448,1480],[2488,2168,2328],[2488,3976,4040],[2496,288,384],[2504,264,280],[2504,584,600],[2504,1304,1320],[2504,1480,1496],[2520,248,264],[2520,600,616],[2520,1288,1304],[2520,1496,1512],[2536,808,1128],[2536,1272,1288],[2536,1512,1528],[2552,1256,1272],[2552,1528,1544],[2552,2328,2664],[2552,3672,3800],[2560,288,384],[2584,1128,1256],[2584,1544,1896],[2616,616,808],[2616,2904,3144],[2632,2888,2904],[2632,3144,3160],[2648,2872,2888],[2648,3160,3176],[2664,2856,2872],[2664,3176,3352],[2664,3672,3976],[2680,2152,2168],[2696,1128,1256],[2696,1544,1928],[2696,2136,2152],[2712,1928,2136],[2728,616,808],[2744,1256,1272],[2744,1528,1544],[2760,1272,1288],[2760,1512,1528],[2776,1288,1304],[2776,1496,1512],[2776,2856,2872],[2776,3176,3352],[2792,1304,1320],[2792,1480,1496],[2792,2872,2888],[2792,3160,3176],[2792,3352,3672],[2808,248,264],[2808,600,616],[2808,808,1128],[2808,1320,1480],[2808,2888,2904],[2808,3144,3160],[2824,264,280],[2824,584,600],[2824,2904,3144],[2840,280,584]],\"animations\":[[53,280,358,280,358,120,0,20],[53,408,358,408,358,120,0,20],[53,264,2534,264,2534,120,0,20],[53,392,2534,392,2534,120,0,20],[53,768,298,768,298,120,0,20],[53,1376,318,1376,318,120,0,20],[53,720,398,720,398,120,0,20],[53,2560,398,2560,398,120,0,20],[53,4112,398,4112,398,120,0,20],[53,2496,398,2496,398,120,0,20],[53,960,494,960,494,120,0,20],[53,448,510,448,510,120,0,20],[53,2320,510,2320,510,120,0,20],[53,3360,590,3360,590,120,0,20],[53,3168,622,3168,622,120,0,20],[53,3984,622,3984,622,120,0,20],[53,352,638,352,638,120,0,20],[53,2768,926,2768,926,120,0,20],[53,2512,942,2512,942,120,0,20],[53,3344,958,3344,958,120,0,20],[53,432,1022,432,1022,120,0,20],[53,1376,1022,1376,1022,120,0,20],[53,2768,1054,2768,1054,120,0,20],[53,2032,1086,2032,1086,120,0,20],[53,3408,1166,3408,1166,120,0,20],[53,496,1230,496,1230,120,0,20],[53,3344,1230,3344,1230,120,0,20],[53,2032,1262,2032,1262,120,0,20],[53,736,1438,736,1438,120,0,20],[53,3552,1550,3552,1550,120,0,20],[53,2640,1790,2640,1790,120,0,20],[53,3120,1822,3120,1822,120,0,20],[53,544,1998,544,1998,120,0,20],[53,1472,2014,1472,2014,120,0,20],[53,2048,2078,2048,2078,120,0,20],[53,640,2142,640,2142,120,0,20],[53,928,2142,928,2142,120,0,20],[53,1024,2142,1024,2142,120,0,20],[53,2544,2366,2544,2366,120,0,20],[53,4048,2398,4048,2398,120,0,20],[53,2336,2414,2336,2414,120,0,20],[53,1360,2478,1360,2478,120,0,20],[53,3552,2478,3552,2478,120,0,20],[53,480,2526,480,2526,120,0,20],[53,3168,2686,3168,2686,120,0,20],[53,2912,2782,2912,2782,120,0,20]],\"min_x\":0,\"min_y\":0,\"max_x\":4352,\"max_y\":3072}}],\"manifest\":[{\"key\":\"zone_20ad9698e52bc3915eea310a_0\",\"definition\":{\"name\":\"Cave of Many Dreams\",\"instance\":true,\"irregular\":true,\"pvp\":false,\"spawns\":[[352,448],[336,2624]],\"doors\":[[352,400,96,80,\"main\",20,0,\"ordinary\"],[336,2576,96,80,\"zone_20ad9698e52bc3915eea310a_1\",0,1,\"ordinary\"]],\"npcs\":[],\"monsters\":[],\"ref\":{},\"items\":{},\"merchants\":[],\"on_death\":[\"main\",20],\"on_exit\":[\"main\",20],\"generated\":{\"run\":\"20ad9698e52bc3915eea310a\",\"floor\":0,\"version\":1,\"zone\":\"dreams\"},\"rooms\":[{\"id\":0,\"kind\":\"ada\",\"x\":344,\"y\":536,\"bounds\":[208,384,480,688]},{\"id\":1,\"kind\":\"ledger\",\"x\":848,\"y\":456,\"bounds\":[704,272,992,640]},{\"id\":2,\"kind\":\"cavern\",\"x\":384,\"y\":1152,\"bounds\":[240,976,528,1328]},{\"id\":3,\"kind\":\"cavern\",\"x\":864,\"y\":1520,\"bounds\":[720,1376,1008,1664]},{\"id\":4,\"kind\":\"cavern\",\"x\":1328,\"y\":464,\"bounds\":[1120,272,1536,656]},{\"id\":5,\"kind\":\"cavern\",\"x\":1936,\"y\":648,\"bounds\":[1696,528,2176,768]},{\"id\":6,\"kind\":\"cavern\",\"x\":1336,\"y\":1088,\"bounds\":[1120,976,1552,1200]},{\"id\":7,\"kind\":\"cavern\",\"x\":1872,\"y\":1216,\"bounds\":[1680,1040,2064,1392]},{\"id\":8,\"kind\":\"cavern\",\"x\":496,\"y\":2144,\"bounds\":[320,1952,672,2336]},{\"id\":9,\"kind\":\"cavern\",\"x\":968,\"y\":2024,\"bounds\":[816,1856,1120,2192]},{\"id\":10,\"kind\":\"descent\",\"x\":432,\"y\":2664,\"bounds\":[240,2480,624,2848]},{\"id\":11,\"kind\":\"cavern\",\"x\":968,\"y\":2672,\"bounds\":[800,2528,1136,2816]},{\"id\":12,\"kind\":\"cavern\",\"x\":1424,\"y\":2096,\"bounds\":[1248,1968,1600,2224]},{\"id\":13,\"kind\":\"cavern\",\"x\":1400,\"y\":2648,\"bounds\":[1248,2480,1552,2816]},{\"id\":14,\"kind\":\"cavern\",\"x\":2000,\"y\":2144,\"bounds\":[1840,2032,2160,2256]},{\"id\":15,\"kind\":\"cavern\",\"x\":2032,\"y\":2560,\"bounds\":[1888,2400,2176,2720]},{\"id\":16,\"kind\":\"cavern\",\"x\":2448,\"y\":480,\"bounds\":[2304,352,2592,608]},{\"id\":17,\"kind\":\"cavern\",\"x\":2912,\"y\":384,\"bounds\":[2768,224,3056,544]},{\"id\":18,\"kind\":\"cavern\",\"x\":2472,\"y\":1016,\"bounds\":[2288,896,2656,1136]},{\"id\":19,\"kind\":\"cavern\",\"x\":2896,\"y\":1024,\"bounds\":[2752,848,3040,1200]},{\"id\":20,\"kind\":\"cavern\",\"x\":3312,\"y\":656,\"bounds\":[3152,544,3472,768]},{\"id\":21,\"kind\":\"cavern\",\"x\":4000,\"y\":480,\"bounds\":[3856,288,4144,672]},{\"id\":22,\"kind\":\"cavern\",\"x\":3296,\"y\":1096,\"bounds\":[3152,912,3440,1280]},{\"id\":23,\"kind\":\"cavern\",\"x\":3848,\"y\":1040,\"bounds\":[3696,880,4000,1200]},{\"id\":24,\"kind\":\"cavern\",\"x\":2592,\"y\":1888,\"bounds\":[2448,1744,2736,2032]},{\"id\":25,\"kind\":\"cavern\",\"x\":3008,\"y\":1776,\"bounds\":[2864,1584,3152,1968]},{\"id\":26,\"kind\":\"cavern\",\"x\":2496,\"y\":2440,\"bounds\":[2320,2320,2672,2560]},{\"id\":27,\"kind\":\"cavern\",\"x\":3024,\"y\":2720,\"bounds\":[2848,2608,3200,2832]},{\"id\":28,\"kind\":\"cavern\",\"x\":3512,\"y\":1672,\"bounds\":[3344,1504,3680,1840]},{\"id\":29,\"kind\":\"cavern\",\"x\":3936,\"y\":1704,\"bounds\":[3792,1536,4080,1872]},{\"id\":30,\"kind\":\"cavern\",\"x\":3512,\"y\":2616,\"bounds\":[3344,2432,3680,2800]},{\"id\":31,\"kind\":\"cavern\",\"x\":3928,\"y\":2368,\"bounds\":[3776,2240,4080,2496]}],\"data\":{\"tiles\":[[\"dreamsv3\",80,80,32,32],[\"dreamsv3\",256,0,16,16],[\"dreamsv3\",32,0,16,16],[\"dreamsv3\",232,8,8,8],[\"dreamsv3\",144,0,16,16],[\"dreamsv3\",208,8,8,8],[\"dreamsv3\",160,0,16,16],[\"dreamsv3\",128,0,16,16],[\"dreamsv3\",304,0,16,16],[\"dreamsv3\",112,0,16,16],[\"dreamsv3\",320,0,16,16],[\"dreamsv3\",288,0,16,16],[\"dreamsv3\",96,0,16,16],[\"dreamsv3\",272,0,16,16],[\"dreamsv3\",240,0,16,16],[\"dreamsv3\",48,0,16,16],[\"dreamsv3\",64,0,16,16],[\"dreamsv3\",80,0,16,16],[\"dreamsv3\",200,0,8,8],[\"dreamsv3\",176,0,8,8],[\"dreamsv3\",48,0,8,8],[\"dreamsv3\",72,0,8,8],[\"dreamsv3\",128,8,8,8],[\"dreamsv3\",152,8,8,8],[\"dreamsv3\",64,0,8,8],[\"dreamsv3\",144,8,8,8],[\"dreamsv3\",88,0,8,8],[\"dreamsv3\",168,8,8,8],[\"dreamsv3\",160,16,8,8],[\"dreamsv3\",168,16,8,8],[\"dreamsv3\",176,16,8,8],[\"dreamsv3\",184,16,8,8],[\"dreamsv3\",192,16,8,8],[\"dreamsv3\",200,16,8,8],[\"dreamsv3\",160,24,8,8],[\"dreamsv3\",168,24,8,8],[\"dreamsv3\",176,24,8,8],[\"dreamsv3\",184,24,8,8],[\"dreamsv3\",192,24,8,8],[\"dreamsv3\",200,24,8,8],[\"dreamsv3\",160,32,8,8],[\"dreamsv3\",168,32,8,8],[\"dreamsv3\",176,32,8,8],[\"dreamsv3\",184,32,8,8],[\"dreamsv3\",192,32,8,8],[\"dreamsv3\",200,32,8,8],[\"dreamsv3\",160,40,8,8],[\"dreamsv3\",168,40,8,8],[\"dreamsv3\",176,40,8,8],[\"dreamsv3\",184,40,8,8],[\"dreamsv3\",192,40,8,8],[\"dreamsv3\",200,40,8,8],[\"dungeon\",16,304,16,32],[\"custom_a\",0,0,16,16],[\"dreamsv3\",208,16,8,8],[\"dreamsv3\",216,16,8,8],[\"dreamsv3\",224,16,8,8],[\"dreamsv3\",232,16,8,8],[\"dreamsv3\",208,24,8,8],[\"dreamsv3\",216,24,8,8],[\"dreamsv3\",224,24,8,8],[\"dreamsv3\",232,24,8,8],[\"dreamsv3\",208,32,8,8],[\"dreamsv3\",216,32,8,8],[\"dreamsv3\",224,32,8,8],[\"dreamsv3\",232,32,8,8],[\"dreamsv3\",208,40,8,8],[\"dreamsv3\",216,40,8,8],[\"dreamsv3\",224,40,8,8],[\"dreamsv3\",232,40,8,8],[\"dreamsv3\",320,16,16,14],[\"dungeon\",880,200,32,32],[\"dreamsv3\",416,16,32,25],[\"dreamsv3\",448,16,16,16],[\"dreamsv3\",400,16,16,19],[\"dreamsv3\",336,16,16,28]],\"placements\":[[0,0,0,4320,3040],[2,0,0,4336,0],[2,0,16,4336,16],[2,0,32,4336,32],[2,0,48,4336,48],[2,0,64,4336,64],[2,0,80,4336,80],[2,0,96,4336,96],[2,0,112,4336,112],[2,0,128,4336,128],[2,0,144,2816,144],[3,2824,152],[4,2832,144,2976,144],[2,2992,144],[5,2992,152],[2,3008,144,4336,144],[2,0,160,2800,160],[3,2808,168],[6,2816,160],[1,2832,160,2992,160],[7,2992,160],[2,3008,160],[5,3008,168],[2,3024,160,4336,160],[2,0,176,2784,176],[3,2792,184],[6,2800,176],[1,2816,176,3008,176],[7,3008,176],[2,3024,176],[5,3024,184],[2,3040,176,4336,176],[2,0,192,720,192],[3,728,200],[4,736,192,944,192],[2,960,192],[5,960,200],[2,976,192,1152,192],[3,1160,200],[4,1168,192,1472,192],[2,1488,192],[5,1488,200],[2,1504,192,2768,192],[3,2776,200],[6,2784,192],[1,2800,192,3024,192],[7,3024,192],[2,3040,192],[5,3040,200],[2,3056,192,4336,192],[2,0,208,704,208],[3,712,216],[6,720,208],[1,736,208,960,208],[7,960,208],[2,976,208],[5,976,216],[2,992,208,1136,208],[3,1144,216],[6,1152,208],[1,1168,208,1488,208],[7,1488,208],[2,1504,208],[5,1504,216],[2,1520,208,2752,208],[3,2760,216],[6,2768,208],[1,2784,208,2816,208],[8,2832,208,2976,208],[1,2992,208,3040,208],[7,3040,208],[2,3056,208],[5,3056,216],[2,3072,208,3904,208],[3,3912,216],[4,3920,208,4064,208],[2,4080,208],[5,4080,216],[2,4096,208,4336,208],[2,0,224,688,224],[3,696,232],[6,704,224],[1,720,224,976,224],[7,976,224],[2,992,224],[5,992,232],[2,1008,224,1120,224],[3,1128,232],[6,1136,224],[1,1152,224,1504,224],[7,1504,224],[2,1520,224],[5,1520,232],[2,1536,224,2736,224],[9,2752,224],[1,2768,224,2800,224],[10,2816,224],[11,2992,224],[1,3008,224,3056,224],[12,3056,224],[2,3072,224,3888,224],[3,3896,232],[6,3904,224],[1,3920,224,4080,224],[7,4080,224],[2,4096,224],[5,4096,232],[2,4112,224,4336,224],[2,0,240,672,240],[9,688,240],[1,704,240,992,240],[12,992,240],[2,1008,240,1104,240],[3,1112,248],[6,1120,240],[1,1136,240,1520,240],[7,1520,240],[2,1536,240],[5,1536,248],[2,1552,240,2368,240],[3,2376,248],[4,2384,240,2736,240],[6,2752,240],[1,2768,240,2784,240],[10,2800,240],[11,3008,240],[1,3024,240,3056,240],[12,3056,240],[2,3072,240,3872,240],[3,3880,248],[6,3888,240],[1,3904,240,4096,240],[7,4096,240],[2,4112,240],[5,4112,248],[2,4128,240,4336,240],[2,0,256,672,256],[9,688,256],[1,704,256,720,256],[8,736,256,944,256],[1,960,256,992,256],[12,992,256],[2,1008,256,1088,256],[9,1104,256],[1,1120,256,1152,256],[8,1168,256,1472,256],[1,1488,256,1536,256],[12,1536,256],[2,1552,256,2352,256],[9,2368,256],[1,2384,256,2768,256],[10,2784,256],[11,3024,256],[1,3040,256,3056,256],[12,3056,256],[2,3072,256,3856,256],[3,3864,264],[6,3872,256],[1,3888,256,4112,256],[7,4112,256],[2,4128,256],[5,4128,264],[2,4144,256,4336,256],[2,0,272,672,272],[9,688,272],[1,704,272],[10,720,272],[11,960,272],[1,976,272,992,272],[12,992,272],[2,1008,272,1088,272],[9,1104,272],[1,1120,272,1136,272],[10,1152,272],[11,1488,272],[1,1504,272,1536,272],[12,1536,272],[2,1552,272,2336,272],[3,2344,280],[4,2352,272],[6,2368,272],[1,2384,272,2752,272],[10,2768,272],[11,3040,272],[12,3056,272],[2,3072,272,3840,272],[3,3848,280],[6,3856,272],[1,3872,272,3904,272],[8,3920,272,4064,272],[1,4080,272,4128,272],[7,4128,272],[2,4144,272],[5,4144,280],[2,4160,272,4336,272],[2,0,288,672,288],[9,688,288],[10,704,288],[11,976,288],[12,992,288],[2,1008,288,1088,288],[9,1104,288],[1,1120,288],[10,1136,288],[11,1504,288],[1,1520,288,1536,288],[12,1536,288],[2,1552,288,2320,288],[3,2328,296],[6,2336,288],[1,2352,288,2736,288],[13,2752,288],[12,3056,288],[2,3072,288,3824,288],[9,3840,288],[1,3856,288,3888,288],[10,3904,288],[11,4080,288],[1,4096,288,4144,288],[12,4144,288],[2,4160,288,4336,288],[2,0,304,256,304],[3,264,312],[4,272,304,672,304],[6,688,304],[12,992,304],[2,1008,304,1088,304],[9,1104,304],[10,1120,304],[11,1520,304],[12,1536,304],[2,1552,304,2304,304],[3,2312,312],[6,2320,304],[1,2336,304,2368,304],[8,2384,304,2736,304],[10,2752,304],[12,3056,304],[2,3072,304,3824,304],[9,3840,304],[1,3856,304,3872,304],[10,3888,304],[11,4096,304],[1,4112,304,4144,304],[12,4144,304],[2,4160,304,4336,304],[2,0,320,240,320],[3,248,328],[6,256,320],[1,272,320,672,320],[13,688,320],[7,992,320],[4,1008,320,1088,320],[6,1104,320],[12,1536,320],[2,1552,320,2288"}]
42["map_chunk",{"run":"20ad9698e52bc3915eea310a","index":8,"count":15,"text":",320],[3,2296,328],[6,2304,320],[1,2320,320,2352,320],[13,2368,320],[12,3056,320],[2,3072,320,3824,320],[9,3840,320],[1,3856,320],[10,3872,320],[11,4112,320],[1,4128,320,4144,320],[12,4144,320],[2,4160,320,4336,320],[2,0,336,224,336],[3,232,344],[6,240,336],[1,256,336,672,336],[13,688,336],[14,992,336],[1,1008,336,1088,336],[13,1104,336],[12,1536,336],[2,1552,336,1856,336],[3,1864,344],[4,1872,336,2272,336],[6,2288,336],[1,2304,336,2336,336],[8,2352,336],[10,2368,336],[12,3056,336],[2,3072,336,3824,336],[9,3840,336],[10,3856,336],[11,4128,336],[12,4144,336],[2,4160,336,4336,336],[2,0,352,208,352],[3,216,360],[6,224,352],[1,240,352,672,352],[13,688,352],[14,992,352],[1,1008,352,1088,352],[13,1104,352],[12,1536,352],[2,1552,352,1840,352],[9,1856,352],[1,1872,352,2320,352],[10,2336,352],[12,3056,352],[2,3072,352,3824,352],[9,3840,352],[12,4144,352],[2,4160,352,4336,352],[2,0,368,192,368],[3,200,376],[6,208,368],[1,224,368,256,368],[8,272,368,672,368],[10,688,368],[14,992,368],[1,1008,368,1088,368],[13,1104,368],[12,1536,368],[2,1552,368,1840,368],[9,1856,368],[1,1872,368,2304,368],[10,2320,368],[12,3056,368],[2,3072,368,3824,368],[9,3840,368],[12,4144,368],[2,4160,368,4336,368],[2,0,384,176,384],[9,192,384],[1,208,384,240,384],[10,256,384],[11,992,384],[8,1008,384,1088,384],[10,1104,384],[12,1536,384],[2,1552,384,1840,384],[9,1856,384],[1,1872,384,2288,384],[10,2304,384],[12,3056,384],[2,3072,384,3824,384],[9,3840,384],[12,4144,384],[2,4160,384,4336,384],[2,0,400,176,400],[9,192,400],[1,208,400,224,400],[10,240,400],[12,1536,400],[2,1552,400,1840,400],[9,1856,400],[8,1872,400,2272,400],[10,2288,400],[12,3056,400],[2,3072,400,3824,400],[9,3840,400],[12,4144,400],[2,4160,400,4336,400],[2,0,416,176,416],[9,192,416],[1,208,416],[10,224,416],[12,1536,416],[2,1552,416,1840,416],[9,1856,416],[12,3056,416],[2,3072,416,3824,416],[9,3840,416],[12,4144,416],[2,4160,416,4336,416],[2,0,432,176,432],[9,192,432],[10,208,432],[12,1536,432],[2,1552,432,1840,432],[9,1856,432],[12,3056,432],[2,3072,432,3824,432],[9,3840,432],[12,4144,432],[2,4160,432,4336,432],[2,0,448,176,448],[9,192,448],[12,1536,448],[2,1552,448,1680,448],[3,1688,456],[4,1696,448,1840,448],[6,1856,448],[15,2592,448],[16,2608,448,2736,448],[17,2752,448],[12,3056,448],[2,3072,448,3824,448],[9,3840,448],[12,4144,448],[2,4160,448,4336,448],[2,0,464,176,464],[9,192,464],[12,1536,464],[2,1552,464,1664,464],[9,1680,464],[1,1696,464,1840,464],[13,1856,464],[12,2592,464],[2,2608,464,2736,464],[9,2752,464],[12,3056,464],[2,3072,464,3200,464],[3,3208,472],[4,3216,464,3392,464],[2,3408,464],[5,3408,472],[2,3424,464,3824,464],[9,3840,464],[12,4144,464],[2,4160,464,4336,464],[2,0,480,176,480],[9,192,480],[12,1536,480],[2,1552,480,1664,480],[9,1680,480],[1,1696,480,1840,480],[13,1856,480],[12,2592,480],[2,2608,480,2752,480],[18,2760,480],[17,2768,480],[15,3040,480],[2,3056,480],[19,3056,480],[2,3072,480,3184,480],[3,3192,488],[6,3200,480],[1,3216,480,3408,480],[7,3408,480],[2,3424,480],[5,3424,488],[2,3440,480,3824,480],[9,3840,480],[12,4144,480],[2,4160,480,4336,480],[2,0,496,176,496],[9,192,496],[12,1536,496],[2,1552,496,1664,496],[9,1680,496],[1,1696,496,1840,496],[13,1856,496],[12,2592,496],[2,2608,496,2768,496],[18,2776,496],[17,2784,496],[15,3024,496],[2,3040,496],[19,3040,496],[2,3056,496,3168,496],[3,3176,504],[6,3184,496],[1,3200,496,3424,496],[7,3424,496],[2,3440,496],[5,3440,504],[2,3456,496,3824,496],[9,3840,496],[12,4144,496],[2,4160,496,4336,496],[2,0,512,176,512],[9,192,512],[15,480,512],[16,496,512,672,512],[17,688,512],[12,1536,512],[2,1552,512,1664,512],[9,1680,512],[8,1696,512,1840,512],[10,1856,512],[12,2592,512],[2,2608,512,2784,512],[18,2792,512],[17,2800,512],[20,3008,512],[21,3016,512],[22,3008,520],[23,3016,520],[4,3024,512,3152,512],[6,3168,512],[1,3184,512,3440,512],[7,3440,512],[2,3456,512],[5,3456,520],[2,3472,512,3824,512],[9,3840,512],[12,4144,512],[2,4160,512,4336,512],[2,0,528,176,528],[9,192,528],[12,480,528],[2,496,528,672,528],[9,688,528],[15,992,528],[16,1008,528,1088,528],[17,1104,528],[12,1536,528],[2,1552,528,1664,528],[9,1680,528],[12,2592,528],[2,2608,528,2800,528],[18,2808,528],[17,2816,528],[14,3008,528],[1,3024,528,3200,528],[8,3216,528,3392,528],[1,3408,528,3456,528],[7,3456,528],[2,3472,528],[5,3472,536],[2,3488,528,3824,528],[9,3840,528],[12,4144,528],[2,4160,528,4336,528],[2,0,544,176,544],[9,192,544],[12,480,544],[2,496,544,672,544],[9,688,544],[12,992,544],[2,1008,544,1088,544],[9,1104,544],[12,1536,544],[2,1552,544,1664,544],[9,1680,544],[15,2176,544],[16,2192,544,2272,544],[17,2288,544],[12,2592,544],[2,2608,544,2816,544],[18,2824,544],[17,2832,544],[14,3008,544],[1,3024,544,3184,544],[10,3200,544],[11,3408,544],[1,3424,544,3472,544],[12,3472,544],[2,3488,544,3824,544],[9,3840,544],[12,4144,544],[2,4160,544,4336,544],[2,0,560,176,560],[9,192,560],[12,480,560],[2,496,560,672,560],[9,688,560],[12,992,560],[2,1008,560,1088,560],[9,1104,560],[12,1536,560],[2,1552,560,1664,560],[9,1680,560],[12,2176,560],[2,2192,560,2288,560],[18,2296,560],[17,2304,560],[15,2576,560],[2,2592,560],[19,2592,560],[2,2608,560,2816,560],[9,2832,560],[14,3008,560],[1,3024,560,3168,560],[10,3184,560],[11,3424,560],[1,3440,560,3472,560],[12,3472,560],[2,3488,560,3824,560],[9,3840,560],[12,4144,560],[2,4160,560,4336,560],[2,0,576,176,576],[9,192,576],[12,480,576],[2,496,576,672,576],[9,688,576],[12,992,576],[2,1008,576,1088,576],[9,1104,576],[12,1536,576],[2,1552,576,1664,576],[9,1680,576],[12,2176,576],[2,2192,576,2304,576],[18,2312,576],[17,2320,576],[15,2560,576],[2,2576,576],[19,2576,576],[2,2592,576,2816,576],[9,2832,576],[11,3008,576],[8,3024,576,3152,576],[10,3168,576],[11,3440,576],[1,3456,576,3472,576],[12,3472,576],[2,3488,576,3824,576],[9,3840,576],[12,4144,576],[2,4160,576,4336,576],[2,0,592,176,592],[9,192,592],[12,480,592],[2,496,592,672,592],[9,688,592],[12,992,592],[2,1008,592,1088,592],[9,1104,592],[12,1536,592],[2,1552,592,1664,592],[9,1680,592],[12,2176,592],[2,2192,592,2320,592],[18,2328,592],[17,2336,592],[15,2544,592],[2,2560,592],[19,2560,592],[2,2576,592,2816,592],[9,2832,592],[11,3456,592],[12,3472,592],[2,3488,592,3824,592],[9,3840,592],[12,4144,592],[2,4160,592,4336,592],[2,0,608,176,608],[9,192,608],[12,480,608],[2,496,608,688,608],[18,696,608],[17,704,608],[15,976,608],[2,992,608],[19,992,608],[2,1008,608,1104,608],[18,1112,608],[17,1120,608],[15,1520,608],[2,1536,608],[19,1536,608],[2,1552,608,1664,608],[9,1680,608],[12,2176,608],[2,2192,608,2336,608],[18,2344,608],[16,2352,608,2368,608],[17,2384,608],[15,2528,608],[2,2544,608],[19,2544,608],[2,2560,608,2816,608],[9,2832,608],[12,3472,608],[2,3488,608,3840,608],[18,3848,608],[17,3856,608],[15,4128,608],[2,4144,608],[19,4144,608],[2,4160,608,4336,608],[2,0,624,192,624],[18,200,624],[17,208,624],[15,464,624],[2,480,624],[19,480,624],[2,496,624,704,624],[18,712,624],[17,720,624],[15,960,624],[2,976,624],[19,976,624],[2,992,624,1120,624],[18,1128,624],[17,1136,624],[15,1504,624],[2,1520,624],[19,1520,624],[2,1536,624,1664,624],[9,1680,624],[12,2176,624],[2,2192,624,2368,624],[9,2384,624],[12,2528,624],[2,2544,624,2816,624],[9,2832,624],[12,3472,624],[2,3488,624,3856,624],[18,3864,624],[17,3872,624],[15,4112,624],[2,4128,624],[19,4128,624],[2,4144,624,4336,624],[2,0,640,208,640],[18,216,640],[17,224,640],[15,448,640],[2,464,640],[19,464,640],[2,480,640,720,640],[18,728,640],[16,736,640,944,640],[2,960,640],[19,960,640],[2,976,640,1136,640],[18,1144,640],[17,1152,640],[15,1488,640],[2,1504,640],[19,1504,640],[2,1520,640,1664,640],[9,1680,640],[12,2176,640],[2,2192,640,2368,640],[9,2384,640],[12,2528,640],[2,2544,640,2816,640],[9,2832,640],[12,3472,640],[2,3488,640,3872,640],[18,3880,640],[17,3888,640],[15,4096,640],[2,4112,640],[19,4112,640],[2,4128,640,4336,640],[2,0,656,224,656],[18,232,656],[17,240,656],[12,448,656],[2,464,656,1152,656],[18,1160,656],[16,1168,656,1232,656],[17,1248,656],[15,1392,656],[16,1408,656,1472,656],[2,1488,656],[19,1488,656],[2,1504,656,1664,656],[9,1680,656],[12,2176,656],[2,2192,656,2368,656],[9,2384,656],[12,2528,656],[2,2544,656,2816,656],[9,2832,656],[12,3472,656],[2,3488,656,3888,656],[18,3896,656],[17,3904,656],[15,4080,656],[2,4096,656],[19,4096,656],[2,4112,656,4336,656],[2,0,672,240,672],[18,248,672],[17,256,672],[12,448,672],[2,464,672,1232,672],[9,1248,672],[12,1392,672],[2,1408,672,1664,672],[9,1680,672],[12,2176,672],[2,2192,672,2368,672],[9,2384,672],[12,2528,672],[2,2544,672,2816,672],[9,2832,672],[12,3472,672],[2,3488,672,3904,672],[18,3912,672],[17,3920,672],[15,4064,672],[2,4080,672],[19,4080,672],[2,4096,672,4336,672],[2,0,688,256,688],[18,264,688],[16,272,688,288,688],[17,304,688],[12,448,688],[2,464,688,1232,688],[9,1248,688],[12,1392,688],[2,1408,688,1664,688],[9,1680,688],[12,2176,688],[2,2192,688,2368,688],[9,2384,688],[12,2528,688],[2,2544,688,2816,688],[9,2832,688],[12,3472,688],[2,3488,688,3904,688],[9,3920,688],[12,4064,688],[2,4080,688,4336,688],[2,0,704,288,704],[9,304,704],[12,448,704],[2,464,704,1232,704],[9,1248,704],[12,1392,704],[2,1408,704,1664,704],[9,1680,704],[12,2176,704],[2,2192,704,2368,704],[9,2384,704],[12,2528,704],[2,2544,704,2816,704],[9,2832,704],[15,3456,704],[2,3472,704],[19,3472,704],[2,3488,704,3904,704],[9,3920,704],[12,4064,704],[2,4080,704,4336,704],[2,0,720,288,720],[9,304,720],[12,448,720],[2,464,720,1232,720],[9,1248,720],[12,1392,720],[2,1408,720,1664,720],[9,1680,720],[12,2176,720],[2,2192,720,2368,720],[9,2384,720],[12,2528,720],[2,2544,720,2816,720],[9,2832,720],[15,2976,720],[16,2992,720,3152,720],[17,3168,720],[15,3440,720],[2,3456,720],[19,3456,720],[2,3472,720,3904,720],[9,3920,720],[12,4064,720],[2,4080,720,4336,720],[2,0,736,288,736],[9,304,736],[12,448,736],[2,464,736,1232,736],[9,1248,736],[12,1392,736],[2,1408,736,1664,736],[9,1680,736],[12,2176,736],[2,2192,736,2368,736],[9,2384,736],[12,2528,736],[2,2544,736,2816,736],[9,2832,736],[12,2976,736],[2,2992,736,3168,736],[18,3176,736],[17,3184,736],[15,3424,736],[2,3440,736],[19,3440,736],[2,3456,736,3904,736],[9,3920,736],[12,4064,736],[2,4080,736,4336,736],[2,0,752,288,752],[9,304,752],[12,448,752],[2,464,752,1232,752],[9,1248,752],[12,1392,752],[2,1408,752,1664,752],[9,1680,752],[12,2176,752],[2,2192,752,2368,752],[9,2384,752],[12,2528,752],[2,2544,752,2816,752],[9,2832,752],[12,2976,752],[2,2992,752,3184,752],[18,3192,752],[17,3200,752],[15,3408,752],[2,3424,752],[19,3424,752],[2,3440,752,3904,752],[9,3920,752],[12,4064,752],[2,4080,752,4336,752],[2,0,768,288,768],[9,304,768],[12,448,768],[2,464,768,1232,768],[9,1248,768],[12,1392,768],[2,1408,768,1680,768],[18,1688,768],[16,1696,768,1776,768],[17,1792,768],[15,1936,768],[16,1952,768,2160,768],[2,2176,768],[19,2176,768],[2,2192,768,2368,768],[9,2384,768],[12,2528,768],[2,2544,768,2768,768],[3,2776,776],[4,2784,768,2816,768],[6,2832,768],[7,2976,768],[4,2992,768],[2,3008,768],[5,3008,776],[2,3024,768,3200,768],[18,3208,768],[16,3216,768],[17,3232,768],[15,3376,768],[16,3392,768],[2,3408,768],[19,3408,768],[2,3424,768,3904,768],[9,3920,768],[12,4064,768],[2,4080,768,4336,768],[2,0,784,288,784],[9,304,784],[12,448,784],[2,464,784,1232,784],[9,1248,784],[12,1392,784],[2,1408,784,1776,784],[9,1792,784],[12,1936,784],[2,1952,784,2368,784],[9,2384,784],[12,2528,784],[2,2544,784,2752,784],[3,2760,792],[6,2768,784],[1,2784,784,2816,784],[13,2832,784],[14,2976,784],[1,2992,784,3008,784],[7,3008,784],[2,3024,784],[5,3024,792],[2,3040,784,3216,784],[9,3232,784],[12,3376,784],[2,3392,784,3904,784],[9,3920,784],[12,4064,784],[2,4080,784,4336,784],[2,0,800,288,800],[9,304,800],[12,448,800],[2,464,800,1232,800],[9,1248,800],[12,1392,800],[2,1408,800,1776,800],[9,1792,800],[12,1936,800],[2,1952,800,2368,800],[9,2384,800],[12,2528,800],[2,2544,800,2736,800],[3,2744,808],[6,2752,800],[1,2768,800,2816,800],[13,2832,800],[14,2976,800],[1,2992,800,3024,800],[7,3024,800],[2,3040,800],[5,3040,808],[2,3056,800,3216,800],[9,3232,800],[12,3376,800],[2,3392,800,3680,800],[3,3688,808],[4,3696,800,3904,800],[6,3920,800],[12,4064,800],[2,4080,800,4336,800],[2,0,816,288,816"}]
42["map_chunk",{"run":"20ad9698e52bc3915eea310a","index":9,"count":15,"text":"],[9,304,816],[12,448,816],[2,464,816,1232,816],[9,1248,816],[12,1392,816],[2,1408,816,1776,816],[9,1792,816],[12,1936,816],[2,1952,816,2272,816],[3,2280,824],[4,2288,816,2368,816],[6,2384,816],[7,2528,816],[4,2544,816,2640,816],[2,2656,816],[5,2656,824],[2,2672,816,2720,816],[9,2736,816],[1,2752,816,2816,816],[13,2832,816],[14,2976,816],[1,2992,816,3040,816],[12,3040,816],[2,3056,816,3216,816],[9,3232,816],[12,3376,816],[2,3392,816,3664,816],[9,3680,816],[1,3696,816,3904,816],[13,3920,816],[12,4064,816],[2,4080,816,4336,816],[2,0,832,288,832],[9,304,832],[12,448,832],[2,464,832,1232,832],[9,1248,832],[12,1392,832],[2,1408,832,1776,832],[9,1792,832],[12,1936,832],[2,1952,832,2256,832],[9,2272,832],[1,2288,832,2368,832],[13,2384,832],[14,2528,832],[1,2544,832,2656,832],[12,2656,832],[2,2672,832,2720,832],[9,2736,832],[1,2752,832,2768,832],[8,2784,832,2816,832],[10,2832,832],[11,2976,832],[8,2992,832],[1,3008,832,3040,832],[12,3040,832],[2,3056,832,3136,832],[3,3144,840],[4,3152,832,3216,832],[6,3232,832],[7,3376,832],[4,3392,832,3424,832],[2,3440,832],[5,3440,840],[2,3456,832,3664,832],[9,3680,832],[1,3696,832,3904,832],[13,3920,832],[12,4064,832],[2,4080,832,4336,832],[2,0,848,288,848],[9,304,848],[12,448,848],[2,464,848,1232,848],[9,1248,848],[12,1392,848],[2,1408,848,1776,848],[9,1792,848],[12,1936,848],[2,1952,848,2256,848],[9,2272,848],[1,2288,848,2368,848],[13,2384,848],[14,2528,848],[1,2544,848,2656,848],[12,2656,848],[2,2672,848,2720,848],[9,2736,848],[1,2752,848],[10,2768,848],[11,3008,848],[1,3024,848,3040,848],[12,3040,848],[2,3056,848,3120,848],[9,3136,848],[1,3152,848,3216,848],[13,3232,848],[14,3376,848],[1,3392,848,3440,848],[12,3440,848],[2,3456,848,3664,848],[9,3680,848],[1,3696,848,3904,848],[13,3920,848],[12,4064,848],[2,4080,848,4336,848],[2,0,864,288,864],[9,304,864],[12,448,864],[2,464,864,1232,864],[9,1248,864],[12,1392,864],[2,1408,864,1776,864],[9,1792,864],[12,1936,864],[2,1952,864,2256,864],[9,2272,864],[1,2288,864,2368,864],[13,2384,864],[14,2528,864],[1,2544,864,2656,864],[7,2656,864],[4,2672,864,2720,864],[6,2736,864],[10,2752,864],[11,3024,864],[12,3040,864],[2,3056,864,3120,864],[9,3136,864],[1,3152,864,3216,864],[13,3232,864],[14,3376,864],[1,3392,864,3440,864],[12,3440,864],[2,3456,864,3664,864],[9,3680,864],[8,3696,864,3904,864],[10,3920,864],[12,4064,864],[2,4080,864,4336,864],[2,0,880,288,880],[9,304,880],[12,448,880],[2,464,880,1232,880],[9,1248,880],[12,1392,880],[2,1408,880,1776,880],[9,1792,880],[12,1936,880],[2,1952,880,2256,880],[9,2272,880],[8,2288,880,2368,880],[10,2384,880],[11,2528,880],[8,2544,880,2640,880],[1,2656,880,2720,880],[13,2736,880],[12,3040,880],[2,3056,880,3120,880],[9,3136,880],[1,3152,880,3216,880],[13,3232,880],[14,3376,880],[1,3392,880,3440,880],[12,3440,880],[2,3456,880,3664,880],[9,3680,880],[12,4064,880],[2,4080,880,4336,880],[2,0,896,224,896],[3,232,904],[4,240,896,288,896],[6,304,896],[7,448,896],[4,464,896,512,896],[2,528,896],[5,528,904],[2,544,896,1152,896],[3,1160,904],[4,1168,896,1232,896],[6,1248,896],[7,1392,896],[4,1408,896,1488,896],[2,1504,896],[5,1504,904],[2,1520,896,1776,896],[9,1792,896],[12,1936,896],[2,1952,896,2256,896],[9,2272,896],[14,2656,896],[1,2672,896,2720,896],[13,2736,896],[12,3040,896],[2,3056,896,3120,896],[9,3136,896],[8,3152,896,3216,896],[10,3232,896],[11,3376,896],[8,3392,896,3424,896],[7,3440,896],[4,3456,896,3664,896],[6,3680,896],[12,4064,896],[2,4080,896,4336,896],[2,0,912,208,912],[9,224,912],[1,240,912,288,912],[13,304,912],[14,448,912],[1,464,912,528,912],[12,528,912],[2,544,912,1136,912],[3,1144,920],[6,1152,912],[1,1168,912,1232,912],[13,1248,912],[14,1392,912],[1,1408,912,1504,912],[7,1504,912],[2,1520,912],[5,1520,920],[2,1536,912,1776,912],[9,1792,912],[12,1936,912],[2,1952,912,2256,912],[9,2272,912],[14,2656,912],[1,2672,912,2720,912],[13,2736,912],[12,3040,912],[2,3056,912,3120,912],[9,3136,912],[14,3440,912],[1,3456,912,3664,912],[13,3680,912],[12,4064,912],[2,4080,912,4336,912],[2,0,928,208,928],[9,224,928],[1,240,928,288,928],[13,304,928],[14,448,928],[1,464,928,528,928],[12,528,928],[2,544,928,1120,928],[3,1128,936],[6,1136,928],[1,1152,928,1232,928],[13,1248,928],[14,1392,928],[1,1408,928,1520,928],[7,1520,928],[2,1536,928],[5,1536,936],[2,1552,928,1776,928],[9,1792,928],[12,1936,928],[2,1952,928,2256,928],[9,2272,928],[11,2656,928],[8,2672,928,2720,928],[10,2736,928],[12,3040,928],[2,3056,928,3120,928],[9,3136,928],[14,3440,928],[1,3456,928,3664,928],[13,3680,928],[12,4064,928],[2,4080,928,4336,928],[2,0,944,208,944],[9,224,944],[1,240,944,288,944],[13,304,944],[14,448,944],[1,464,944,528,944],[12,528,944],[2,544,944,1104,944],[3,1112,952],[6,1120,944],[1,1136,944,1232,944],[13,1248,944],[14,1392,944],[1,1408,944,1536,944],[7,1536,944],[2,1552,944],[5,1552,952],[2,1568,944,1776,944],[9,1792,944],[12,1936,944],[2,1952,944,2256,944],[9,2272,944],[7,3040,944],[4,3056,944,3120,944],[6,3136,944],[14,3440,944],[1,3456,944,3664,944],[13,3680,944],[12,4064,944],[2,4080,944,4336,944],[2,0,960,208,960],[9,224,960],[8,240,960,288,960],[10,304,960],[11,448,960],[8,464,960,512,960],[12,528,960],[2,544,960,1088,960],[9,1104,960],[1,1120,960,1152,960],[8,1168,960,1232,960],[10,1248,960],[11,1392,960],[8,1408,960,1488,960],[1,1504,960,1552,960],[12,1552,960],[2,1568,960,1664,960],[3,1672,968],[4,1680,960,1776,960],[6,1792,960],[7,1936,960],[4,1952,960,2048,960],[2,2064,960],[5,2064,968],[2,2080,960,2256,960],[9,2272,960],[14,3040,960],[1,3056,960,3120,960],[13,3136,960],[11,3440,960],[8,3456,960,3664,960],[10,3680,960],[12,4064,960],[2,4080,960,4336,960],[2,0,976,208,976],[9,224,976],[12,528,976],[2,544,976,1088,976],[9,1104,976],[1,1120,976,1136,976],[10,1152,976],[11,1504,976],[1,1520,976,1552,976],[12,1552,976],[2,1568,976,1648,976],[9,1664,976],[1,1680,976,1776,976],[13,1792,976],[14,1936,976],[1,1952,976,2064,976],[12,2064,976],[2,2080,976,2256,976],[9,2272,976],[14,3040,976],[1,3056,976,3120,976],[13,3136,976],[12,4064,976],[2,4080,976,4336,976],[2,0,992,208,992],[9,224,992],[12,528,992],[2,544,992,1088,992],[9,1104,992],[1,1120,992],[10,1136,992],[11,1520,992],[1,1536,992,1552,992],[12,1552,992],[2,1568,992,1648,992],[9,1664,992],[1,1680,992,1776,992],[13,1792,992],[14,1936,992],[1,1952,992,2064,992],[12,2064,992],[2,2080,992,2256,992],[9,2272,992],[14,3040,992],[1,3056,992,3120,992],[13,3136,992],[12,4064,992],[2,4080,992,4336,992],[2,0,1008,208,1008],[9,224,1008],[12,528,1008],[2,544,1008,1088,1008],[9,1104,1008],[10,1120,1008],[11,1536,1008],[12,1552,1008],[2,1568,1008,1648,1008],[9,1664,1008],[1,1680,1008,1776,1008],[13,1792,1008],[14,1936,1008],[1,1952,1008,2064,1008],[12,2064,1008],[2,2080,1008,2256,1008],[9,2272,1008],[11,3040,1008],[8,3056,1008,3120,1008],[10,3136,1008],[12,4064,1008],[2,4080,1008,4336,1008],[2,0,1024,208,1024],[9,224,1024],[12,528,1024],[2,544,1024,1088,1024],[9,1104,1024],[12,1552,1024],[2,1568,1024,1648,1024],[9,1664,1024],[8,1680,1024,1776,1024],[10,1792,1024],[11,1936,1024],[8,1952,1024,2048,1024],[12,2064,1024],[2,2080,1024,2256,1024],[9,2272,1024],[12,4064,1024],[2,4080,1024,4336,1024],[2,0,1040,208,1040],[9,224,1040],[12,528,1040],[2,544,1040,1088,1040],[9,1104,1040],[12,1552,1040],[2,1568,1040,1648,1040],[9,1664,1040],[12,2064,1040],[2,2080,1040,2256,1040],[9,2272,1040],[12,4064,1040],[2,4080,1040,4336,1040],[2,0,1056,208,1056],[9,224,1056],[12,528,1056],[2,544,1056,1088,1056],[9,1104,1056],[12,1552,1056],[2,1568,1056,1648,1056],[9,1664,1056],[12,2064,1056],[2,2080,1056,2256,1056],[9,2272,1056],[12,4064,1056],[2,4080,1056,4336,1056],[2,0,1072,208,1072],[9,224,1072],[12,528,1072],[2,544,1072,1088,1072],[9,1104,1072],[7,1552,1072],[4,1568,1072,1648,1072],[6,1664,1072],[12,2064,1072],[2,2080,1072,2256,1072],[9,2272,1072],[15,2656,1072],[16,2672,1072,2720,1072],[17,2736,1072],[12,4064,1072],[2,4080,1072,4336,1072],[2,0,1088,208,1088],[9,224,1088],[12,528,1088],[2,544,1088,1088,1088],[9,1104,1088],[14,1552,1088],[1,1568,1088,1648,1088],[13,1664,1088],[12,2064,1088],[2,2080,1088,2256,1088],[9,2272,1088],[12,2656,1088],[2,2672,1088,2720,1088],[9,2736,1088],[12,4064,1088],[2,4080,1088,4336,1088],[2,0,1104,208,1104],[9,224,1104],[12,528,1104],[2,544,1104,1088,1104],[9,1104,1104],[14,1552,1104],[1,1568,1104,1648,1104],[13,1664,1104],[12,2064,1104],[2,2080,1104,2256,1104],[9,2272,1104],[12,2656,1104],[2,2672,1104,2720,1104],[9,2736,1104],[15,3440,1104],[16,3456,1104,3664,1104],[17,3680,1104],[15,4000,1104],[16,4016,1104,4048,1104],[2,4064,1104],[19,4064,1104],[2,4080,1104,4336,1104],[2,0,1120,208,1120],[9,224,1120],[12,528,1120],[2,544,1120,1088,1120],[9,1104,1120],[14,1552,1120],[1,1568,1120,1648,1120],[13,1664,1120],[12,2064,1120],[2,2080,1120,2256,1120],[9,2272,1120],[12,2656,1120],[2,2672,1120,2720,1120],[9,2736,1120],[12,3440,1120],[2,3456,1120,3664,1120],[9,3680,1120],[12,4000,1120],[2,4016,1120,4336,1120],[2,0,1136,208,1136],[9,224,1136],[12,528,1136],[2,544,1136,1088,1136],[9,1104,1136],[11,1552,1136],[8,1568,1136,1648,1136],[10,1664,1136],[12,2064,1136],[2,2080,1136,2272,1136],[18,2280,1136],[16,2288,1136,2640,1136],[2,2656,1136],[19,2656,1136],[2,2672,1136,2720,1136],[9,2736,1136],[12,3440,1136],[2,3456,1136,3664,1136],[9,3680,1136],[12,4000,1136],[2,4016,1136,4336,1136],[2,0,1152,208,1152],[9,224,1152],[12,528,1152],[2,544,1152,1104,1152],[18,1112,1152],[17,1120,1152],[12,2064,1152],[2,2080,1152,2720,1152],[9,2736,1152],[15,3040,1152],[16,3056,1152,3120,1152],[17,3136,1152],[12,3440,1152],[2,3456,1152,3664,1152],[9,3680,1152],[12,4000,1152],[2,4016,1152,4336,1152],[2,0,1168,208,1168],[9,224,1168],[12,528,1168],[2,544,1168,1120,1168],[18,1128,1168],[17,1136,1168],[12,2064,1168],[2,2080,1168,2736,1168],[18,2744,1168],[17,2752,1168],[15,3024,1168],[2,3040,1168],[19,3040,1168],[2,3056,1168,3120,1168],[9,3136,1168],[12,3440,1168],[2,3456,1168,3664,1168],[9,3680,1168],[12,4000,1168],[2,4016,1168,4336,1168],[2,0,1184,208,1184],[9,224,1184],[12,528,1184],[2,544,1184,1136,1184],[18,1144,1184],[17,1152,1184],[12,2064,1184],[2,2080,1184,2752,1184],[18,2760,1184],[17,2768,1184],[15,3008,1184],[2,3024,1184],[19,3024,1184],[2,3040,1184,3120,1184],[9,3136,1184],[12,3440,1184],[2,3456,1184,3664,1184],[9,3680,1184],[12,4000,1184],[2,4016,1184,4336,1184],[2,0,1200,208,1200],[9,224,1200],[12,528,1200],[2,544,1200,1152,1200],[18,1160,1200],[16,1168,1200,1232,1200],[17,1248,1200],[12,2064,1200],[2,2080,1200,2768,1200],[18,2776,1200],[16,2784,1200,2992,1200],[2,3008,1200],[19,3008,1200],[2,3024,1200,3120,1200],[9,3136,1200],[12,3440,1200],[2,3456,1200,3680,1200],[18,3688,1200],[16,3696,1200,3744,1200],[17,3760,1200],[15,3904,1200],[16,3920,1200,3984,1200],[2,4000,1200],[19,4000,1200],[2,4016,1200,4336,1200],[2,0,1216,208,1216],[9,224,1216],[12,528,1216],[2,544,1216,1232,1216],[9,1248,1216],[12,2064,1216],[2,2080,1216,3120,1216],[9,3136,1216],[12,3440,1216],[2,3456,1216,3744,1216],[9,3760,1216],[12,3904,1216],[2,3920,1216,4336,1216],[2,0,1232,208,1232],[9,224,1232],[12,528,1232],[2,544,1232,1232,1232],[9,1248,1232],[12,2064,1232],[2,2080,1232,3120,1232],[9,3136,1232],[12,3440,1232],[2,3456,1232,3744,1232],[9,3760,1232],[12,3904,1232],[2,3920,1232,4336,1232],[2,0,1248,208,1248],[9,224,1248],[12,528,1248],[2,544,1248,1232,1248],[9,1248,1248],[12,2064,1248],[2,2080,1248,3120,1248],[9,3136,1248],[12,3440,1248],[2,3456,1248,3744,1248],[9,3760,1248],[12,3904,1248],[2,3920,1248,4336,1248],[2,0,1264,208,1264],[9,224,1264],[12,528,1264],[2,544,1264,1232,1264],[9,1248,1264],[12,2064,1264],[2,2080,1264,3120,1264],[9,3136,1264],[12,3440,1264],[2,3456,1264,3744,1264],[9,3760,1264],[12,3904,1264],[2,3920,1264,4336,1264],[2,0,1280,208,1280],[9,224,1280],[12,528,1280],[2,544,1280,1248,1280],[18,1256,1280],[16,1264,1280,1648,1280],[17,1664,1280],[12,2064,1280],[2,2080,1280,3136,1280],[18,3144,1280],[16,3152,1280,3424,1280],[2,3440,1280],[19,3440,1280],[2,3456,1280,3744,1280],[9,3760,1280],[12,3904,1280],[2,3920,1280,4336,1280],[2,0,1296,208,1296],[9,224,1296],[12,528,1296],[2,544,1296,736,1296],[3,744,1304],[4,752,1296,960,1296],[2,976,1296],[5,976,1304],[2,992,1296,"}]
42["map_chunk",{"run":"20ad9698e52bc3915eea310a","index":10,"count":15,"text":"1648,1296],[9,1664,1296],[12,2064,1296],[2,2080,1296,3744,1296],[9,3760,1296],[12,3904,1296],[2,3920,1296,4336,1296],[2,0,1312,208,1312],[9,224,1312],[12,528,1312],[2,544,1312,720,1312],[3,728,1320],[6,736,1312],[1,752,1312,976,1312],[7,976,1312],[2,992,1312],[5,992,1320],[2,1008,1312,1648,1312],[9,1664,1312],[12,2064,1312],[2,2080,1312,3744,1312],[9,3760,1312],[12,3904,1312],[2,3920,1312,4336,1312],[2,0,1328,224,1328],[18,232,1328],[16,240,1328,512,1328],[2,528,1328],[19,528,1328],[2,544,1328,704,1328],[3,712,1336],[6,720,1328],[1,736,1328,992,1328],[7,992,1328],[2,1008,1328],[5,1008,1336],[2,1024,1328,1648,1328],[9,1664,1328],[12,2064,1328],[2,2080,1328,3744,1328],[9,3760,1328],[12,3904,1328],[2,3920,1328,4336,1328],[2,0,1344,688,1344],[9,704,1344],[1,720,1344,1008,1344],[12,1008,1344],[2,1024,1344,1648,1344],[9,1664,1344],[12,2064,1344],[2,2080,1344,3744,1344],[9,3760,1344],[12,3904,1344],[2,3920,1344,4336,1344],[2,0,1360,688,1360],[9,704,1360],[1,720,1360,736,1360],[8,752,1360,960,1360],[1,976,1360,1008,1360],[12,1008,1360],[2,1024,1360,1648,1360],[9,1664,1360],[12,2064,1360],[2,2080,1360,3744,1360],[9,3760,1360],[12,3904,1360],[2,3920,1360,4336,1360],[2,0,1376,688,1376],[9,704,1376],[1,720,1376],[10,736,1376],[11,976,1376],[1,992,1376,1008,1376],[12,1008,1376],[2,1024,1376,1648,1376],[9,1664,1376],[12,2064,1376],[2,2080,1376,3744,1376],[9,3760,1376],[12,3904,1376],[2,3920,1376,4336,1376],[2,0,1392,688,1392],[9,704,1392],[10,720,1392],[11,992,1392],[12,1008,1392],[2,1024,1392,1664,1392],[18,1672,1392],[16,1680,1392,2048,1392],[2,2064,1392],[19,2064,1392],[2,2080,1392,3744,1392],[9,3760,1392],[12,3904,1392],[2,3920,1392,4336,1392],[2,0,1408,688,1408],[9,704,1408],[12,1008,1408],[2,1024,1408,3744,1408],[9,3760,1408],[12,3904,1408],[2,3920,1408,4336,1408],[2,0,1424,688,1424],[9,704,1424],[12,1008,1424],[2,1024,1424,3360,1424],[3,3368,1432],[4,3376,1424,3632,1424],[2,3648,1424],[5,3648,1432],[2,3664,1424,3744,1424],[9,3760,1424],[12,3904,1424],[2,3920,1424,4336,1424],[2,0,1440,688,1440],[9,704,1440],[12,1008,1440],[2,1024,1440,3344,1440],[3,3352,1448],[6,3360,1440],[1,3376,1440,3648,1440],[7,3648,1440],[2,3664,1440],[5,3664,1448],[2,3680,1440,3744,1440],[9,3760,1440],[12,3904,1440],[2,3920,1440,4336,1440],[2,0,1456,688,1456],[9,704,1456],[12,1008,1456],[2,1024,1456,3328,1456],[3,3336,1464],[6,3344,1456],[1,3360,1456,3664,1456],[7,3664,1456],[2,3680,1456],[5,3680,1464],[2,3696,1456,3744,1456],[9,3760,1456],[7,3904,1456],[4,3920,1456,4000,1456],[2,4016,1456],[5,4016,1464],[2,4032,1456,4336,1456],[2,0,1472,688,1472],[9,704,1472],[12,1008,1472],[2,1024,1472,3312,1472],[9,3328,1472],[1,3344,1472,3680,1472],[12,3680,1472],[2,3696,1472,3744,1472],[9,3760,1472],[14,3904,1472],[1,3920,1472,4016,1472],[7,4016,1472],[2,4032,1472],[5,4032,1480],[2,4048,1472,4336,1472],[2,0,1488,688,1488],[9,704,1488],[12,1008,1488],[2,1024,1488,3312,1488],[9,3328,1488],[1,3344,1488,3360,1488],[8,3376,1488,3632,1488],[1,3648,1488,3680,1488],[12,3680,1488],[2,3696,1488,3744,1488],[9,3760,1488],[14,3904,1488],[1,3920,1488,4032,1488],[7,4032,1488],[2,4048,1488],[5,4048,1496],[2,4064,1488,4336,1488],[2,0,1504,688,1504],[9,704,1504],[12,1008,1504],[2,1024,1504,2896,1504],[3,2904,1512],[4,2912,1504,3088,1504],[2,3104,1504],[5,3104,1512],[2,3120,1504,3312,1504],[9,3328,1504],[1,3344,1504],[10,3360,1504],[11,3648,1504],[1,3664,1504,3680,1504],[12,3680,1504],[2,3696,1504,3744,1504],[9,3760,1504],[14,3904,1504],[1,3920,1504,4048,1504],[7,4048,1504],[2,4064,1504],[5,4064,1512],[2,4080,1504,4336,1504],[2,0,1520,688,1520],[9,704,1520],[12,1008,1520],[2,1024,1520,2880,1520],[3,2888,1528],[6,2896,1520],[1,2912,1520,3104,1520],[7,3104,1520],[4,3120,1520,3312,1520],[6,3328,1520],[10,3344,1520],[11,3664,1520],[7,3680,1520],[4,3696,1520,3744,1520],[6,3760,1520],[11,3904,1520],[8,3920,1520,4000,1520],[1,4016,1520,4064,1520],[7,4064,1520],[2,4080,1520],[5,4080,1528],[2,4096,1520,4336,1520],[2,0,1536,688,1536],[9,704,1536],[12,1008,1536],[2,1024,1536,2864,1536],[3,2872,1544],[6,2880,1536],[1,2896,1536,3312,1536],[13,3328,1536],[14,3680,1536],[1,3696,1536,3744,1536],[13,3760,1536],[11,4016,1536],[1,4032,1536,4080,1536],[12,4080,1536],[2,4096,1536,4336,1536],[2,0,1552,688,1552],[9,704,1552],[12,1008,1552],[2,1024,1552,2848,1552],[3,2856,1560],[6,2864,1552],[1,2880,1552,3312,1552],[13,3328,1552],[14,3680,1552],[1,3696,1552,3744,1552],[13,3760,1552],[11,4032,1552],[1,4048,1552,4080,1552],[12,4080,1552],[2,4096,1552,4336,1552],[2,0,1568,688,1568],[9,704,1568],[12,1008,1568],[2,1024,1568,2832,1568],[9,2848,1568],[1,2864,1568,2896,1568],[8,2912,1568,3088,1568],[1,3104,1568,3312,1568],[13,3328,1568],[14,3680,1568],[1,3696,1568,3744,1568],[13,3760,1568],[11,4048,1568],[1,4064,1568,4080,1568],[12,4080,1568],[2,4096,1568,4336,1568],[2,0,1584,688,1584],[9,704,1584],[12,1008,1584],[2,1024,1584,2832,1584],[9,2848,1584],[1,2864,1584,2880,1584],[10,2896,1584],[11,3104,1584],[8,3120,1584,3312,1584],[10,3328,1584],[11,3680,1584],[8,3696,1584,3744,1584],[10,3760,1584],[11,4064,1584],[12,4080,1584],[2,4096,1584,4336,1584],[2,0,1600,688,1600],[9,704,1600],[12,1008,1600],[2,1024,1600,2832,1600],[9,2848,1600],[1,2864,1600],[10,2880,1600],[12,4080,1600],[2,4096,1600,4336,1600],[2,0,1616,688,1616],[9,704,1616],[12,1008,1616],[2,1024,1616,2832,1616],[9,2848,1616],[10,2864,1616],[12,4080,1616],[2,4096,1616,4336,1616],[2,0,1632,704,1632],[18,712,1632],[17,720,1632],[15,992,1632],[2,1008,1632],[19,1008,1632],[2,1024,1632,2832,1632],[9,2848,1632],[12,4080,1632],[2,4096,1632,4336,1632],[2,0,1648,720,1648],[18,728,1648],[17,736,1648],[15,976,1648],[2,992,1648],[19,992,1648],[2,1008,1648,2832,1648],[9,2848,1648],[12,4080,1648],[2,4096,1648,4336,1648],[2,0,1664,736,1664],[18,744,1664],[16,752,1664,768,1664],[17,784,1664],[15,928,1664],[16,944,1664,960,1664],[2,976,1664],[19,976,1664],[2,992,1664,2496,1664],[3,2504,1672],[4,2512,1664,2656,1664],[2,2672,1664],[5,2672,1672],[2,2688,1664,2832,1664],[9,2848,1664],[12,4080,1664],[2,4096,1664,4336,1664],[2,0,1680,768,1680],[9,784,1680],[12,928,1680],[2,944,1680,2480,1680],[3,2488,1688],[6,2496,1680],[1,2512,1680,2672,1680],[7,2672,1680],[2,2688,1680],[5,2688,1688],[2,2704,1680,2832,1680],[9,2848,1680],[12,4080,1680],[2,4096,1680,4336,1680],[2,0,1696,768,1696],[9,784,1696],[12,928,1696],[2,944,1696,2464,1696],[3,2472,1704],[6,2480,1696],[1,2496,1696,2688,1696],[7,2688,1696],[2,2704,1696],[5,2704,1704],[2,2720,1696,2832,1696],[9,2848,1696],[12,4080,1696],[2,4096,1696,4336,1696],[2,0,1712,768,1712],[9,784,1712],[12,928,1712],[2,944,1712,2448,1712],[3,2456,1720],[6,2464,1712],[1,2480,1712,2704,1712],[7,2704,1712],[2,2720,1712],[5,2720,1720],[2,2736,1712,2832,1712],[9,2848,1712],[12,4080,1712],[2,4096,1712,4336,1712],[2,0,1728,768,1728],[9,784,1728],[12,928,1728],[2,944,1728,2432,1728],[3,2440,1736],[6,2448,1728],[1,2464,1728,2496,1728],[8,2512,1728,2656,1728],[1,2672,1728,2720,1728],[7,2720,1728],[2,2736,1728],[5,2736,1736],[2,2752,1728,2832,1728],[9,2848,1728],[15,3152,1728],[16,3168,1728,3312,1728],[17,3328,1728],[15,3680,1728],[16,3696,1728,3744,1728],[17,3760,1728],[12,4080,1728],[2,4096,1728,4336,1728],[2,0,1744,768,1744],[9,784,1744],[12,928,1744],[2,944,1744,1920,1744],[3,1928,1752],[4,1936,1744,2416,1744],[6,2432,1744],[1,2448,1744,2480,1744],[10,2496,1744],[11,2672,1744],[1,2688,1744,2736,1744],[7,2736,1744],[4,2752,1744,2832,1744],[6,2848,1744],[12,3152,1744],[2,3168,1744,3312,1744],[9,3328,1744],[12,3680,1744],[2,3696,1744,3744,1744],[9,3760,1744],[12,4080,1744],[2,4096,1744,4336,1744],[2,0,1760,768,1760],[9,784,1760],[12,928,1760],[2,944,1760,1904,1760],[9,1920,1760],[1,1936,1760,2464,1760],[10,2480,1760],[11,2688,1760],[1,2704,1760,2832,1760],[13,2848,1760],[12,3152,1760],[2,3168,1760,3312,1760],[9,3328,1760],[12,3680,1760],[2,3696,1760,3760,1760],[18,3768,1760],[17,3776,1760],[12,4080,1760],[2,4096,1760,4336,1760],[2,0,1776,768,1776],[9,784,1776],[7,928,1776],[4,944,1776,1040,1776],[2,1056,1776],[5,1056,1784],[2,1072,1776,1904,1776],[9,1920,1776],[1,1936,1776,2448,1776],[10,2464,1776],[11,2704,1776],[1,2720,1776,2832,1776],[13,2848,1776],[12,3152,1776],[2,3168,1776,3312,1776],[9,3328,1776],[12,3680,1776],[2,3696,1776,3760,1776],[9,3776,1776],[12,4080,1776],[2,4096,1776,4336,1776],[2,0,1792,768,1792],[9,784,1792],[14,928,1792],[1,944,1792,1056,1792],[7,1056,1792],[2,1072,1792],[5,1072,1800],[2,1088,1792,1904,1792],[9,1920,1792],[1,1936,1792,2432,1792],[10,2448,1792],[11,2720,1792],[1,2736,1792,2832,1792],[13,2848,1792],[12,3152,1792],[2,3168,1792,3312,1792],[9,3328,1792],[12,3680,1792],[2,3696,1792,3760,1792],[9,3776,1792],[12,4080,1792],[2,4096,1792,4336,1792],[2,0,1808,768,1808],[9,784,1808],[14,928,1808],[1,944,1808,1072,1808],[7,1072,1808],[2,1088,1808],[5,1088,1816],[2,1104,1808,1904,1808],[9,1920,1808],[8,1936,1808,2416,1808],[10,2432,1808],[11,2736,1808],[8,2752,1808,2832,1808],[10,2848,1808],[12,3152,1808],[2,3168,1808,3328,1808],[18,3336,1808],[17,3344,1808],[15,3664,1808],[2,3680,1808],[19,3680,1808],[2,3696,1808,3776,1808],[18,3784,1808],[17,3792,1808],[15,4064,1808],[2,4080,1808],[19,4080,1808],[2,4096,1808,4336,1808],[2,0,1824,768,1824],[9,784,1824],[14,928,1824],[1,944,1824,1088,1824],[7,1088,1824],[2,1104,1824],[5,1104,1832],[2,1120,1824,1904,1824],[9,1920,1824],[12,3152,1824],[2,3168,1824,3344,1824],[18,3352,1824],[17,3360,1824],[15,3648,1824],[2,3664,1824],[19,3664,1824],[2,3680,1824,3792,1824],[18,3800,1824],[17,3808,1824],[15,4048,1824],[2,4064,1824],[19,4064,1824],[2,4080,1824,4336,1824],[2,0,1840,768,1840],[9,784,1840],[11,928,1840],[8,944,1840,1040,1840],[1,1056,1840,1104,1840],[7,1104,1840],[2,1120,1840],[5,1120,1848],[2,1136,1840,1904,1840],[9,1920,1840],[12,3152,1840],[2,3168,1840,3360,1840],[18,3368,1840],[16,3376,1840,3632,1840],[2,3648,1840],[19,3648,1840],[2,3664,1840,3808,1840],[18,3816,1840],[17,3824,1840],[15,4032,1840],[2,4048,1840],[19,4048,1840],[2,4064,1840,4336,1840],[2,0,1856,768,1856],[9,784,1856],[11,1056,1856],[1,1072,1856,1120,1856],[12,1120,1856],[2,1136,1856,1904,1856],[9,1920,1856],[12,3152,1856],[2,3168,1856,3824,1856],[18,3832,1856],[17,3840,1856],[15,4016,1856],[2,4032,1856],[19,4032,1856],[2,4048,1856,4336,1856],[2,0,1872,352,1872],[3,360,1880],[4,368,1872,608,1872],[2,624,1872],[5,624,1880],[2,640,1872,768,1872],[9,784,1872],[11,1072,1872],[1,1088,1872,1120,1872],[12,1120,1872],[2,1136,1872,1904,1872],[9,1920,1872],[12,3152,1872],[2,3168,1872,3840,1872],[18,3848,1872],[17,3856,1872],[15,4000,1872],[2,4016,1872],[19,4016,1872],[2,4032,1872,4336,1872],[2,0,1888,336,1888],[3,344,1896],[6,352,1888],[1,368,1888,624,1888],[7,624,1888],[2,640,1888],[5,640,1896],[2,656,1888,768,1888],[9,784,1888],[11,1088,1888],[1,1104,1888,1120,1888],[12,1120,1888],[2,1136,1888,1280,1888],[3,1288,1896],[4,1296,1888,1536,1888],[2,1552,1888],[5,1552,1896],[2,1568,1888,1904,1888],[9,1920,1888],[12,3152,1888],[2,3168,1888,3840,1888],[9,3856,1888],[12,4000,1888],[2,4016,1888,4336,1888],[2,0,1904,320,1904],[3,328,1912],[6,336,1904],[1,352,1904,640,1904],[7,640,1904],[2,656,1904],[5,656,1912],[2,672,1904,768,1904],[9,784,1904],[11,1104,1904],[12,1120,1904],[2,1136,1904,1264,1904],[3,1272,1912],[6,1280,1904],[1,1296,1904,1552,1904],[7,1552,1904],[2,1568,1904],[5,1568,1912],[2,1584,1904,1904,1904],[9,1920,1904],[12,3152,1904],[2,3168,1904,3840,1904],[9,3856,1904],[12,4000,1904],[2,4016,1904,4336,1904],[2,0,1920,304,1920],[3,312,1928],[6,320,1920],[1,336,1920,656,1920],[7,656,1920],[2,672,1920],[5,672,1928],[2,688,1920,768,1920],[9,784,1920],[12,1120,1920],[2,1136,1920,1248,1920],[3,1256,1928],[6,1264,1920],[1,1280,1920,1568,1920],[7,1568,1920],[2,1584,1920],[5,1584,1928],[2,1600,1920,1904,1920],[9,1920,1920],[15,3136,1920],[2,3152,1920],[19,3152,1920],[2,3168,1920,3840,1920],[9,3856,1920],[12,4000,1920],[2,4016,1920,4336,1920],[2,0,1936,288,1936],[9,304,1936],[1,320,1936,352,1936],[8,368,1936,608,1936],[1,624,1936,672,1936],[12,672,1936],[2,688,1936,768,1936],[9,784,1936],[12,1120,1936],[2,1136,1936,1232,1936],[3,1240,1944],[6,1248,1936],[1,1264,1936,1584,1936],[7,1584,1936],[2,1600,19"}]
42["map_chunk",{"run":"20ad9698e52bc3915eea310a","index":11,"count":15,"text":"36],[5,1600,1944],[2,1616,1936,1904,1936],[9,1920,1936],[15,3120,1936],[2,3136,1936],[19,3136,1936],[2,3152,1936,3840,1936],[9,3856,1936],[12,4000,1936],[2,4016,1936,4336,1936],[2,0,1952,288,1952],[9,304,1952],[1,320,1952,336,1952],[10,352,1952],[11,624,1952],[1,640,1952,672,1952],[12,672,1952],[2,688,1952,768,1952],[9,784,1952],[7,1120,1952],[4,1136,1952,1216,1952],[6,1232,1952],[1,1248,1952,1280,1952],[8,1296,1952,1536,1952],[1,1552,1952,1600,1952],[12,1600,1952],[2,1616,1952,1872,1952],[3,1880,1960],[4,1888,1952,1904,1952],[6,1920,1952],[20,2064,1952],[21,2072,1952],[22,2064,1960],[23,2072,1960],[24,2080,1952],[21,2088,1952],[25,2080,1960],[23,2088,1960],[24,2096,1952],[21,2104,1952],[25,2096,1960],[23,2104,1960],[16,2112,1952,2400,1952],[17,2416,1952],[15,2736,1952],[16,2752,1952,2880,1952],[17,2896,1952],[15,3104,1952],[2,3120,1952],[19,3120,1952],[2,3136,1952,3840,1952],[9,3856,1952],[12,4000,1952],[2,4016,1952,4336,1952],[2,0,1968,288,1968],[9,304,1968],[1,320,1968],[10,336,1968],[11,640,1968],[1,656,1968,672,1968],[12,672,1968],[2,688,1968,768,1968],[9,784,1968],[14,1120,1968],[1,1136,1968,1264,1968],[10,1280,1968],[11,1552,1968],[1,1568,1968,1600,1968],[12,1600,1968],[2,1616,1968,1856,1968],[3,1864,1976],[6,1872,1968],[1,1888,1968,1904,1968],[13,1920,1968],[14,2064,1968],[1,2080,1968,2112,1968],[7,2112,1968],[2,2128,1968],[5,2128,1976],[2,2144,1968,2400,1968],[9,2416,1968],[15,2720,1968],[2,2736,1968],[19,2736,1968],[2,2752,1968,2896,1968],[18,2904,1968],[16,2912,1968,3088,1968],[2,3104,1968],[19,3104,1968],[2,3120,1968,3840,1968],[9,3856,1968],[12,4000,1968],[2,4016,1968,4336,1968],[2,0,1984,288,1984],[9,304,1984],[10,320,1984],[11,656,1984],[12,672,1984],[2,688,1984,768,1984],[9,784,1984],[14,1120,1984],[1,1136,1984,1248,1984],[10,1264,1984],[11,1568,1984],[1,1584,1984,1600,1984],[12,1600,1984],[2,1616,1984,1840,1984],[3,1848,1992],[6,1856,1984],[1,1872,1984,1904,1984],[13,1920,1984],[14,2064,1984],[1,2080,1984,2128,1984],[7,2128,1984],[2,2144,1984],[5,2144,1992],[2,2160,1984,2400,1984],[9,2416,1984],[15,2704,1984],[2,2720,1984],[19,2720,1984],[2,2736,1984,3840,1984],[9,3856,1984],[12,4000,1984],[2,4016,1984,4336,1984],[2,0,2000,288,2000],[9,304,2000],[7,672,2000],[4,688,2000,768,2000],[6,784,2000],[14,1120,2000],[1,1136,2000,1232,2000],[10,1248,2000],[11,1584,2000],[7,1600,2000],[4,1616,2000,1824,2000],[6,1840,2000],[1,1856,2000,1904,2000],[13,1920,2000],[14,2064,2000],[1,2080,2000,2144,2000],[7,2144,2000],[2,2160,2000],[5,2160,2008],[2,2176,2000,2400,2000],[9,2416,2000],[15,2688,2000],[2,2704,2000],[19,2704,2000],[2,2720,2000,3840,2000],[9,3856,2000],[12,4000,2000],[2,4016,2000,4336,2000],[2,0,2016,288,2016],[9,304,2016],[14,672,2016],[1,688,2016,768,2016],[13,784,2016],[11,1120,2016],[8,1136,2016,1216,2016],[10,1232,2016],[14,1600,2016],[1,1616,2016,1872,2016],[8,1888,2016,1904,2016],[10,1920,2016],[11,2064,2016],[8,2080,2016,2096,2016],[1,2112,2016,2160,2016],[12,2160,2016],[2,2176,2016,2400,2016],[9,2416,2016],[15,2672,2016],[2,2688,2016],[19,2688,2016],[2,2704,2016,3840,2016],[9,3856,2016],[12,4000,2016],[2,4016,2016,4336,2016],[2,0,2032,288,2032],[9,304,2032],[14,672,2032],[1,688,2032,768,2032],[13,784,2032],[14,1600,2032],[1,1616,2032,1856,2032],[10,1872,2032],[11,2112,2032],[1,2128,2032,2160,2032],[12,2160,2032],[2,2176,2032,2400,2032],[9,2416,2032],[15,2560,2032],[16,2576,2032,2656,2032],[2,2672,2032],[19,2672,2032],[2,2688,2032,3840,2032],[9,3856,2032],[12,4000,2032],[2,4016,2032,4336,2032],[2,0,2048,288,2048],[9,304,2048],[14,672,2048],[1,688,2048,768,2048],[13,784,2048],[14,1600,2048],[1,1616,2048,1840,2048],[10,1856,2048],[11,2128,2048],[1,2144,2048,2160,2048],[12,2160,2048],[2,2176,2048,2400,2048],[9,2416,2048],[12,2560,2048],[2,2576,2048,3840,2048],[9,3856,2048],[12,4000,2048],[2,4016,2048,4336,2048],[2,0,2064,288,2064],[9,304,2064],[11,672,2064],[8,688,2064,768,2064],[10,784,2064],[11,1600,2064],[8,1616,2064,1824,2064],[10,1840,2064],[11,2144,2064],[12,2160,2064],[2,2176,2064,2400,2064],[9,2416,2064],[12,2560,2064],[2,2576,2064,3840,2064],[9,3856,2064],[12,4000,2064],[2,4016,2064,4336,2064],[2,0,2080,288,2080],[9,304,2080],[12,2160,2080],[2,2176,2080,2400,2080],[9,2416,2080],[12,2560,2080],[2,2576,2080,3840,2080],[9,3856,2080],[12,4000,2080],[2,4016,2080,4336,2080],[2,0,2096,288,2096],[9,304,2096],[12,2160,2096],[2,2176,2096,2400,2096],[9,2416,2096],[12,2560,2096],[2,2576,2096,3840,2096],[9,3856,2096],[12,4000,2096],[2,4016,2096,4336,2096],[2,0,2112,288,2112],[9,304,2112],[12,2160,2112],[2,2176,2112,2400,2112],[9,2416,2112],[12,2560,2112],[2,2576,2112,3840,2112],[9,3856,2112],[12,4000,2112],[2,4016,2112,4336,2112],[2,0,2128,288,2128],[9,304,2128],[12,2160,2128],[2,2176,2128,2400,2128],[9,2416,2128],[12,2560,2128],[2,2576,2128,3840,2128],[9,3856,2128],[12,4000,2128],[2,4016,2128,4336,2128],[2,0,2144,288,2144],[9,304,2144],[12,2160,2144],[2,2176,2144,2400,2144],[9,2416,2144],[12,2560,2144],[2,2576,2144,3840,2144],[9,3856,2144],[12,4000,2144],[2,4016,2144,4336,2144],[2,0,2160,288,2160],[9,304,2160],[15,1072,2160],[16,1088,2160,1216,2160],[17,1232,2160],[12,2160,2160],[2,2176,2160,2400,2160],[9,2416,2160],[12,2560,2160],[2,2576,2160,3792,2160],[3,3800,2168],[4,3808,2160,3840,2160],[6,3856,2160],[7,4000,2160],[4,4016,2160,4032,2160],[2,4048,2160],[5,4048,2168],[2,4064,2160,4336,2160],[2,0,2176,288,2176],[9,304,2176],[15,1056,2176],[2,1072,2176],[19,1072,2176],[2,1088,2176,1232,2176],[18,1240,2176],[17,1248,2176],[12,2160,2176],[2,2176,2176,2400,2176],[9,2416,2176],[12,2560,2176],[2,2576,2176,3776,2176],[3,3784,2184],[6,3792,2176],[1,3808,2176,3840,2176],[13,3856,2176],[14,4000,2176],[1,4016,2176,4048,2176],[7,4048,2176],[2,4064,2176],[5,4064,2184],[2,4080,2176,4336,2176],[2,0,2192,288,2192],[9,304,2192],[15,1024,2192],[16,1040,2192],[2,1056,2192],[19,1056,2192],[2,1072,2192,1248,2192],[18,1256,2192],[17,1264,2192],[12,2160,2192],[2,2176,2192,2400,2192],[9,2416,2192],[12,2560,2192],[2,2576,2192,3760,2192],[3,3768,2200],[6,3776,2192],[1,3792,2192,3840,2192],[13,3856,2192],[14,4000,2192],[1,4016,2192,4064,2192],[7,4064,2192],[2,4080,2192],[5,4080,2200],[2,4096,2192,4336,2192],[2,0,2208,288,2208],[9,304,2208],[15,672,2208],[16,688,2208,1008,2208],[2,1024,2208],[19,1024,2208],[2,1040,2208,1264,2208],[18,1272,2208],[17,1280,2208],[15,1552,2208],[16,1568,2208,1824,2208],[17,1840,2208],[15,2144,2208],[2,2160,2208],[19,2160,2208],[2,2176,2208,2400,2208],[9,2416,2208],[12,2560,2208],[2,2576,2208,3744,2208],[9,3760,2208],[1,3776,2208,3840,2208],[13,3856,2208],[14,4000,2208],[1,4016,2208,4080,2208],[12,4080,2208],[2,4096,2208,4336,2208],[2,0,2224,288,2224],[9,304,2224],[12,672,2224],[2,688,2224,1280,2224],[18,1288,2224],[16,1296,2224],[17,1312,2224],[15,1456,2224],[16,1472,2224,1536,2224],[2,1552,2224],[19,1552,2224],[2,1568,2224,1840,2224],[18,1848,2224],[17,1856,2224],[15,2128,2224],[2,2144,2224],[19,2144,2224],[2,2160,2224,2400,2224],[9,2416,2224],[12,2560,2224],[2,2576,2224,3744,2224],[9,3760,2224],[1,3776,2224,3792,2224],[8,3808,2224,3840,2224],[10,3856,2224],[11,4000,2224],[8,4016,2224,4032,2224],[1,4048,2224,4080,2224],[12,4080,2224],[2,4096,2224,4336,2224],[2,0,2240,288,2240],[9,304,2240],[12,672,2240],[2,688,2240,1296,2240],[9,1312,2240],[12,1456,2240],[2,1472,2240,1856,2240],[18,1864,2240],[17,1872,2240],[15,2112,2240],[2,2128,2240],[19,2128,2240],[2,2144,2240,2304,2240],[3,2312,2248],[4,2320,2240,2400,2240],[6,2416,2240],[7,2560,2240],[4,2576,2240,2656,2240],[2,2672,2240],[5,2672,2248],[2,2688,2240,3744,2240],[9,3760,2240],[1,3776,2240],[10,3792,2240],[11,4048,2240],[1,4064,2240,4080,2240],[12,4080,2240],[2,4096,2240,4336,2240],[2,0,2256,288,2256],[9,304,2256],[12,672,2256],[2,688,2256,1296,2256],[9,1312,2256],[12,1456,2256],[2,1472,2256,1872,2256],[18,1880,2256],[16,1888,2256,1904,2256],[17,1920,2256],[15,2064,2256],[16,2080,2256,2096,2256],[2,2112,2256],[19,2112,2256],[2,2128,2256,2288,2256],[9,2304,2256],[1,2320,2256,2400,2256],[13,2416,2256],[14,2560,2256],[1,2576,2256,2672,2256],[12,2672,2256],[2,2688,2256,3744,2256],[9,3760,2256],[10,3776,2256],[11,4064,2256],[12,4080,2256],[2,4096,2256,4336,2256],[2,0,2272,288,2272],[9,304,2272],[12,672,2272],[2,688,2272,1296,2272],[9,1312,2272],[12,1456,2272],[2,1472,2272,1904,2272],[9,1920,2272],[12,2064,2272],[2,2080,2272,2288,2272],[9,2304,2272],[1,2320,2272,2400,2272],[13,2416,2272],[14,2560,2272],[1,2576,2272,2672,2272],[12,2672,2272],[2,2688,2272,3744,2272],[9,3760,2272],[12,4080,2272],[2,4096,2272,4336,2272],[2,0,2288,304,2288],[18,312,2288],[17,320,2288],[15,656,2288],[2,672,2288],[19,672,2288],[2,688,2288,1296,2288],[9,1312,2288],[12,1456,2288],[2,1472,2288,1904,2288],[9,1920,2288],[7,2064,2288],[4,2080,2288,2288,2288],[6,2304,2288],[1,2320,2288,2400,2288],[13,2416,2288],[14,2560,2288],[1,2576,2288,2672,2288],[12,2672,2288],[2,2688,2288,3744,2288],[9,3760,2288],[12,4080,2288],[2,4096,2288,4336,2288],[2,0,2304,320,2304],[18,328,2304],[17,336,2304],[15,640,2304],[2,656,2304],[19,656,2304],[2,672,2304,1296,2304],[9,1312,2304],[12,1456,2304],[2,1472,2304,1904,2304],[9,1920,2304],[14,2064,2304],[1,2080,2304,2304,2304],[8,2320,2304,2400,2304],[10,2416,2304],[11,2560,2304],[8,2576,2304,2656,2304],[12,2672,2304],[2,2688,2304,3744,2304],[9,3760,2304],[12,4080,2304],[2,4096,2304,4336,2304],[2,0,2320,336,2320],[18,344,2320],[17,352,2320],[15,624,2320],[2,640,2320],[19,640,2320],[2,656,2320,1296,2320],[9,1312,2320],[12,1456,2320],[2,1472,2320,1904,2320],[3,1912,2328],[6,1920,2320],[14,2064,2320],[1,2080,2320,2288,2320],[13,2304,2320],[12,2672,2320],[2,2688,2320,3744,2320],[9,3760,2320],[12,4080,2320],[2,4096,2320,4336,2320],[2,0,2336,352,2336],[18,360,2336],[16,368,2336,400,2336],[17,416,2336],[15,560,2336],[16,576,2336,608,2336],[2,624,2336],[19,624,2336],[2,640,2336,1296,2336],[9,1312,2336],[12,1456,2336],[2,1472,2336,1888,2336],[3,1896,2344],[6,1904,2336],[13,1920,2336],[14,2064,2336],[1,2080,2336,2288,2336],[13,2304,2336],[12,2672,2336],[2,2688,2336,3744,2336],[9,3760,2336],[12,4080,2336],[2,4096,2336,4336,2336],[2,0,2352,400,2352],[9,416,2352],[12,560,2352],[2,576,2352,1296,2352],[9,1312,2352],[12,1456,2352],[2,1472,2352,1872,2352],[3,1880,2360],[6,1888,2352],[1,1904,2352],[13,1920,2352],[11,2064,2352],[8,2080,2352,2288,2352],[10,2304,2352],[12,2672,2352],[2,2688,2352,3328,2352],[3,3336,2360],[4,3344,2352,3664,2352],[2,3680,2352],[5,3680,2360],[2,3696,2352,3744,2352],[9,3760,2352],[12,4080,2352],[2,4096,2352,4336,2352],[2,0,2368,400,2368],[9,416,2368],[12,560,2368],[2,576,2368,1296,2368],[9,1312,2368],[12,1456,2368],[2,1472,2368,1856,2368],[9,1872,2368],[1,1888,2368,1904,2368],[13,1920,2368],[12,2672,2368],[2,2688,2368,3312,2368],[9,3328,2368],[1,3344,2368,3680,2368],[12,3680,2368],[2,3696,2368,3744,2368],[9,3760,2368],[12,4080,2368],[2,4096,2368,4336,2368],[2,0,2384,400,2384],[9,416,2384],[12,560,2384],[2,576,2384,1296,2384],[9,1312,2384],[12,1456,2384],[2,1472,2384,1856,2384],[9,1872,2384],[1,1888,2384,1904,2384],[10,1920,2384],[12,2672,2384],[2,2688,2384,3312,2384],[9,3328,2384],[1,3344,2384,3680,2384],[12,3680,2384],[2,3696,2384,3744,2384],[9,3760,2384],[12,4080,2384],[2,4096,2384,4336,2384],[2,0,2400,256,2400],[3,264,2408],[4,272,2400,400,2400],[6,416,2400],[7,560,2400],[4,576,2400],[2,592,2400],[5,592,2408],[2,608,2400,1296,2400],[3,1304,2408],[6,1312,2400],[7,1456,2400],[4,1472,2400],[2,1488,2400],[5,1488,2408],[2,1504,2400,1856,2400],[9,1872,2400],[1,1888,2400],[10,1904,2400],[12,2672,2400],[2,2688,2400,3312,2400],[9,3328,2400],[1,3344,2400,3680,2400],[12,3680,2400],[2,3696,2400,3744,2400],[9,3760,2400],[12,4080,2400],[2,4096,2400,4336,2400],[2,0,2416,240,2416],[3,248,2424],[6,256,2416],[1,272,2416,400,2416],[13,416,2416],[14,560,2416],[1,576,2416,592,2416],[7,592,2416],[2,608,2416],[5,608,2424],[2,624,2416,1280,2416],[3,1288,2424],[6,1296,2416],[13,1312,2416],[14,1456,2416],[1,1472,2416,1488,2416],[7,1488,2416],[2,1504,2416],[5,1504,2424],[2,1520,2416,1856,2416],[9,1872,2416],[10,1888,2416],[12,2672,2416],[2,2688,2416,3312,2416],[9,3328,2416],[8,3344,2416,3664,2416],[12,3680,2416],[2,3696,2416,37"}]
42["map_chunk",{"run":"20ad9698e52bc3915eea310a","index":12,"count":15,"text":"44,2416],[9,3760,2416],[12,4080,2416],[2,4096,2416,4336,2416],[2,0,2432,224,2432],[3,232,2440],[6,240,2432],[1,256,2432,400,2432],[13,416,2432],[14,560,2432],[1,576,2432,608,2432],[7,608,2432],[2,624,2432],[5,624,2440],[2,640,2432,1264,2432],[3,1272,2440],[6,1280,2432],[1,1296,2432],[13,1312,2432],[14,1456,2432],[1,1472,2432,1504,2432],[7,1504,2432],[2,1520,2432],[5,1520,2440],[2,1536,2432,1856,2432],[9,1872,2432],[12,2672,2432],[2,2688,2432,3312,2432],[9,3328,2432],[12,3680,2432],[2,3696,2432,3744,2432],[9,3760,2432],[12,4080,2432],[2,4096,2432,4336,2432],[2,0,2448,208,2448],[9,224,2448],[1,240,2448,400,2448],[13,416,2448],[14,560,2448],[1,576,2448,624,2448],[12,624,2448],[2,640,2448,784,2448],[3,792,2456],[4,800,2448,1120,2448],[2,1136,2448],[5,1136,2456],[2,1152,2448,1248,2448],[3,1256,2456],[6,1264,2448],[1,1280,2448,1296,2448],[13,1312,2448],[14,1456,2448],[1,1472,2448,1520,2448],[7,1520,2448],[2,1536,2448],[5,1536,2456],[2,1552,2448,1856,2448],[9,1872,2448],[12,2672,2448],[2,2688,2448,3312,2448],[9,3328,2448],[12,3680,2448],[2,3696,2448,3744,2448],[9,3760,2448],[12,4080,2448],[2,4096,2448,4336,2448],[2,0,2464,208,2464],[9,224,2464],[1,240,2464,256,2464],[8,272,2464,400,2464],[10,416,2464],[11,560,2464],[8,576,2464],[1,592,2464,624,2464],[12,624,2464],[2,640,2464,768,2464],[9,784,2464],[1,800,2464,1136,2464],[12,1136,2464],[2,1152,2464,1232,2464],[3,1240,2472],[6,1248,2464],[1,1264,2464,1296,2464],[10,1312,2464],[11,1456,2464],[8,1472,2464],[1,1488,2464,1536,2464],[7,1536,2464],[2,1552,2464],[5,1552,2472],[2,1568,2464,1856,2464],[9,1872,2464],[12,2672,2464],[2,2688,2464,3312,2464],[9,3328,2464],[7,3680,2464],[4,3696,2464,3760,2464],[24,3776,2464],[26,3784,2464],[25,3776,2472],[27,3784,2472],[15,4064,2464],[2,4080,2464],[19,4080,2464],[2,4096,2464,4336,2464],[2,0,2480,208,2480],[9,224,2480],[1,240,2480],[10,256,2480],[11,592,2480],[1,608,2480,624,2480],[12,624,2480],[2,640,2480,768,2480],[9,784,2480],[1,800,2480,1136,2480],[12,1136,2480],[2,1152,2480,1216,2480],[9,1232,2480],[1,1248,2480,1280,2480],[10,1296,2480],[11,1488,2480],[1,1504,2480,1552,2480],[12,1552,2480],[2,1568,2480,1856,2480],[9,1872,2480],[12,2672,2480],[2,2688,2480,3312,2480],[9,3328,2480],[14,3680,2480],[1,3696,2480,3760,2480],[13,3776,2480],[15,4048,2480],[2,4064,2480],[19,4064,2480],[2,4080,2480,4336,2480],[2,0,2496,208,2496],[9,224,2496],[10,240,2496],[11,608,2496],[12,624,2496],[2,640,2496,768,2496],[9,784,2496],[1,800,2496,1136,2496],[7,1136,2496],[4,1152,2496,1216,2496],[6,1232,2496],[1,1248,2496,1264,2496],[10,1280,2496],[11,1504,2496],[1,1520,2496,1552,2496],[7,1552,2496],[4,1568,2496,1856,2496],[6,1872,2496],[15,2176,2496],[16,2192,2496,2288,2496],[17,2304,2496],[12,2672,2496],[2,2688,2496,3312,2496],[9,3328,2496],[14,3680,2496],[1,3696,2496,3760,2496],[13,3776,2496],[15,3984,2496],[16,4000,2496,4032,2496],[2,4048,2496],[19,4048,2496],[2,4064,2496,4336,2496],[2,0,2512,208,2512],[9,224,2512],[12,624,2512],[2,640,2512,768,2512],[9,784,2512],[8,800,2512,1120,2512],[1,1136,2512,1248,2512],[10,1264,2512],[11,1520,2512],[1,1536,2512,1856,2512],[13,1872,2512],[12,2176,2512],[2,2192,2512,2288,2512],[9,2304,2512],[12,2672,2512],[2,2688,2512,3312,2512],[9,3328,2512],[14,3680,2512],[1,3696,2512,3760,2512],[13,3776,2512],[12,3984,2512],[2,4000,2512,4336,2512],[2,0,2528,208,2528],[9,224,2528],[7,624,2528],[4,640,2528,768,2528],[6,784,2528],[14,1136,2528],[1,1152,2528,1232,2528],[10,1248,2528],[11,1536,2528],[1,1552,2528,1856,2528],[13,1872,2528],[12,2176,2528],[2,2192,2528,2288,2528],[9,2304,2528],[12,2672,2528],[2,2688,2528,2880,2528],[3,2888,2536],[4,2896,2528,3136,2528],[2,3152,2528],[5,3152,2536],[2,3168,2528,3312,2528],[9,3328,2528],[11,3680,2528],[8,3696,2528,3760,2528],[10,3776,2528],[12,3984,2528],[2,4000,2528,4336,2528],[2,0,2544,208,2544],[9,224,2544],[14,624,2544],[1,640,2544,768,2544],[13,784,2544],[14,1136,2544],[1,1152,2544,1216,2544],[13,1232,2544],[14,1552,2544],[1,1568,2544,1856,2544],[13,1872,2544],[12,2176,2544],[2,2192,2544,2288,2544],[9,2304,2544],[12,2672,2544],[2,2688,2544,2864,2544],[3,2872,2552],[6,2880,2544],[1,2896,2544,3152,2544],[7,3152,2544],[2,3168,2544],[5,3168,2552],[2,3184,2544,3312,2544],[9,3328,2544],[12,3984,2544],[2,4000,2544,4336,2544],[2,0,2560,208,2560],[9,224,2560],[14,624,2560],[1,640,2560,768,2560],[13,784,2560],[11,1136,2560],[8,1152,2560,1216,2560],[10,1232,2560],[11,1552,2560],[8,1568,2560,1856,2560],[10,1872,2560],[12,2176,2560],[2,2192,2560,2304,2560],[18,2312,2560],[16,2320,2560,2656,2560],[2,2672,2560],[19,2672,2560],[2,2688,2560,2848,2560],[3,2856,2568],[6,2864,2560],[1,2880,2560,3168,2560],[7,3168,2560],[2,3184,2560],[5,3184,2568],[2,3200,2560,3312,2560],[9,3328,2560],[12,3984,2560],[2,4000,2560,4336,2560],[2,0,2576,208,2576],[9,224,2576],[14,624,2576],[1,640,2576,768,2576],[13,784,2576],[12,2176,2576],[2,2192,2576,2832,2576],[3,2840,2584],[6,2848,2576],[1,2864,2576,3184,2576],[7,3184,2576],[4,3200,2576,3312,2576],[6,3328,2576],[12,3984,2576],[2,4000,2576,4336,2576],[2,0,2592,208,2592],[9,224,2592],[11,624,2592],[8,640,2592,768,2592],[10,784,2592],[12,2176,2592],[2,2192,2592,2816,2592],[9,2832,2592],[1,2848,2592,2880,2592],[8,2896,2592,3136,2592],[1,3152,2592,3312,2592],[13,3328,2592],[12,3984,2592],[2,4000,2592,4336,2592],[2,0,2608,208,2608],[9,224,2608],[12,2176,2608],[2,2192,2608,2816,2608],[9,2832,2608],[1,2848,2608,2864,2608],[10,2880,2608],[11,3152,2608],[1,3168,2608,3312,2608],[13,3328,2608],[12,3984,2608],[2,4000,2608,4336,2608],[2,0,2624,208,2624],[9,224,2624],[12,2176,2624],[2,2192,2624,2816,2624],[9,2832,2624],[1,2848,2624],[10,2864,2624],[11,3168,2624],[1,3184,2624,3312,2624],[13,3328,2624],[12,3984,2624],[2,4000,2624,4336,2624],[2,0,2640,208,2640],[9,224,2640],[12,2176,2640],[2,2192,2640,2816,2640],[9,2832,2640],[10,2848,2640],[11,3184,2640],[8,3200,2640,3312,2640],[10,3328,2640],[12,3984,2640],[2,4000,2640,4336,2640],[2,0,2656,208,2656],[9,224,2656],[12,2176,2656],[2,2192,2656,2816,2656],[9,2832,2656],[12,3984,2656],[2,4000,2656,4336,2656],[2,0,2672,208,2672],[9,224,2672],[12,2176,2672],[2,2192,2672,2816,2672],[9,2832,2672],[15,3680,2672],[16,3696,2672,3968,2672],[2,3984,2672],[19,3984,2672],[2,4000,2672,4336,2672],[2,0,2688,208,2688],[9,224,2688],[15,2160,2688],[2,2176,2688],[19,2176,2688],[2,2192,2688,2816,2688],[9,2832,2688],[12,3680,2688],[2,3696,2688,4336,2688],[2,0,2704,208,2704],[9,224,2704],[15,1136,2704],[16,1152,2704,1216,2704],[17,1232,2704],[15,1552,2704],[16,1568,2704,1888,2704],[17,1904,2704],[15,2144,2704],[2,2160,2704],[19,2160,2704],[2,2176,2704,2816,2704],[9,2832,2704],[12,3680,2704],[2,3696,2704,4336,2704],[2,0,2720,208,2720],[9,224,2720],[12,1136,2720],[2,1152,2720,1216,2720],[9,1232,2720],[12,1552,2720],[2,1568,2720,1904,2720],[18,1912,2720],[16,1920,2720,2128,2720],[2,2144,2720],[19,2144,2720],[2,2160,2720,2816,2720],[9,2832,2720],[12,3680,2720],[2,3696,2720,4336,2720],[2,0,2736,208,2736],[9,224,2736],[15,624,2736],[16,640,2736,768,2736],[17,784,2736],[12,1136,2736],[2,1152,2736,1216,2736],[9,1232,2736],[12,1552,2736],[2,1568,2736,2816,2736],[9,2832,2736],[12,3680,2736],[2,3696,2736,4336,2736],[2,0,2752,208,2752],[9,224,2752],[12,624,2752],[2,640,2752,768,2752],[9,784,2752],[12,1136,2752],[2,1152,2752,1232,2752],[18,1240,2752],[17,1248,2752],[15,1536,2752],[2,1552,2752],[19,1552,2752],[2,1568,2752,2816,2752],[9,2832,2752],[12,3680,2752],[2,3696,2752,4336,2752],[2,0,2768,208,2768],[9,224,2768],[12,624,2768],[2,640,2768,768,2768],[9,784,2768],[12,1136,2768],[2,1152,2768,1248,2768],[18,1256,2768],[17,1264,2768],[15,1520,2768],[2,1536,2768],[19,1536,2768],[2,1552,2768,2816,2768],[9,2832,2768],[12,3680,2768],[2,3696,2768,4336,2768],[2,0,2784,208,2784],[9,224,2784],[12,624,2784],[2,640,2784,768,2784],[9,784,2784],[12,1136,2784],[2,1152,2784,1264,2784],[18,1272,2784],[17,1280,2784],[15,1504,2784],[2,1520,2784],[19,1520,2784],[2,1536,2784,2832,2784],[18,2840,2784],[17,2848,2784],[15,3184,2784],[16,3200,2784,3312,2784],[17,3328,2784],[12,3680,2784],[2,3696,2784,4336,2784],[2,0,2800,208,2800],[9,224,2800],[12,624,2800],[2,640,2800,768,2800],[9,784,2800],[12,1136,2800],[2,1152,2800,1280,2800],[18,1288,2800],[17,1296,2800],[15,1488,2800],[2,1504,2800],[19,1504,2800],[2,1520,2800,2848,2800],[18,2856,2800],[17,2864,2800],[15,3168,2800],[2,3184,2800],[19,3184,2800],[2,3200,2800,3328,2800],[18,3336,2800],[16,3344,2800,3664,2800],[2,3680,2800],[19,3680,2800],[2,3696,2800,4336,2800],[2,0,2816,224,2816],[18,232,2816],[17,240,2816],[15,608,2816],[2,624,2816],[19,624,2816],[2,640,2816,784,2816],[18,792,2816],[16,800,2816,1120,2816],[2,1136,2816],[19,1136,2816],[2,1152,2816,1296,2816],[18,1304,2816],[16,1312,2816,1472,2816],[2,1488,2816],[19,1488,2816],[2,1504,2816,2864,2816],[18,2872,2816],[17,2880,2816],[15,3152,2816],[2,3168,2816],[19,3168,2816],[2,3184,2816,4336,2816],[2,0,2832,240,2832],[18,248,2832],[17,256,2832],[15,592,2832],[2,608,2832],[19,608,2832],[2,624,2832,2880,2832],[18,2888,2832],[16,2896,2832,3136,2832],[2,3152,2832],[19,3152,2832],[2,3168,2832,4336,2832],[2,0,2848,256,2848],[18,264,2848],[16,272,2848,576,2848],[2,592,2848],[19,592,2848],[2,608,2848,4336,2848],[2,0,2864,4336,2864],[2,0,2880,4336,2880],[2,0,2896,4336,2896],[2,0,2912,4336,2912],[2,0,2928,4336,2928],[2,0,2944,4336,2944],[2,0,2960,4336,2960],[2,0,2976,4336,2976],[2,0,2992,4336,2992],[2,0,3008,4336,3008],[2,0,3024,4336,3024],[2,0,3040,4336,3040],[2,0,3056,4336,3056],[28,304,320],[29,312,320],[30,320,320],[31,328,320],[30,336,320],[31,344,320],[30,352,320],[31,360,320],[30,368,320],[31,376,320],[32,384,320],[33,392,320],[34,304,328],[35,312,328],[36,320,328],[37,328,328],[36,336,328],[37,344,328],[36,352,328],[37,360,328],[36,368,328],[37,376,328],[38,384,328],[39,392,328],[40,304,336],[41,312,336],[42,320,336],[43,328,336],[42,336,336],[43,344,336],[42,352,336],[43,360,336],[42,368,336],[43,376,336],[44,384,336],[45,392,336],[34,304,344],[35,312,344],[36,320,344],[37,328,344],[36,336,344],[37,344,344],[36,352,344],[37,360,344],[36,368,344],[37,376,344],[38,384,344],[39,392,344],[40,304,352],[41,312,352],[42,320,352],[43,328,352],[42,336,352],[43,344,352],[42,352,352],[43,360,352],[42,368,352],[43,376,352],[44,384,352],[45,392,352],[34,304,360],[35,312,360],[36,320,360],[37,328,360],[36,336,360],[37,344,360],[36,352,360],[37,360,360],[36,368,360],[37,376,360],[38,384,360],[39,392,360],[40,304,368],[41,312,368],[42,320,368],[43,328,368],[42,336,368],[43,344,368],[42,352,368],[43,360,368],[42,368,368],[43,376,368],[44,384,368],[45,392,368],[46,304,376],[47,312,376],[48,320,376],[49,328,376],[48,336,376],[49,344,376],[48,352,376],[49,360,376],[48,368,376],[49,376,376],[50,384,376],[51,392,376],[54,288,2496],[55,296,2496],[56,304,2496],[55,312,2496],[56,320,2496],[55,328,2496],[56,336,2496],[55,344,2496],[56,352,2496],[55,360,2496],[56,368,2496],[57,376,2496],[58,288,2504],[59,296,2504],[60,304,2504],[59,312,2504],[60,320,2504],[59,328,2504],[60,336,2504],[59,344,2504],[60,352,2504],[59,360,2504],[60,368,2504],[61,376,2504],[62,288,2512],[63,296,2512],[64,304,2512],[63,312,2512],[64,320,2512],[63,328,2512],[64,336,2512],[63,344,2512],[64,352,2512],[63,360,2512],[64,368,2512],[65,376,2512],[58,288,2520],[59,296,2520],[60,304,2520],[59,312,2520],[60,320,2520],[59,328,2520],[60,336,2520],[59,344,2520],[60,352,2520],[59,360,2520],[60,368,2520],[61,376,2520],[62,288,2528],[63,296,2528],[64,304,2528],[63,312,2528],[64,320,2528],[63,328,2528],[64,336,2528],[63,344,2528],[64,352,2528],[63,360,2528],[64,368,2528],[65,376,2528],[58,288,2536],[59,296,2536],[60,304,2536],[59,312,2536],[60,320,2536],[59,328,2536],[60,336,2536],[59,344,2536],[60,352,2536],[59,360,2536],[60,368,2536],[61,376,2536],[62,288,2544],[63,296,2544],[64,304,2544],[63,312,2544],[64,320,2544],[63,328,2544],[64,336,2544],[63,344,2544],[64,352,2544],[63,360,2544],[64,368,2544],[65,376,2544],[66,288,2552],[67,296,2552],[68,304,2552],[67,312,2552],[68,320,2552],[67,328,2552],[68,336,2552],[67,344,2552],[68,352,2552],[67,360,2552],[68,368,2552],[69,376,2552],[71,2896,272],[71,832,344],[71,2456,352],[71,2520,3"}]
42["map_chunk",{"run":"20ad9698e52bc3915eea310a","index":13,"count":15,"text":"52],[71,1312,352],[71,2432,368],[71,3984,368],[71,3864,496],[71,1128,512],[71,1920,536],[71,1704,640],[71,3432,640],[71,2136,704],[71,2456,904],[71,2880,912],[71,3832,928],[71,2760,976],[71,1320,976],[71,3280,984],[71,3160,992],[71,2616,1040],[71,368,1040],[71,2760,1104],[71,1856,1104],[71,1480,1152],[71,1256,1152],[71,3752,1152],[71,848,1408],[71,3496,1560],[71,3920,1592],[71,3800,1616],[71,2992,1664],[71,2576,1776],[71,2872,1824],[71,840,1856],[71,952,1912],[71,2456,1920],[71,1408,1984],[71,1256,2032],[71,480,2032],[71,1984,2032],[71,328,2048],[71,3912,2256],[71,2472,2320],[71,2480,2328],[71,2632,2352],[71,2016,2448],[71,2136,2496],[71,3352,2496],[71,3496,2504],[71,1384,2536],[71,416,2552],[71,952,2560],[71,1512,2656],[71,3544,2752],[71,1336,2768]],\"groups\":[[[52,280,360]],[[52,408,360]],[[52,264,2536]],[[52,392,2536]],[[70,896,290]],[[70,816,290]],[[70,1328,290]],[[70,2944,290]],[[72,2848,295]],[[73,840,312]],[[52,768,300]],[[74,896,317]],[[72,2776,327]],[[74,1256,333]],[[52,1376,320]],[[73,1290,340]],[[74,1272,341]],[[70,1504,354]],[[72,1128,343]],[[70,880,362]],[[70,2384,370]],[[70,1360,370]],[[72,784,367]],[[72,1264,375]],[[70,2480,386]],[[70,4032,386]],[[72,2384,391]],[[72,3936,391]],[[52,720,400]],[[52,2560,400]],[[52,4112,400]],[[74,2376,413]],[[52,2496,400]],[[73,2410,420]],[[74,2392,421]],[[72,2776,439]],[[74,264,445]],[[75,720,452]],[[75,1136,452]],[[52,960,496]],[[75,2928,500]],[[52,448,512]],[[52,2320,512]],[[70,2128,546]],[[70,2000,546]],[[70,1968,554]],[[70,3344,562]],[[72,1872,559]],[[75,1712,564]],[[72,2488,567]],[[72,3248,567]],[[75,768,596]],[[74,3240,605]],[[52,3360,592]],[[73,3274,612]],[[74,3256,613]],[[70,1248,626]],[[70,2144,626]],[[52,3168,624]],[[75,4048,628]],[[52,3984,624]],[[70,3936,642]],[[52,352,640]],[[75,1728,724]],[[72,3256,727]],[[70,2880,866]],[[75,2432,900]],[[70,2504,922]],[[72,3336,919]],[[70,2928,930]],[[72,2408,927]],[[52,2768,928]],[[72,2832,935]],[[70,3880,946]],[[70,3968,962]],[[74,2392,957]],[[52,2512,944]],[[72,3784,951]],[[73,2426,964]],[[74,2408,965]],[[74,3224,973]],[[52,3344,960]],[[73,3258,980]],[[74,3240,981]],[[70,448,994]],[[75,1312,980]],[[70,1368,994]],[[70,3328,1002]],[[72,1272,999]],[[72,3232,1007]],[[70,3712,1026]],[[75,2304,1028]],[[72,3400,1031]],[[74,312,1037]],[[52,432,1024]],[[74,1256,1037]],[[52,1376,1024]],[[73,346,1044]],[[73,1290,1044]],[[74,328,1045]],[[74,1272,1045]],[[70,496,1058]],[[70,1920,1058]],[[70,416,1058]],[[75,1520,1060]],[[52,2768,1056]],[[72,320,1063]],[[75,2304,1076]],[[70,3008,1090]],[[52,2032,1088]],[[70,2368,1106]],[[70,3712,1106]],[[72,488,1111]],[[75,3168,1108]],[[70,1904,1122]],[[75,1696,1124]],[[72,1808,1127]],[[72,2952,1159]],[[75,3888,1156]],[[52,3408,1168]],[[52,496,1232]],[[52,3344,1232]],[[72,248,1255]],[[52,2032,1264]],[[72,440,1287]],[[70,320,1298]],[[72,1688,1287]],[[75,2016,1348]],[[75,1712,1348]],[[75,1952,1348]],[[70,896,1426]],[[72,800,1431]],[[52,736,1440]],[[75,736,1508]],[[70,3392,1522]],[[74,3432,1565]],[[52,3552,1552]],[[73,3466,1572]],[[70,3544,1578]],[[74,3448,1573]],[[72,3448,1583]],[[72,3352,1591]],[[72,3640,1591]],[[70,3968,1610]],[[72,3872,1615]],[[72,776,1623]],[[70,3120,1650]],[[70,3040,1682]],[[75,3120,1684]],[[75,3808,1684]],[[72,2944,1687]],[[70,2880,1746]],[[70,2608,1762]],[[70,4048,1778]],[[70,2624,1794]],[[75,3440,1796]],[[75,3536,1796]],[[72,2528,1799]],[[74,2520,1805]],[[52,2640,1792]],[[73,2554,1812]],[[74,2536,1813]],[[52,3120,1824]],[[72,3976,1831]],[[70,1000,1930]],[[72,904,1935]],[[72,824,1975]],[[72,2488,1991]],[[70,1456,2002]],[[74,424,2013]],[[52,544,2000]],[[72,1360,2007]],[[73,458,2020]],[[74,440,2021]],[[70,1088,2034]],[[74,1352,2029]],[[52,1472,2016]],[[73,1386,2036]],[[74,1368,2037]],[[70,528,2050]],[[70,2032,2050]],[[70,640,2066]],[[70,1568,2066]],[[72,432,2055]],[[72,1936,2055]],[[74,1928,2093]],[[52,2048,2080]],[[73,1962,2100]],[[74,1944,2101]],[[75,1568,2132]],[[52,640,2144]],[[52,928,2144]],[[72,840,2151]],[[52,1024,2144]],[[70,1856,2178]],[[72,2120,2167]],[[70,1392,2194]],[[70,2032,2226]],[[70,1968,2226]],[[70,3960,2274]],[[72,3864,2279]],[[72,568,2295]],[[70,432,2306]],[[70,2528,2346]],[[72,2432,2351]],[[72,3784,2375]],[[74,2424,2381]],[[52,2544,2368]],[[73,2458,2388]],[[74,2440,2389]],[[70,2096,2418]],[[70,2000,2418]],[[52,4048,2400]],[[52,2336,2416]],[[70,3408,2450]],[[72,3816,2455]],[[72,3880,2455]],[[70,2064,2466]],[[72,1968,2471]],[[52,1360,2480]],[[74,3432,2493]],[[52,3552,2480]],[[73,3466,2500]],[[74,3448,2501]],[[70,3648,2514]],[[70,3544,2522]],[[75,2592,2516]],[[70,2416,2530]],[[72,3448,2527]],[[52,480,2528]],[[70,1432,2554]],[[72,584,2551]],[[70,464,2570]],[[72,1336,2559]],[[70,1000,2578]],[[70,3648,2594]],[[72,904,2583]],[[70,3360,2610]],[[75,1520,2612]],[[70,3056,2626]],[[72,2960,2631]],[[70,1104,2658]],[[72,808,2647]],[[75,592,2660]],[[75,256,2660]],[[70,1264,2690]],[[75,1968,2676]],[[52,3168,2688]],[[70,816,2722]],[[70,2864,2754]],[[70,3632,2770]],[[75,592,2772]],[[75,1040,2772]],[[52,2912,2784]],[[75,3104,2788]],[[75,288,2804]]],\"x_lines\":[[216,456,616],[232,440,456],[232,616,632],[248,424,440],[248,632,648],[248,984,1320],[248,2520,2808],[264,408,424],[264,648,664],[264,2504,2520],[264,2808,2824],[280,392,408],[280,664,680],[280,2488,2504],[280,2824,2840],[288,2496,2560],[304,320,384],[328,680,984],[328,2008,2280],[344,1992,2008],[344,2280,2296],[360,1976,1992],[360,2296,2312],[376,1960,1976],[376,2312,2328],[384,2496,2560],[400,320,384],[440,632,984],[440,2328,2488],[456,616,632],[472,504,616],[520,984,1320],[552,2328,2488],[584,2488,2504],[584,2824,2840],[600,2504,2520],[600,2808,2824],[616,1960,1976],[616,2312,2328],[616,2520,2616],[616,2728,2808],[632,1976,1992],[632,2296,2312],[648,1992,2008],[648,2280,2296],[664,2008,2088],[664,2200,2280],[712,312,392],[712,504,600],[728,296,312],[728,600,616],[728,1416,1624],[744,280,296],[744,616,632],[744,1400,1416],[744,1624,1640],[760,1384,1400],[760,1640,1656],[808,1656,2088],[808,2536,2616],[808,2728,2808],[920,1656,1864],[952,280,296],[952,616,632],[968,296,312],[968,600,616],[968,1384,1400],[968,1640,1656],[984,312,408],[984,520,600],[984,1400,1416],[984,1624,1640],[1000,1416,1624],[1016,2184,2200],[1048,1864,1880],[1048,2168,2184],[1064,1880,1896],[1064,2152,2168],[1080,1896,1912],[1096,1912,1928],[1112,1928,2040],[1128,328,408],[1128,520,600],[1128,1032,1144],[1128,2536,2584],[1128,2696,2808],[1144,312,328],[1144,600,616],[1144,1016,1032],[1144,1144,1160],[1160,296,312],[1160,616,632],[1160,1000,1016],[1160,1160,1176],[1176,280,296],[1176,632,648],[1176,984,1000],[1176,1176,1192],[1256,2024,2040],[1256,2152,2168],[1256,2552,2584],[1256,2696,2744],[1272,648,984],[1272,1192,1272],[1272,2008,2024],[1272,2168,2184],[1272,2536,2552],[1272,2744,2760],[1288,1992,2008],[1288,2184,2200],[1288,2520,2536],[1288,2760,2776],[1304,1976,1992],[1304,2200,2216],[1304,2504,2520],[1304,2776,2792],[1320,2488,2504],[1320,2792,2808],[1336,2216,2488],[1384,648,984],[1448,2216,2488],[1480,280,296],[1480,632,648],[1480,2488,2504],[1480,2792,2808],[1496,296,312],[1496,616,632],[1496,984,1000],[1496,2504,2520],[1496,2776,2792],[1512,312,328],[1512,600,616],[1512,1000,1016],[1512,2520,2536],[1512,2760,2776],[1528,328,600],[1528,1016,1032],[1528,2536,2552],[1528,2744,2760],[1544,1032,1160],[1544,1976,1992],[1544,2200,2216],[1544,2552,2584],[1544,2696,2744],[1560,1992,2008],[1576,2008,2024],[1592,2024,2088],[1688,1048,1160],[1688,1272,1384],[1704,536,760],[1816,760,1048],[1864,2072,2088],[1864,2200,2216],[1880,424,536],[1880,2056,2072],[1880,2216,2232],[1896,2040,2056],[1896,2232,2248],[1896,2440,2584],[1912,2424,2440],[1928,760,1048],[1928,2408,2424],[1928,2696,2712],[1944,1832,2040],[1944,2248,2408],[2056,1048,1384],[2056,1944,2040],[2056,2248,2376],[2104,2040,2056],[2104,2232,2248],[2120,2056,2072],[2120,2216,2232],[2136,2072,2088],[2136,2200,2216],[2136,2696,2712],[2152,2088,2200],[2152,2680,2696],[2168,536,760],[2168,2488,2680],[2296,904,1128],[2312,408,424],[2312,536,552],[2328,392,408],[2328,552,568],[2328,2328,2376],[2328,2488,2552],[2344,376,392],[2344,568,584],[2360,360,376],[2360,584,600],[2392,328,360],[2408,600,904],[2440,1944,2328],[2456,1816,1832],[2472,1800,1816],[2488,1784,1800],[2504,1768,1784],[2520,600,904],[2520,1752,1768],[2536,584,600],[2552,568,584],[2552,2024,2328],[2568,552,568],[2584,440,552],[2648,904,952],[2648,1064,1128],[2664,1752,1768],[2664,2008,2024],[2664,2328,2552],[2680,1768,1784],[2680,1992,2008],[2696,1784,1800],[2696,1976,1992],[2712,1800,1816],[2712,1960,1976],[2728,1816,1832],[2728,1944,1960],[2760,888,952],[2760,1064,1160],[2776,296,328],[2776,440,472],[2776,872,888],[2776,1160,1176],[2792,280,296],[2792,472,488],[2792,856,872],[2792,1176,1192],[2808,264,280],[2808,488,504],[2824,248,264],[2824,504,520],[2840,232,248],[2840,520,536],[2856,536,856],[2856,2664,2776],[2872,1640,1832],[2872,2648,2664],[2872,2776,2792],[2888,1624,1640],[2888,2632,2648],[2888,2792,2808],[2904,1608,1624],[2904,2616,2632],[2904,2808,2824],[2920,1592,1608],[2920,1944,1960],[2968,712,856],[2984,232,248],[3000,248,264],[3000,504,600],[3000,856,872],[3000,1176,1192],[3016,264,280],[3016,488,504],[3016,872,888],[3016,1160,1176],[3032,280,296],[3032,472,488],[3032,888,1032],[3032,1144,1160],[3048,296,472],[3096,1592,1608],[3096,1944,1960],[3112,1928,1944],[3128,1912,1928],[3144,1720,1912],[3144,2616,2632],[3144,2808,2824],[3160,920,1032],[3160,1144,1272],[3160,2632,2648],[3160,2792,2808],[3176,2648,2664],[3176,2776,2792],[3192,584,600],[3192,712,728],[3208,568,584],[3208,728,744],[3224,552,568],[3224,744,760],[3256,760,920],[3352,1544,1608],[3352,1720,1800],[3352,2440,2664],[3352,2776,2792],[3368,760,920],[3368,1528,1544],[3368,1800,1816],[3384,1512,1528],[3384,1816,1832],[3400,552,568],[3400,744,760],[3416,568,584],[3416,728,744],[3432,584,600],[3432,712,728],[3432,920,984],[3432,1096,1272],[3448,600,616],[3448,696,712],[3464,616,696],[3640,1512,1528],[3640,1816,1832],[3656,1528,1544],[3656,1800,1816],[3672,1544,1608],[3672,1720,1800],[3672,2440,2552],[3672,2664,2792],[3704,888,984],[3704,1096,1192],[3784,1192,1608],[3784,1720,1752],[3784,2280,2456],[3800,1752,1800],[3800,2264,2280],[3800,2456,2552],[3816,1800,1816],[3816,2248,2264],[3832,1816,1832],[3848,1832,1848],[3864,360,600],[3864,1848,1864],[3880,344,360],[3880,600,616],[3880,1864,2248],[3896,328,344],[3896,616,632],[3896,1192,1544],[3912,312,328],[3912,632,648],[3928,296,312],[3928,648,664],[3944,664,888],[3976,2488,2664],[3992,1096,1192],[3992,1864,2248],[4008,1544,1560],[4008,1848,1864],[4024,1560,1576],[4024,1832,1848],[4040,1576,1592],[4040,1816,1832],[4040,2248,2264],[4040,2472,2488],[4056,664,1096],[4056,1592,1608],[4056,1800,1816],[4056,2264,2280],[4056,2456,2472],[4072,296,312],[4072,648,664],[4072,1608,1800],[4072,2280,2456],[4088,312,328],[4088,632,648],[4104,328,344],[4104,616,632],[4120,344,360],[4120,600,616],[4136,360,600]],\"y_lines\":[[232,2840,2984],[248,2824,2840],[248,2984,3000],[264,2808,2824],[264,3000,3016],[280,744,952],[280,1176,1480],[280,2792,2808],[280,3016,3032],[296,728,744],[296,952,968],[296,1160,1176],[296,1480,1496],[296,2776,2792],[296,3032,3048],[296,3928,4072],[312,712,728],[312,968,984],[312,1144,1160],[312,1496,1512],[312,3912,3928],[312,4072,4088],[320,304,400],[328,1128,1144],[328,1512,1528],[328,2392,2776],[328,3896,3912],[328,4088,4104],[344,3880,3896],[344,4104,4120],[360,2360,2392],[360,3864,3880],[360,4120,4136],[376,2344,2360],[384,304,400],[392,280,712],[392,2328,2344],[408,264,280],[408,984,1128],[408,2312,2328],[424,248,264],[424,1880,2312],[440,232,248],[440,2584,2776],[456,216,232],[472,2776,2792],[472,3032,3048],[488,2792,2808],[488,3016,3032],[504,472,712],[504,2808,2824],[504,3000,3016],[520,984,1128],[520,2824,2840],[536,1704,1880],[536,2168,2312],[536,2840,2856],[552,2312,2328],[552,2568,2584],[552,3224,3400],[568,2328,2344],[568,2552,2568],[568,3208,3224],[568,3400,3416],[584,2344,2360],[584,2536,2552],[584,3192,3208],[584,3416,3432],[600,712,728],[600,968,984],[600,1128,1144],[600,1512,1528],[600,2360,2408],[600,2520,2536],[600,3000,3192],[600,3432,3448],[600,3864,38"}]
42["map_chunk",{"run":"20ad9698e52bc3915eea310a","index":14,"count":15,"text":"80],[600,4120,4136],[616,216,232],[616,456,472],[616,728,744],[616,952,968],[616,1144,1160],[616,1496,1512],[616,3448,3464],[616,3880,3896],[616,4104,4120],[632,232,248],[632,440,456],[632,744,952],[632,1160,1176],[632,1480,1496],[632,3896,3912],[632,4088,4104],[648,248,264],[648,1176,1272],[648,1384,1480],[648,3912,3928],[648,4072,4088],[664,264,280],[664,3928,3944],[664,4056,4072],[680,280,328],[696,3448,3464],[712,2968,3192],[712,3432,3448],[728,3192,3208],[728,3416,3432],[744,3208,3224],[744,3400,3416],[760,1704,1816],[760,1928,2168],[760,3224,3256],[760,3368,3400],[856,2792,2856],[856,2968,3000],[872,2776,2792],[872,3000,3016],[888,2760,2776],[888,3016,3032],[888,3704,3944],[904,2296,2408],[904,2520,2648],[920,3160,3256],[920,3368,3432],[952,2648,2760],[984,248,328],[984,440,520],[984,1176,1272],[984,1384,1496],[984,3432,3704],[1000,1160,1176],[1000,1496,1512],[1016,1144,1160],[1016,1512,1528],[1032,1128,1144],[1032,1528,1544],[1032,3032,3160],[1048,1688,1816],[1048,1928,2056],[1064,2648,2760],[1096,3432,3704],[1096,3992,4056],[1128,2296,2648],[1144,1128,1144],[1144,3032,3160],[1160,1144,1160],[1160,1544,1688],[1160,2760,2776],[1160,3016,3032],[1176,1160,1176],[1176,2776,2792],[1176,3000,3016],[1192,1176,1272],[1192,2792,3000],[1192,3704,3784],[1192,3896,3992],[1272,1272,1688],[1272,3160,3432],[1320,248,520],[1384,760,968],[1384,1688,2056],[1400,744,760],[1400,968,984],[1416,728,744],[1416,984,1000],[1512,3384,3640],[1528,3368,3384],[1528,3640,3656],[1544,3352,3368],[1544,3656,3672],[1544,3896,4008],[1560,4008,4024],[1576,4024,4040],[1592,2920,3096],[1592,4040,4056],[1608,2904,2920],[1608,3096,3352],[1608,3672,3784],[1608,4056,4072],[1624,728,744],[1624,984,1000],[1624,2888,2904],[1640,744,760],[1640,968,984],[1640,2872,2888],[1656,760,808],[1656,920,968],[1720,3144,3352],[1720,3672,3784],[1752,2520,2664],[1752,3784,3800],[1768,2504,2520],[1768,2664,2680],[1784,2488,2504],[1784,2680,2696],[1800,2472,2488],[1800,2696,2712],[1800,3352,3368],[1800,3656,3672],[1800,3800,3816],[1800,4056,4072],[1816,2456,2472],[1816,2712,2728],[1816,3368,3384],[1816,3640,3656],[1816,3816,3832],[1816,4040,4056],[1832,1944,2456],[1832,2728,2872],[1832,3384,3640],[1832,3832,3848],[1832,4024,4040],[1848,3848,3864],[1848,4008,4024],[1864,920,1048],[1864,3864,3880],[1864,3992,4008],[1880,1048,1064],[1896,1064,1080],[1912,1080,1096],[1912,3128,3144],[1928,1096,1112],[1928,3112,3128],[1944,2056,2440],[1944,2728,2920],[1944,3096,3112],[1960,376,616],[1960,2712,2728],[1960,2920,3096],[1976,360,376],[1976,616,632],[1976,1304,1544],[1976,2696,2712],[1992,344,360],[1992,632,648],[1992,1288,1304],[1992,1544,1560],[1992,2680,2696],[2008,328,344],[2008,648,664],[2008,1272,1288],[2008,1560,1576],[2008,2664,2680],[2024,1256,1272],[2024,1576,1592],[2024,2552,2664],[2040,1112,1256],[2040,1896,1944],[2040,2056,2104],[2056,1880,1896],[2056,2104,2120],[2072,1864,1880],[2072,2120,2136],[2088,664,808],[2088,1592,1864],[2088,2136,2152],[2152,1064,1256],[2168,1048,1064],[2168,1256,1272],[2184,1016,1048],[2184,1272,1288],[2200,664,1016],[2200,1288,1304],[2200,1544,1864],[2200,2136,2152],[2216,1304,1336],[2216,1448,1544],[2216,1864,1880],[2216,2120,2136],[2232,1880,1896],[2232,2104,2120],[2248,1896,1944],[2248,2056,2104],[2248,3816,3880],[2248,3992,4040],[2264,3800,3816],[2264,4040,4056],[2280,328,344],[2280,648,664],[2280,3784,3800],[2280,4056,4072],[2296,344,360],[2296,632,648],[2312,360,376],[2312,616,632],[2328,376,440],[2328,552,616],[2328,2328,2440],[2328,2552,2664],[2376,2056,2328],[2408,1928,1944],[2424,1912,1928],[2440,1896,1912],[2440,3352,3672],[2456,3784,3800],[2456,4056,4072],[2472,4040,4056],[2488,280,440],[2488,552,584],[2488,1320,1336],[2488,1448,1480],[2488,2168,2328],[2488,3976,4040],[2496,288,384],[2504,264,280],[2504,584,600],[2504,1304,1320],[2504,1480,1496],[2520,248,264],[2520,600,616],[2520,1288,1304],[2520,1496,1512],[2536,808,1128],[2536,1272,1288],[2536,1512,1528],[2552,1256,1272],[2552,1528,1544],[2552,2328,2664],[2552,3672,3800],[2560,288,384],[2584,1128,1256],[2584,1544,1896],[2616,616,808],[2616,2904,3144],[2632,2888,2904],[2632,3144,3160],[2648,2872,2888],[2648,3160,3176],[2664,2856,2872],[2664,3176,3352],[2664,3672,3976],[2680,2152,2168],[2696,1128,1256],[2696,1544,1928],[2696,2136,2152],[2712,1928,2136],[2728,616,808],[2744,1256,1272],[2744,1528,1544],[2760,1272,1288],[2760,1512,1528],[2776,1288,1304],[2776,1496,1512],[2776,2856,2872],[2776,3176,3352],[2792,1304,1320],[2792,1480,1496],[2792,2872,2888],[2792,3160,3176],[2792,3352,3672],[2808,248,264],[2808,600,616],[2808,808,1128],[2808,1320,1480],[2808,2888,2904],[2808,3144,3160],[2824,264,280],[2824,584,600],[2824,2904,3144],[2840,280,584]],\"animations\":[[53,280,358,280,358,120,0,20],[53,408,358,408,358,120,0,20],[53,264,2534,264,2534,120,0,20],[53,392,2534,392,2534,120,0,20],[53,768,298,768,298,120,0,20],[53,1376,318,1376,318,120,0,20],[53,720,398,720,398,120,0,20],[53,2560,398,2560,398,120,0,20],[53,4112,398,4112,398,120,0,20],[53,2496,398,2496,398,120,0,20],[53,960,494,960,494,120,0,20],[53,448,510,448,510,120,0,20],[53,2320,510,2320,510,120,0,20],[53,3360,590,3360,590,120,0,20],[53,3168,622,3168,622,120,0,20],[53,3984,622,3984,622,120,0,20],[53,352,638,352,638,120,0,20],[53,2768,926,2768,926,120,0,20],[53,2512,942,2512,942,120,0,20],[53,3344,958,3344,958,120,0,20],[53,432,1022,432,1022,120,0,20],[53,1376,1022,1376,1022,120,0,20],[53,2768,1054,2768,1054,120,0,20],[53,2032,1086,2032,1086,120,0,20],[53,3408,1166,3408,1166,120,0,20],[53,496,1230,496,1230,120,0,20],[53,3344,1230,3344,1230,120,0,20],[53,2032,1262,2032,1262,120,0,20],[53,736,1438,736,1438,120,0,20],[53,3552,1550,3552,1550,120,0,20],[53,2640,1790,2640,1790,120,0,20],[53,3120,1822,3120,1822,120,0,20],[53,544,1998,544,1998,120,0,20],[53,1472,2014,1472,2014,120,0,20],[53,2048,2078,2048,2078,120,0,20],[53,640,2142,640,2142,120,0,20],[53,928,2142,928,2142,120,0,20],[53,1024,2142,1024,2142,120,0,20],[53,2544,2366,2544,2366,120,0,20],[53,4048,2398,4048,2398,120,0,20],[53,2336,2414,2336,2414,120,0,20],[53,1360,2478,1360,2478,120,0,20],[53,3552,2478,3552,2478,120,0,20],[53,480,2526,480,2526,120,0,20],[53,3168,2686,3168,2686,120,0,20],[53,2912,2782,2912,2782,120,0,20]],\"min_x\":0,\"min_y\":0,\"max_x\":4352,\"max_y\":3072}}},{\"key\":\"zone_20ad9698e52bc3915eea310a_1\",\"definition\":{\"name\":\"Cave of Many Dreams\",\"instance\":true,\"irregular\":true,\"pvp\":false,\"spawns\":[[464,448],[272,1792]],\"doors\":[[464,400,96,80,\"zone_20ad9698e52bc3915eea310a_0\",1,0,\"ordinary\"],[272,1744,96,80,\"zone_20ad9698e52bc3915eea310a_2\",0,1,\"ordinary\"]],\"npcs\":[],\"monsters\":[],\"ref\":{},\"items\":{},\"merchants\":[],\"on_death\":[\"main\",20],\"on_exit\":[\"main\",20],\"generated\":{\"run\":\"20ad9698e52bc3915eea310a\",\"floor\":1,\"version\":1,\"zone\":\"dreams\"},\"rooms\":[{\"id\":0,\"kind\":\"orrin\",\"x\":472,\"y\":512,\"bounds\":[272,384,672,640]},{\"id\":1,\"kind\":\"cavern\",\"x\":1112,\"y\":352,\"bounds\":[960,224,1264,480]},{\"id\":2,\"kind\":\"cavern\",\"x\":432,\"y\":920,\"bounds\":[208,784,656,1056]},{\"id\":3,\"kind\":\"rest\",\"x\":1072,\"y\":1016,\"bounds\":[928,832,1216,1200]},{\"id\":4,\"kind\":\"cavern\",\"x\":1520,\"y\":424,\"bounds\":[1360,272,1680,576]},{\"id\":5,\"kind\":\"nela\",\"x\":2088,\"y\":400,\"bounds\":[1936,240,2240,560]},{\"id\":6,\"kind\":\"cavern\",\"x\":1520,\"y\":1048,\"bounds\":[1376,880,1664,1216]},{\"id\":7,\"kind\":\"cavern\",\"x\":2016,\"y\":1096,\"bounds\":[1872,928,2160,1264]},{\"id\":8,\"kind\":\"descent\",\"x\":368,\"y\":1824,\"bounds\":[176,1648,560,2000]},{\"id\":9,\"kind\":\"cavern\",\"x\":840,\"y\":1784,\"bounds\":[688,1600,992,1968]},{\"id\":10,\"kind\":\"cavern\",\"x\":360,\"y\":2656,\"bounds\":[224,2512,496,2800]},{\"id\":11,\"kind\":\"cavern\",\"x\":880,\"y\":2704,\"bounds\":[736,2592,1024,2816]},{\"id\":12,\"kind\":\"cavern\",\"x\":1304,\"y\":1784,\"bounds\":[1136,1664,1472,1904]},{\"id\":13,\"kind\":\"cavern\",\"x\":2016,\"y\":1640,\"bounds\":[1792,1504,2240,1776]},{\"id\":14,\"kind\":\"cavern\",\"x\":1328,\"y\":2448,\"bounds\":[1184,2336,1472,2560]},{\"id\":15,\"kind\":\"cavern\",\"x\":1944,\"y\":2384,\"bounds\":[1792,2240,2096,2528]},{\"id\":16,\"kind\":\"cavern\",\"x\":2520,\"y\":424,\"bounds\":[2336,288,2704,560]},{\"id\":17,\"kind\":\"cavern\",\"x\":3008,\"y\":480,\"bounds\":[2848,320,3168,640]},{\"id\":18,\"kind\":\"cavern\",\"x\":2648,\"y\":1304,\"bounds\":[2496,1184,2800,1424]},{\"id\":19,\"kind\":\"cavern\",\"x\":3056,\"y\":1272,\"bounds\":[2912,1120,3200,1424]},{\"id\":20,\"kind\":\"cavern\",\"x\":3488,\"y\":400,\"bounds\":[3296,272,3680,528]},{\"id\":21,\"kind\":\"cavern\",\"x\":3960,\"y\":544,\"bounds\":[3792,352,4128,736]},{\"id\":22,\"kind\":\"cavern\",\"x\":3520,\"y\":1280,\"bounds\":[3344,1088,3696,1472]},{\"id\":23,\"kind\":\"cavern\",\"x\":3984,\"y\":1312,\"bounds\":[3824,1152,4144,1472]},{\"id\":24,\"kind\":\"cavern\",\"x\":2536,\"y\":2080,\"bounds\":[2368,1920,2704,2240]},{\"id\":25,\"kind\":\"cavern\",\"x\":3000,\"y\":2000,\"bounds\":[2816,1824,3184,2176]},{\"id\":26,\"kind\":\"cavern\",\"x\":2520,\"y\":2512,\"bounds\":[2336,2384,2704,2640]},{\"id\":27,\"kind\":\"cavern\",\"x\":3000,\"y\":2688,\"bounds\":[2832,2560,3168,2816]},{\"id\":28,\"kind\":\"cavern\",\"x\":3472,\"y\":1904,\"bounds\":[3328,1776,3616,2032]},{\"id\":29,\"kind\":\"cavern\",\"x\":3896,\"y\":1912,\"bounds\":[3728,1744,4064,2080]},{\"id\":30,\"kind\":\"cavern\",\"x\":3552,\"y\":2632,\"bounds\":[3344,2512,3760,2752]},{\"id\":31,\"kind\":\"cavern\",\"x\":3992,\"y\":2544,\"bounds\":[3856,2432,4128,2656]}]}},{\"key\":\"zone_20ad9698e52bc3915eea310a_2\",\"definition\":{\"name\":\"Cave of Many Dreams\",\"instance\":true,\"irregular\":true,\"pvp\":false,\"spawns\":[[480,416]],\"doors\":[[480,368,96,80,\"zone_20ad9698e52bc3915eea310a_1\",1,0,\"ordinary\"]],\"npcs\":[],\"monsters\":[],\"ref\":{},\"items\":{},\"merchants\":[],\"on_death\":[\"main\",20],\"on_exit\":[\"main\",20],\"generated\":{\"run\":\"20ad9698e52bc3915eea310a\",\"floor\":2,\"version\":1,\"zone\":\"dreams\"},\"rooms\":[{\"id\":0,\"kind\":\"arrival\",\"x\":480,\"y\":536,\"bounds\":[336,352,624,720]},{\"id\":1,\"kind\":\"cavern\",\"x\":912,\"y\":440,\"bounds\":[768,256,1056,624]},{\"id\":2,\"kind\":\"cavern\",\"x\":408,\"y\":1200,\"bounds\":[240,1040,576,1360]},{\"id\":3,\"kind\":\"cavern\",\"x\":920,\"y\":1160,\"bounds\":[768,992,1072,1328]},{\"id\":4,\"kind\":\"cavern\",\"x\":1568,\"y\":488,\"bounds\":[1344,368,1792,608]},{\"id\":5,\"kind\":\"cavern\",\"x\":2216,\"y\":408,\"bounds\":[2048,240,2384,576]},{\"id\":6,\"kind\":\"cavern\",\"x\":1600,\"y\":1240,\"bounds\":[1440,1072,1760,1408]},{\"id\":7,\"kind\":\"cavern\",\"x\":2144,\"y\":1264,\"bounds\":[2000,1152,2288,1376]},{\"id\":8,\"kind\":\"cavern\",\"x\":416,\"y\":1792,\"bounds\":[272,1680,560,1904]},{\"id\":9,\"kind\":\"cavern\",\"x\":968,\"y\":1776,\"bounds\":[800,1648,1136,1904]},{\"id\":10,\"kind\":\"cavern\",\"x\":480,\"y\":2656,\"bounds\":[336,2544,624,2768]},{\"id\":11,\"kind\":\"cavern\",\"x\":912,\"y\":2608,\"bounds\":[736,2448,1088,2768]},{\"id\":12,\"kind\":\"cavern\",\"x\":1536,\"y\":1936,\"bounds\":[1360,1760,1712,2112]},{\"id\":13,\"kind\":\"cavern\",\"x\":1520,\"y\":2600,\"bounds\":[1280,2448,1760,2752]},{\"id\":14,\"kind\":\"cavern\",\"x\":2128,\"y\":1792,\"bounds\":[1888,1664,2368,1920]},{\"id\":15,\"kind\":\"cavern\",\"x\":2104,\"y\":2552,\"bounds\":[1920,2416,2288,2688]},{\"id\":16,\"kind\":\"cavern\",\"x\":2648,\"y\":576,\"bounds\":[2496,400,2800,752]},{\"id\":17,\"kind\":\"cavern\",\"x\":3064,\"y\":512,\"bounds\":[2928,320,3200,704]},{\"id\":18,\"kind\":\"cavern\",\"x\":2672,\"y\":1400,\"bounds\":[2512,1232,2832,1568]},{\"id\":19,\"kind\":\"cavern\",\"x\":3088,\"y\":1096,\"bounds\":[2960,976,3216,1216]},{\"id\":20,\"kind\":\"cavern\",\"x\":3480,\"y\":560,\"bounds\":[3328,432,3632,688]},{\"id\":21,\"kind\":\"bran\",\"x\":3992,\"y\":448,\"bounds\":[3840,288,4144,608]},{\"id\":22,\"kind\":\"cavern\",\"x\":3464,\"y\":1240,\"bounds\":[3328,1072,3600,1408]},{\"id\":23,\"kind\":\"cavern\",\"x\":3960,\"y\":1184,\"bounds\":[3792,1008,4128,1360]},{\"id\":24,\"kind\":\"cavern\",\"x\":2640,\"y\":2152,\"bounds\":[2496,2000,2784,2304]},{\"id\":25,\"kind\":\"cavern\",\"x\":3056,\"y\":2128,\"bounds\":[2880,1968,3232,2288]},{\"id\":26,\"kind\":\"cavern\",\"x\":2624,\"y\":2688,\"bounds\":[2480,2512,2768,2864]},{\"id\":27,\"kind\":\"cavern\",\"x\":3080,\"y\":2656,\"bounds\":[2928,2464,3232,2848]},{\"id\":28,\"kind\":\"cavern\",\"x\":3560,\"y\":1992,\"bounds\":[3408,1872,3712,2112]},{\"id\":29,\"kind\":\"cavern\",\"x\":4000,\"y\":1984,\"bounds\":[3856,1840,4144,2128]},{\"id\":30,\"kind\":\"cavern\",\"x\":3504,\"y\":2472,\"bounds\":[3360,2336,3648,2608]},{\"id\":31,\"kind\":\"cavern\",\"x\":3976,\"y\":2432,\"bounds\":[3824,2288,4128,2576]}]}}]}"}]

42["cave",{"type":"state","state":{"run":"20ad9698e52bc3915eea310a","expires":1790684623342,"server_time":1790683184166,"remaining_ms":1439176,"paused":false,"paused_at":null,"rewards":[],"level":66,"floor":0,"gold":0,"amber":0,"limits":{"gold":60000,"amber":36,"gold_spawned":0,"amber_spawned":0},"supplies":[],"roster":[{"name":"Ranzair","left":false,"disconnected":false}],"doors":[{"id":0,"x":352,"y":448,"map":"zone_20ad9698e52bc3915eea310a_0","to":"main","down":false,"locked":false},{"id":1,"x":336,"y":2624,"map":"zone_20ad9698e52bc3915eea310a_0","to":"zone_20ad9698e52bc3915eea310a_1","down":true,"locked":true}],"objectives":[{"id":"0:shop","x":272,"y":544,"done":false,"floor":0,"kind":"encounter","required":false,"name":"The Shop with One Item","name_message":{"phrase":"event.dreams.e31.name","phrase_args":{"npc":"Meda","rival":{"phrase":"server.cave.rival"}}}},{"id":"0:farm:1","x":848,"y":456,"done":false,"floor":0,"kind":"farm","required":false,"waves":0,"name":"Amber Nest","name_message":{"phrase":"event.dreams.camp.0.0.name"}},{"id":"0:farm:31","x":3928,"y":2368,"done":false,"floor":0,"kind":"farm","required":false,"waves":0,"name":"Amber Nest","name_message":{"phrase":"event.dreams.camp.0.0.name"}},{"id":"0:0","x":384,"y":1152,"done":false,"floor":0,"kind":"fight","required":true,"name":"Guard camp","name_message":{"phrase":"server.cave.guard_camp"}},{"id":"0:1","x":2448,"y":480,"done":false,"floor":0,"kind":"encounter","required":true,"name":"Before You Leave","name_message":{"phrase":"event.dreams.e50.name","phrase_args":{"npc":{"phrase":"server.cave.traveler"},"rival":{"phrase":"server.cave.rival"}}}},{"id":"0:2","x":3008,"y":1776,"done":false,"floor":0,"kind":"boss","required":true,"name":"Lockbreaker"},{"id":"0:3","x":864,"y":1520,"done":false,"floor":0,"kind":"encounter","required":false,"name":"Is It Worth the Price?","name_message":{"phrase":"event.dreams.e46.name","phrase_args":{"npc":{"phrase":"server.cave.traveler"},"rival":{"phrase":"server.cave.rival"}}}}],"choice":{"id":"20ad9698e52bc3915eea310a:1","title":"The Shop with One Item","title_message":{"phrase":"event.dreams.e31.name","phrase_args":{"npc":"Meda","rival":{"phrase":"server.cave.rival"}}},"kind":"merchant","danger":false,"scene":[{"id":"779937","name":"Meda","skin":"mbody5c","cx":{"head":"fmakeup03","hair":"hairdo420","hat":"hat311","face":"tortoise_g","back":"backpacks201"},"side":"neutral","hp":16257,"max_hp":16257}],"text":"I've got exactly one item for sale. Have a look. It costs cave gold, and if you buy it, one random member of the party you entered with gets it.","text_message":{"phrase":"event.dreams.e31.text","phrase_args":{"npc":"Meda","rival":{"phrase":"server.cave.rival"}}},"deadline":1790683183945,"resolved":true,"result":"fallback","result_label":"No reply was chosen.","result_message":{"phrase":"server.cave.no_reply"},"summary":["You turn down the offer and move on."],"summary_messages":[{"message":"You turn down the offer and move on.","phrase":"server.cave.decline","phrase_args":{}}],"votes":{},"options":[{"id":"e31_0","label":"Open the shop","label_message":{"phrase":"event.dreams.e31.options.e31_0.label","phrase_args":{"npc":"Meda","rival":{"phrase":"server.cave.rival"}}},"cost":0,"amber":0,"unavailable":null},{"id":"e31_2","label":"Ask where the item came from","label_message":{"phrase":"event.dreams.e31.options.e31_2.label","phrase_args":{"npc":"Meda","rival":{"phrase":"server.cave.rival"}}},"cost":0,"amber":0,"unavailable":null}],"fallback":"Walk away","fallback_message":{"phrase":"cave.no_reply"},"skin":"mbody5c","cx":{"head":"fmakeup03","hair":"hairdo420","hat":"hat311","face":"tortoise_g","back":"backpacks201"},"people":[{"name":"Meda","hp":16257,"max_hp":16257,"attack":256}],"service":null,"shop":{"room":"0:shop","nearby":true,"name":"tshirt0","price":16000,"sold":false}},"hunts":[],"practice":[]}}]





// enter cave
42["interaction",{"type":"cave","action":"enter","request_id":"TLnwTQKt4dQixM56KBOledtEhNXuQd"}]
42["ui",{"type":"cave_enter","names":["Ranzair"],"duration":1800,"key":"4ba1c3bcccfc17b19fc07bf2"}]

// map chunk for cave
42["map_chunk",{"run":"4ba1c3bcccfc17b19fc07bf2","index":0,"count":14,"text":"{\"run\":\"4ba1c3bcccfc17b19fc07bf2\",\"floors\":[{\"key\":\"zone_4ba1c3bcccfc17b19fc07bf2_0\",\"definition\":{\"name\":\"Cave of Many Dreams\",\"instance\":true,\"irregular\":true,\"pvp\":false,\"spawns\":[[432,336],[272,2416]],\"doors\":[[432,288,96,80,\"main\",20,0,\"ordinary\"],[272,2368,96,80,\"zone_4ba1c3bcccfc17b19fc07bf2_1\",0,1,\"ordinary\"]],\"npcs\":[],\"monsters\":[],\"ref\":{},\"items\":{},\"merchants\":[],\"on_death\":[\"main\",20],\"on_exit\":[\"main\",20],\"generated\":{\"run\":\"4ba1c3bcccfc17b19fc07bf2\",\"floor\":0,\"version\":1,\"zone\":\"dreams\"},\"rooms\":[{\"id\":0,\"kind\":\"ada\",\"x\":432,\"y\":448,\"bounds\":[256,272,608,624]},{\"id\":1,\"kind\":\"ledger\",\"x\":928,\"y\":480,\"bounds\":[784,304,1072,656]},{\"id\":2,\"kind\":\"cavern\",\"x\":352,\"y\":1200,\"bounds\":[208,1056,496,1344]},{\"id\":3,\"kind\":\"cavern\",\"x\":800,\"y\":928,\"bounds\":[608,784,992,1072]},{\"id\":4,\"kind\":\"cavern\",\"x\":1552,\"y\":528,\"bounds\":[1408,400,1696,656]},{\"id\":5,\"kind\":\"cavern\",\"x\":2072,\"y\":432,\"bounds\":[1920,272,2224,592]},{\"id\":6,\"kind\":\"cavern\",\"x\":1400,\"y\":968,\"bounds\":[1216,848,1584,1088]},{\"id\":7,\"kind\":\"cavern\",\"x\":2024,\"y\":1208,\"bounds\":[1856,1056,2192,1360]},{\"id\":8,\"kind\":\"cavern\",\"x\":360,\"y\":1696,\"bounds\":[208,1584,512,1808]},{\"id\":9,\"kind\":\"cavern\",\"x\":808,\"y\":1912,\"bounds\":[624,1776,992,2048]},{\"id\":10,\"kind\":\"descent\",\"x\":368,\"y\":2448,\"bounds\":[176,2272,560,2624]},{\"id\":11,\"kind\":\"cavern\",\"x\":816,\"y\":2648,\"bounds\":[640,2512,992,2784]},{\"id\":12,\"kind\":\"cavern\",\"x\":1392,\"y\":1760,\"bounds\":[1200,1616,1584,1904]},{\"id\":13,\"kind\":\"cavern\",\"x\":1992,\"y\":1832,\"bounds\":[1824,1712,2160,1952]},{\"id\":14,\"kind\":\"cavern\",\"x\":1384,\"y\":2464,\"bounds\":[1168,2288,1600,2640]},{\"id\":15,\"kind\":\"cavern\",\"x\":1952,\"y\":2736,\"bounds\":[1744,2624,2160,2848]},{\"id\":16,\"kind\":\"cavern\",\"x\":2480,\"y\":496,\"bounds\":[2336,368,2624,624]},{\"id\":17,\"kind\":\"cavern\",\"x\":2984,\"y\":456,\"bounds\":[2800,336,3168,576]},{\"id\":18,\"kind\":\"cavern\",\"x\":2504,\"y\":1072,\"bounds\":[2352,944,2656,1200]},{\"id\":19,\"kind\":\"cavern\",\"x\":2936,\"y\":1288,\"bounds\":[2784,1152,3088,1424]},{\"id\":20,\"kind\":\"cavern\",\"x\":3440,\"y\":520,\"bounds\":[3296,352,3584,688]},{\"id\":21,\"kind\":\"cavern\",\"x\":3904,\"y\":464,\"bounds\":[3696,352,4112,576]},{\"id\":22,\"kind\":\"cavern\",\"x\":3512,\"y\":1224,\"bounds\":[3360,1040,3664,1408]},{\"id\":23,\"kind\":\"cavern\",\"x\":3976,\"y\":1312,\"bounds\":[3824,1184,4128,1440]},{\"id\":24,\"kind\":\"cavern\",\"x\":2496,\"y\":1960,\"bounds\":[2352,1840,2640,2080]},{\"id\":25,\"kind\":\"cavern\",\"x\":2944,\"y\":2016,\"bounds\":[2736,1840,3152,2192]},{\"id\":26,\"kind\":\"cavern\",\"x\":2496,\"y\":2680,\"bounds\":[2352,2544,2640,2816]},{\"id\":27,\"kind\":\"cavern\",\"x\":2984,\"y\":2512,\"bounds\":[2832,2400,3136,2624]},{\"id\":28,\"kind\":\"cavern\",\"x\":3536,\"y\":1992,\"bounds\":[3392,1856,3680,2128]},{\"id\":29,\"kind\":\"cavern\",\"x\":3968,\"y\":2008,\"bounds\":[3792,1856,4144,2160]},{\"id\":30,\"kind\":\"cavern\",\"x\":3464,\"y\":2528,\"bounds\":[3296,2400,3632,2656]},{\"id\":31,\"kind\":\"cavern\",\"x\":3936,\"y\":2536,\"bounds\":[3744,2416,4128,2656]}]},\"geometry\":{\"tiles\":[[\"dreamsv3\",80,80,32,32],[\"dreamsv3\",256,0,16,16],[\"dreamsv3\",32,0,16,16],[\"dreamsv3\",232,8,8,8],[\"dreamsv3\",144,0,16,16],[\"dreamsv3\",208,8,8,8],[\"dreamsv3\",160,0,16,16],[\"dreamsv3\",128,0,16,16],[\"dreamsv3\",112,0,16,16],[\"dreamsv3\",96,0,16,16],[\"dreamsv3\",304,0,16,16],[\"dreamsv3\",320,0,16,16],[\"dreamsv3\",288,0,16,16],[\"dreamsv3\",240,0,16,16],[\"dreamsv3\",272,0,16,16],[\"dreamsv3\",48,0,16,16],[\"dreamsv3\",64,0,16,16],[\"dreamsv3\",80,0,16,16],[\"dreamsv3\",200,0,8,8],[\"dreamsv3\",176,0,8,8],[\"dreamsv3\",64,0,8,8],[\"dreamsv3\",88,0,8,8],[\"dreamsv3\",144,8,8,8],[\"dreamsv3\",168,8,8,8],[\"dreamsv3\",160,16,8,8],[\"dreamsv3\",168,16,8,8],[\"dreamsv3\",176,16,8,8],[\"dreamsv3\",184,16,8,8],[\"dreamsv3\",192,16,8,8],[\"dreamsv3\",200,16,8,8],[\"dreamsv3\",160,24,8,8],[\"dreamsv3\",168,24,8,8],[\"dreamsv3\",176,24,8,8],[\"dreamsv3\",184,24,8,8],[\"dreamsv3\",192,24,8,8],[\"dreamsv3\",200,24,8,8],[\"dreamsv3\",160,32,8,8],[\"dreamsv3\",168,32,8,8],[\"dreamsv3\",176,32,8,8],[\"dreamsv3\",184,32,8,8],[\"dreamsv3\",192,32,8,8],[\"dreamsv3\",200,32,8,8],[\"dreamsv3\",160,40,8,8],[\"dreamsv3\",168,40,8,8],[\"dreamsv3\",176,40,8,8],[\"dreamsv3\",184,40,8,8],[\"dreamsv3\",192,40,8,8],[\"dreamsv3\",200,40,8,8],[\"dungeon\",16,304,16,32],[\"custom_a\",0,0,16,16],[\"dreamsv3\",208,16,8,8],[\"dreamsv3\",216,16,8,8],[\"dreamsv3\",224,16,8,8],[\"dreamsv3\",232,16,8,8],[\"dreamsv3\",208,24,8,8],[\"dreamsv3\",216,24,8,8],[\"dreamsv3\",224,24,8,8],[\"dreamsv3\",232,24,8,8],[\"dreamsv3\",208,32,8,8],[\"dreamsv3\",216,32,8,8],[\"dreamsv3\",224,32,8,8],[\"dreamsv3\",232,32,8,8],[\"dreamsv3\",208,40,8,8],[\"dreamsv3\",216,40,8,8],[\"dreamsv3\",224,40,8,8],[\"dreamsv3\",232,40,8,8],[\"dreamsv3\",320,16,16,14],[\"dungeon\",880,200,32,32],[\"dreamsv3\",448,16,16,16],[\"dreamsv3\",416,16,32,25],[\"dreamsv3\",400,16,16,19],[\"dreamsv3\",336,16,16,28]],\"placements\":[[0,0,0,4320,3040],[2,0,0,4336,0],[2,0,16,4336,16],[2,0,32,4336,32],[2,0,48,4336,48],[2,0,64,4336,64],[2,0,80,4336,80],[2,0,96,4336,96],[2,0,112,4336,112],[2,0,128,4336,128],[2,0,144,4336,144],[2,0,160,4336,160],[2,0,176,4336,176],[2,0,192,272,192],[3,280,200],[4,288,192,560,192],[2,576,192],[5,576,200],[2,592,192,1936,192],[3,1944,200],[4,1952,192,2176,192],[2,2192,192],[5,2192,200],[2,2208,192,4336,192],[2,0,208,256,208],[3,264,216],[6,272,208],[1,288,208,576,208],[7,576,208],[2,592,208],[5,592,216],[2,608,208,1920,208],[3,1928,216],[6,1936,208],[1,1952,208,2192,208],[7,2192,208],[2,2208,208],[5,2208,216],[2,2224,208,4336,208],[2,0,224,240,224],[3,248,232],[6,256,224],[1,272,224,592,224],[7,592,224],[2,608,224],[5,608,232],[2,624,224,768,224],[3,776,232],[4,784,224,1056,224],[2,1072,224],[5,1072,232],[2,1088,224,1904,224],[3,1912,232],[6,1920,224],[1,1936,224,2208,224],[7,2208,224],[2,2224,224],[5,2224,232],[2,2240,224,4336,224],[2,0,240,224,240],[8,240,240],[1,256,240,608,240],[9,608,240],[2,624,240,752,240],[8,768,240],[1,784,240,1072,240],[9,1072,240],[2,1088,240,1888,240],[8,1904,240],[1,1920,240,2224,240],[9,2224,240],[2,2240,240,4336,240],[2,0,256,224,256],[8,240,256],[1,256,256,272,256],[10,288,256,560,256],[1,576,256,608,256],[9,608,256],[2,624,256,752,256],[8,768,256],[1,784,256,1072,256],[9,1072,256],[2,1088,256,1888,256],[8,1904,256],[1,1920,256,1936,256],[10,1952,256,2176,256],[1,2192,256,2224,256],[9,2224,256],[2,2240,256,2848,256],[3,2856,264],[4,2864,256,3088,256],[2,3104,256],[5,3104,264],[2,3120,256,4336,256],[2,0,272,224,272],[8,240,272],[1,256,272],[11,272,272],[12,576,272],[1,592,272,608,272],[9,608,272],[2,624,272,752,272],[8,768,272],[1,784,272,1072,272],[9,1072,272],[2,1088,272,1888,272],[8,1904,272],[1,1920,272],[11,1936,272],[12,2192,272],[1,2208,272,2224,272],[9,2224,272],[2,2240,272,2832,272],[3,2840,280],[6,2848,272],[1,2864,272,3104,272],[7,3104,272],[2,3120,272],[5,3120,280],[2,3136,272,3328,272],[3,3336,280],[4,3344,272,3520,272],[2,3536,272],[5,3536,280],[2,3552,272,3680,272],[3,3688,280],[4,3696,272,4096,272],[2,4112,272],[5,4112,280],[2,4128,272,4336,272],[2,0,288,224,288],[8,240,288],[11,256,288],[12,592,288],[9,608,288],[2,624,288,752,288],[8,768,288],[10,784,288,1056,288],[9,1072,288],[2,1088,288,1888,288],[8,1904,288],[11,1920,288],[12,2208,288],[7,2224,288],[4,2240,288,2576,288],[2,2592,288],[5,2592,296],[2,2608,288,2816,288],[3,2824,296],[6,2832,288],[1,2848,288,3120,288],[7,3120,288],[2,3136,288],[5,3136,296],[2,3152,288,3312,288],[3,3320,296],[6,3328,288],[1,3344,288,3536,288],[7,3536,288],[2,3552,288],[5,3552,296],[2,3568,288,3664,288],[8,3680,288],[1,3696,288,4112,288],[9,4112,288],[2,4128,288,4336,288],[2,0,304,224,304],[8,240,304],[9,608,304],[2,624,304,752,304],[8,768,304],[9,1072,304],[2,1088,304,1888,304],[8,1904,304],[13,2224,304],[1,2240,304,2592,304],[7,2592,304],[4,2608,304,2800,304],[6,2816,304],[1,2832,304,3136,304],[7,3136,304],[2,3152,304],[5,3152,312],[2,3168,304,3296,304],[3,3304,312],[6,3312,304],[1,3328,304,3552,304],[7,3552,304],[2,3568,304],[5,3568,312],[2,3584,304,3664,304],[8,3680,304],[1,3696,304,4112,304],[9,4112,304],[2,4128,304,4336,304],[2,0,320,224,320],[8,240,320],[9,608,320],[2,624,320,752,320],[8,768,320],[9,1072,320],[2,1088,320,1424,320],[3,1432,328],[4,1440,320,1648,320],[2,1664,320],[5,1664,328],[2,1680,320,1888,320],[8,1904,320],[13,2224,320],[1,2240,320,2848,320],[10,2864,320,3088,320],[1,3104,320,3152,320],[7,3152,320],[2,3168,320],[5,3168,328],[2,3184,320,3280,320],[3,3288,328],[6,3296,320],[1,3312,320,3568,320],[7,3568,320],[4,3584,320,3664,320],[6,3680,320],[1,3696,320,4112,320],[9,4112,320],[2,4128,320,4336,320],[2,0,336,224,336],[8,240,336],[7,608,336],[4,624,336,752,336],[6,768,336],[9,1072,336],[2,1088,336,1408,336],[3,1416,344],[6,1424,336],[1,1440,336,1664,336],[7,1664,336],[2,1680,336],[5,1680,344],[2,1696,336,1888,336],[8,1904,336],[13,2224,336],[1,2240,336,2832,336],[11,2848,336],[12,3104,336],[1,3120,336,3168,336],[9,3168,336],[2,3184,336,3264,336],[8,3280,336],[1,3296,336,3328,336],[10,3344,336,3520,336],[1,3536,336,3680,336],[10,3696,336,4096,336],[9,4112,336],[2,4128,336,4336,336],[2,0,352,224,352],[8,240,352],[13,608,352],[1,624,352,752,352],[14,768,352],[9,1072,352],[2,1088,352,1392,352],[3,1400,360],[6,1408,352],[1,1424,352,1680,352],[7,1680,352],[2,1696,352],[5,1696,360],[2,1712,352,1888,352],[8,1904,352],[12,2224,352],[10,2240,352,2576,352],[1,2592,352,2816,352],[11,2832,352],[12,3120,352],[1,3136,352,3168,352],[9,3168,352],[2,3184,352,3264,352],[8,3280,352],[1,3296,352,3312,352],[11,3328,352],[12,3536,352],[1,3552,352,3664,352],[14,3680,352],[9,4112,352],[2,4128,352,4336,352],[2,0,368,224,368],[8,240,368],[13,608,368],[1,624,368,752,368],[14,768,368],[9,1072,368],[2,1088,368,1376,368],[8,1392,368],[1,1408,368,1696,368],[9,1696,368],[2,1712,368,1888,368],[8,1904,368],[12,2592,368],[10,2608,368,2800,368],[11,2816,368],[12,3136,368],[1,3152,368,3168,368],[7,3168,368],[4,3184,368,3264,368],[6,3280,368],[1,3296,368],[11,3312,368],[12,3552,368],[1,3568,368,3664,368],[14,3680,368],[9,4112,368],[2,4128,368,4336,368],[2,0,384,224,384],[8,240,384],[13,608,384],[1,624,384,752,384],[14,768,384],[7,1072,384],[4,1088,384,1376,384],[6,1392,384],[1,1408,384,1424,384],[10,1440,384,1648,384],[1,1664,384,1696,384],[7,1696,384],[4,1712,384,1888,384],[6,1904,384],[12,3152,384],[1,3168,384,3280,384],[11,3296,384],[12,3568,384],[10,3584,384,3664,384],[11,3680,384],[9,4112,384],[2,4128,384,4336,384],[2,0,400,224,400],[8,240,400],[12,608,400],[10,624,400,752,400],[11,768,400],[13,1072,400],[1,1088,400,1408,400],[11,1424,400],[12,1664,400],[1,1680,400,1888,400],[14,1904,400],[13,3168,400],[1,3184,400,3264,400],[14,3280,400],[9,4112,400],[2,4128,400,4336,400],[2,0,416,224,416],[8,240,416],[13,1072,416],[1,1088,416,1392,416],[11,1408,416],[12,1680,416],[1,1696,416,1888,416],[14,1904,416],[13,3168,416],[1,3184,416,3264,416],[14,3280,416],[9,4112,416],[2,4128,416,4336,416],[2,0,432,224,432],[8,240,432],[13,1072,432],[1,1088,432,1376,432],[14,1392,432],[13,1696,432],[1,1712,432,1888,432],[14,1904,432],[12,3168,432],[10,3184,432,3264,432],[11,3280,432],[9,4112,432],[2,4128,432,4336,432],[2,0,448,224,448],[8,240,448],[12,1072,448],[10,1088,448,1376,448],[11,1392,448],[12,1696,448],[10,1712,448,1888,448],[11,1904,448],[9,4112,448],[2,4128,448,4336,448],[2,0,464,224,464],[8,240,464],[9,4112,464],[2,4128,464,4336,464],[2,0,480,224,480],[8,240,480],[9,4112,480],[2,4128,480,4336,480],[2,0,496,224,496],[8,240,496],[15,2224,496],[16,2240,496,2304,496],[17,2320,496],[9,4112,496],[2,4128,496,4336,496],[2,0,512,224,512],[8,240,512],[9,2224,512],[2,2240,512,2304,512],[8,2320,512],[15,2624,512],[16,2640,512,2784,512],[17,2800,512],[9,4112,512],[2,4128,512,4336,512],[2,0,528,224,528],[8,240,528],[9,2224,528],[2,2240,528,2304,528],[8,2320,528],[9,2624,528],[2,2640,528,2800,528],[18,2808,528],[17,2816,528],[15,3584,528],[16,3600,528,3664,528],[17,3680,528],[9,4112,528],[2,4128,528,4336,528],[2,0,544,224,544],[8,240,544],[15,608,544],[16,624,544,704,544],[17,720,544],[9,2224,544],[2,2240,544,2304,544],[8,2320,544],[9,2624,544],[2,2640,544,2816,544],[18,2824,544],[17,2832,544],[9,3584,544],[2,3600,544,3664,544],[8,3680,544],[9,4112,544],[2,4128,544,4336,544],[2,0,560,224,560],[8,240,560],[9,608,560],[2,624,560,704,560],[8,720,560],[15,2208,560],[2,2224,560],[19,2224,560],[2,"}]
42["map_chunk",{"run":"4ba1c3bcccfc17b19fc07bf2","index":1,"count":14,"text":"2240,560,2304,560],[8,2320,560],[9,2624,560],[2,2640,560,2832,560],[18,2840,560],[17,2848,560],[9,3584,560],[2,3600,560,3664,560],[8,3680,560],[9,4112,560],[2,4128,560,4336,560],[2,0,576,224,576],[8,240,576],[9,608,576],[2,624,576,704,576],[8,720,576],[15,2192,576],[2,2208,576],[19,2208,576],[2,2224,576,2304,576],[8,2320,576],[9,2624,576],[2,2640,576,2848,576],[18,2856,576],[16,2864,576,3264,576],[17,3280,576],[9,3584,576],[2,3600,576,3680,576],[18,3688,576],[16,3696,576,4096,576],[2,4112,576],[19,4112,576],[2,4128,576,4336,576],[2,0,592,240,592],[18,248,592],[17,256,592],[15,592,592],[2,608,592],[19,608,592],[2,624,592,704,592],[8,720,592],[15,1072,592],[16,1088,592,1296,592],[17,1312,592],[15,1696,592],[16,1712,592,2176,592],[2,2192,592],[19,2192,592],[2,2208,592,2320,592],[18,2328,592],[17,2336,592],[15,2608,592],[2,2624,592],[19,2624,592],[2,2640,592,3264,592],[8,3280,592],[9,3584,592],[2,3600,592,4336,592],[2,0,608,256,608],[18,264,608],[17,272,608],[15,576,608],[2,592,608],[19,592,608],[2,608,608,704,608],[8,720,608],[9,1072,608],[2,1088,608,1296,608],[8,1312,608],[9,1696,608],[2,1712,608,2336,608],[18,2344,608],[17,2352,608],[15,2592,608],[2,2608,608],[19,2608,608],[2,2624,608,3264,608],[8,3280,608],[9,3584,608],[2,3600,608,4336,608],[2,0,624,272,624],[18,280,624],[16,288,624,560,624],[2,576,624],[19,576,624],[2,592,624,704,624],[8,720,624],[9,1072,624],[2,1088,624,1296,624],[8,1312,624],[15,1680,624],[2,1696,624],[19,1696,624],[2,1712,624,2352,624],[18,2360,624],[16,2368,624,2384,624],[17,2400,624],[15,2544,624],[16,2560,624,2576,624],[2,2592,624],[19,2592,624],[2,2608,624,3264,624],[8,3280,624],[9,3584,624],[2,3600,624,4336,624],[2,0,640,704,640],[8,720,640],[9,1072,640],[2,1088,640,1296,640],[8,1312,640],[15,1664,640],[2,1680,640],[19,1680,640],[2,1696,640,2384,640],[8,2400,640],[9,2544,640],[2,2560,640,3280,640],[18,3288,640],[17,3296,640],[15,3568,640],[2,3584,640],[19,3584,640],[2,3600,640,4336,640],[2,0,656,704,656],[8,720,656],[15,864,656],[16,880,656,1056,656],[2,1072,656],[19,1072,656],[2,1088,656,1296,656],[8,1312,656],[15,1456,656],[16,1472,656,1648,656],[2,1664,656],[19,1664,656],[2,1680,656,2384,656],[8,2400,656],[9,2544,656],[2,2560,656,3296,656],[18,3304,656],[17,3312,656],[9,3568,656],[2,3584,656,4336,656],[2,0,672,704,672],[8,720,672],[9,864,672],[2,880,672,1296,672],[8,1312,672],[9,1456,672],[2,1472,672,2384,672],[8,2400,672],[9,2544,672],[2,2560,672,3312,672],[18,3320,672],[17,3328,672],[9,3568,672],[2,3584,672,4336,672],[2,0,688,704,688],[8,720,688],[9,864,688],[2,880,688,1296,688],[8,1312,688],[9,1456,688],[2,1472,688,2384,688],[8,2400,688],[9,2544,688],[2,2560,688,3328,688],[18,3336,688],[16,3344,688,3408,688],[17,3424,688],[9,3568,688],[2,3584,688,4336,688],[2,0,704,640,704],[3,648,712],[4,656,704,704,704],[6,720,704],[7,864,704],[4,880,704,928,704],[2,944,704],[5,944,712],[2,960,704,1296,704],[8,1312,704],[9,1456,704],[2,1472,704,2384,704],[8,2400,704],[9,2544,704],[2,2560,704,3408,704],[8,3424,704],[9,3568,704],[2,3584,704,4336,704],[2,0,720,624,720],[3,632,728],[6,640,720],[1,656,720,704,720],[14,720,720],[13,864,720],[1,880,720,944,720],[7,944,720],[2,960,720],[5,960,728],[2,976,720,1296,720],[8,1312,720],[9,1456,720],[2,1472,720,2384,720],[8,2400,720],[9,2544,720],[2,2560,720,3408,720],[8,3424,720],[9,3568,720],[2,3584,720,4336,720],[2,0,736,608,736],[3,616,744],[6,624,736],[1,640,736,704,736],[14,720,736],[13,864,736],[1,880,736,960,736],[7,960,736],[2,976,736],[5,976,744],[2,992,736,1296,736],[8,1312,736],[9,1456,736],[2,1472,736,2384,736],[8,2400,736],[9,2544,736],[2,2560,736,3408,736],[8,3424,736],[9,3568,736],[2,3584,736,4336,736],[2,0,752,592,752],[3,600,760],[6,608,752],[1,624,752,704,752],[14,720,752],[13,864,752],[1,880,752,976,752],[7,976,752],[2,992,752],[5,992,760],[2,1008,752,1296,752],[8,1312,752],[9,1456,752],[2,1472,752,2384,752],[8,2400,752],[9,2544,752],[2,2560,752,3408,752],[8,3424,752],[9,3568,752],[2,3584,752,4336,752],[2,0,768,576,768],[8,592,768],[1,608,768,640,768],[10,656,768,704,768],[11,720,768],[12,864,768],[10,880,768,928,768],[1,944,768,992,768],[9,992,768],[2,1008,768,1248,768],[3,1256,776],[4,1264,768,1296,768],[6,1312,768],[7,1456,768],[4,1472,768,1520,768],[2,1536,768],[5,1536,776],[2,1552,768,2384,768],[8,2400,768],[9,2544,768],[2,2560,768,3408,768],[8,3424,768],[9,3568,768],[2,3584,768,4336,768],[2,0,784,576,784],[8,592,784],[1,608,784,624,784],[11,640,784],[12,944,784],[1,960,784,992,784],[7,992,784],[4,1008,784,1232,784],[6,1248,784],[1,1264,784,1296,784],[14,1312,784],[13,1456,784],[1,1472,784,1536,784],[7,1536,784],[2,1552,784],[5,1552,792],[2,1568,784,2384,784],[8,2400,784],[9,2544,784],[2,2560,784,3408,784],[8,3424,784],[9,3568,784],[2,3584,784,4336,784],[2,0,800,576,800],[8,592,800],[1,608,800],[11,624,800],[12,960,800],[1,976,800,1296,800],[14,1312,800],[13,1456,800],[1,1472,800,1552,800],[7,1552,800],[2,1568,800],[5,1568,808],[2,1584,800,2384,800],[8,2400,800],[9,2544,800],[2,2560,800,3408,800],[8,3424,800],[9,3568,800],[2,3584,800,4336,800],[2,0,816,576,816],[8,592,816],[11,608,816],[12,976,816],[1,992,816,1296,816],[14,1312,816],[13,1456,816],[1,1472,816,1568,816],[7,1568,816],[2,1584,816],[5,1584,824],[2,1600,816,2384,816],[8,2400,816],[9,2544,816],[2,2560,816,3408,816],[8,3424,816],[9,3568,816],[2,3584,816,4336,816],[2,0,832,576,832],[8,592,832],[13,992,832],[1,1008,832,1248,832],[10,1264,832,1296,832],[11,1312,832],[12,1456,832],[10,1472,832,1520,832],[1,1536,832,1584,832],[9,1584,832],[2,1600,832,2384,832],[8,2400,832],[9,2544,832],[2,2560,832,3408,832],[8,3424,832],[9,3568,832],[2,3584,832,4336,832],[2,0,848,576,848],[8,592,848],[12,992,848],[10,1008,848,1232,848],[11,1248,848],[12,1536,848],[1,1552,848,1584,848],[9,1584,848],[2,1600,848,2384,848],[8,2400,848],[9,2544,848],[2,2560,848,3408,848],[8,3424,848],[9,3568,848],[2,3584,848,4336,848],[2,0,864,576,864],[8,592,864],[12,1552,864],[1,1568,864,1584,864],[9,1584,864],[2,1600,864,2384,864],[8,2400,864],[7,2544,864],[4,2560,864,2576,864],[2,2592,864],[5,2592,872],[2,2608,864,3408,864],[8,3424,864],[9,3568,864],[2,3584,864,4336,864],[2,0,880,576,880],[8,592,880],[12,1568,880],[9,1584,880],[2,1600,880,2384,880],[3,2392,888],[6,2400,880],[13,2544,880],[1,2560,880,2592,880],[7,2592,880],[2,2608,880],[5,2608,888],[2,2624,880,3408,880],[8,3424,880],[9,3568,880],[2,3584,880,4336,880],[2,0,896,576,896],[8,592,896],[9,1584,896],[2,1600,896,2368,896],[3,2376,904],[6,2384,896],[14,2400,896],[13,2544,896],[1,2560,896,2608,896],[7,2608,896],[2,2624,896],[5,2624,904],[2,2640,896,3408,896],[8,3424,896],[9,3568,896],[2,3584,896,4336,896],[2,0,912,576,912],[8,592,912],[9,1584,912],[2,1600,912,2352,912],[3,2360,920],[6,2368,912],[1,2384,912],[14,2400,912],[13,2544,912],[1,2560,912,2624,912],[7,2624,912],[2,2640,912],[5,2640,920],[2,2656,912,3408,912],[8,3424,912],[9,3568,912],[2,3584,912,4336,912],[2,0,928,576,928],[8,592,928],[9,1584,928],[2,1600,928,1936,928],[3,1944,936],[4,1952,928,2336,928],[6,2352,928],[1,2368,928,2384,928],[14,2400,928],[12,2544,928],[10,2560,928,2576,928],[1,2592,928,2640,928],[7,2640,928],[4,2656,928,2976,928],[2,2992,928],[5,2992,936],[2,3008,928,3408,928],[8,3424,928],[9,3568,928],[2,3584,928,4336,928],[2,0,944,576,944],[8,592,944],[9,1584,944],[2,1600,944,1920,944],[8,1936,944],[1,1952,944,2384,944],[11,2400,944],[12,2592,944],[1,2608,944,2992,944],[9,2992,944],[2,3008,944,3408,944],[8,3424,944],[9,3568,944],[2,3584,944,4336,944],[2,0,960,576,960],[8,592,960],[9,1584,960],[2,1600,960,1920,960],[8,1936,960],[1,1952,960,2368,960],[11,2384,960],[12,2608,960],[1,2624,960,2992,960],[9,2992,960],[2,3008,960,3376,960],[3,3384,968],[4,3392,960,3408,960],[6,3424,960],[7,3568,960],[4,3584,960,3616,960],[2,3632,960],[5,3632,968],[2,3648,960,4336,960],[2,0,976,224,976],[3,232,984],[4,240,976,448,976],[2,464,976],[5,464,984],[2,480,976,576,976],[8,592,976],[9,1584,976],[2,1600,976,1840,976],[3,1848,984],[4,1856,976,1920,976],[6,1936,976],[1,1952,976,2352,976],[11,2368,976],[12,2624,976],[1,2640,976,2992,976],[9,2992,976],[2,3008,976,3360,976],[3,3368,984],[6,3376,976],[1,3392,976,3408,976],[14,3424,976],[13,3568,976],[1,3584,976,3632,976],[7,3632,976],[2,3648,976],[5,3648,984],[2,3664,976,4336,976],[2,0,992,208,992],[3,216,1000],[6,224,992],[1,240,992,464,992],[7,464,992],[2,480,992],[5,480,1000],[2,496,992,576,992],[8,592,992],[15,992,992],[16,1008,992,1184,992],[17,1200,992],[9,1584,992],[2,1600,992,1824,992],[8,1840,992],[1,1856,992,1936,992],[10,1952,992,2336,992],[11,2352,992],[12,2640,992],[10,2656,992,2976,992],[9,2992,992],[2,3008,992,3344,992],[3,3352,1000],[6,3360,992],[1,3376,992,3408,992],[14,3424,992],[13,3568,992],[1,3584,992,3648,992],[7,3648,992],[2,3664,992],[5,3664,1000],[2,3680,992,4336,992],[2,0,1008,192,1008],[3,200,1016],[6,208,1008],[1,224,1008,480,1008],[7,480,1008],[2,496,1008],[5,496,1016],[2,512,1008,576,1008],[8,592,1008],[9,992,1008],[2,1008,1008,1184,1008],[8,1200,1008],[9,1584,1008],[2,1600,1008,1824,1008],[8,1840,1008],[1,1856,1008,1920,1008],[14,1936,1008],[9,2992,1008],[2,3008,1008,3328,1008],[8,3344,1008],[1,3360,1008,3408,1008],[14,3424,1008],[13,3568,1008],[1,3584,1008,3664,1008],[9,3664,1008],[2,3680,1008,4336,1008],[2,0,1024,176,1024],[8,192,1024],[1,208,1024,496,1024],[9,496,1024],[2,512,1024,592,1024],[18,600,1024],[17,608,1024],[15,976,1024],[2,992,1024],[19,992,1024],[2,1008,1024,1184,1024],[8,1200,1024],[9,1584,1024],[2,1600,1024,1824,1024],[8,1840,1024],[1,1856,1024,1920,1024],[14,1936,1024],[9,2992,1024],[2,3008,1024,3328,1024],[8,3344,1024],[1,3360,1024,3376,1024],[10,3392,1024,3408,1024],[11,3424,1024],[12,3568,1024],[10,3584,1024,3616,1024],[1,3632,1024,3664,1024],[9,3664,1024],[2,3680,1024,4336,1024],[2,0,1040,176,1040],[8,192,1040],[1,208,1040,224,1040],[10,240,1040,448,1040],[1,464,1040,496,1040],[9,496,1040],[2,512,1040,608,1040],[18,616,1040],[17,624,1040],[15,960,1040],[2,976,1040],[19,976,1040],[2,992,1040,1200,1040],[18,1208,1040],[17,1216,1040],[15,1568,1040],[2,1584,1040],[19,1584,1040],[2,1600,1040,1824,1040],[8,1840,1040],[10,1856,1040,1920,1040],[11,1936,1040],[9,2992,1040],[2,3008,1040,3328,1040],[8,3344,1040],[1,3360,1040],[11,3376,1040],[12,3632,1040],[1,3648,1040,3664,1040],[9,3664,1040],[2,3680,1040,4336,1040],[2,0,1056,176,1056],[8,192,1056],[1,208,1056],[11,224,1056],[12,464,1056],[1,480,1056,496,1056],[9,496,1056],[2,512,1056,624,1056],[18,632,1056],[17,640,1056],[15,944,1056],[2,960,1056],[19,960,1056],[2,976,1056,1216,1056],[18,1224,1056],[17,1232,1056],[15,1552,1056],[2,1568,1056],[19,1568,1056],[2,1584,1056,1824,1056],[8,1840,1056],[9,2992,1056],[2,3008,1056,3328,1056],[8,3344,1056],[11,3360,1056],[12,3648,1056],[9,3664,1056],[2,3680,1056,4336,1056],[2,0,1072,176,1072],[8,192,1072],[11,208,1072],[12,480,1072],[9,496,1072],[2,512,1072,640,1072],[18,648,1072],[16,656,1072,928,1072],[2,944,1072],[19,944,1072],[2,960,1072,1232,1072],[18,1240,1072],[17,1248,1072],[15,1536,1072],[2,1552,1072],[19,1552,1072],[2,1568,1072,1824,1072],[8,1840,1072],[7,2992,1072],[4,3008,1072],[2,3024,1072],[5,3024,1080],[2,3040,1072,3328,1072],[8,3344,1072],[9,3664,1072],[2,3680,1072,4336,1072],[2,0,1088,176,1088],[8,192,1088],[9,496,1088],[2,512,1088,1248,1088],[18,1256,1088],[16,1264,1088,1520,1088],[2,1536,1088],[19,1536,1088],[2,1552,1088,1824,1088],[8,1840,1088],[13,2992,1088],[1,3008,1088,3024,1088],[7,3024,1088],[2,3040,1088],[5,3040,1096],[2,3056,1088,3328,1088],[8,3344,1088],[9,3664,1088],[2,3680,1088,4336,1088],[2,0,1104,176,1104],[8,192,1104],[9,496,1104],[2,512,1104,1824,1104],[8,1840,1104],[13,2992,1104],[1,3008,1104,3040,1104],[7,3040,1104],[2,3056,1104],[5,3056,1112],[2,3072,1104,3328,1104],[8,3344,1104],[9,3664,1104],[2,3680,1104,3856,1104],[3,3864,1112],[4,3872,1104,4064,1104],[2,4080,1104],[5,4080,1112],[2,4096,1104,4336,1104],[2,0,1120,176,1120],[8,192,1120],[9,496,1120],[2,512,1120,1824,1120],[8,1840,1120],[13,2992,1120],[1,3008,1120,3056,1120],[7,3056,1120],[2,3072,1120],[5,3072,1128],[2,3088,1120,3328,1120],[8,3344,1120],[9,3664,1120],[2,3680,1120,3840,1120],[3,3848,1"}]
42["map_chunk",{"run":"4ba1c3bcccfc17b19fc07bf2","index":2,"count":14,"text":"128],[6,3856,1120],[1,3872,1120,4080,1120],[7,4080,1120],[2,4096,1120],[5,4096,1128],[2,4112,1120,4336,1120],[2,0,1136,176,1136],[8,192,1136],[9,496,1136],[2,512,1136,1824,1136],[8,1840,1136],[15,2192,1136],[16,2208,1136,2336,1136],[17,2352,1136],[15,2640,1136],[16,2656,1136,2768,1136],[20,2784,1136],[21,2792,1136],[22,2784,1144],[23,2792,1144],[12,2992,1136],[10,3008,1136],[1,3024,1136,3072,1136],[7,3072,1136],[4,3088,1136,3328,1136],[6,3344,1136],[9,3664,1136],[2,3680,1136,3824,1136],[3,3832,1144],[6,3840,1136],[1,3856,1136,4096,1136],[7,4096,1136],[2,4112,1136],[5,4112,1144],[2,4128,1136,4336,1136],[2,0,1152,176,1152],[8,192,1152],[9,496,1152],[2,512,1152,1824,1152],[8,1840,1152],[9,2192,1152],[2,2208,1152,2352,1152],[18,2360,1152],[17,2368,1152],[15,2624,1152],[2,2640,1152],[19,2640,1152],[2,2656,1152,2752,1152],[8,2768,1152],[14,2784,1152],[12,3024,1152],[1,3040,1152,3328,1152],[14,3344,1152],[9,3664,1152],[2,3680,1152,3808,1152],[3,3816,1160],[6,3824,1152],[1,3840,1152,4112,1152],[7,4112,1152],[2,4128,1152],[5,4128,1160],[2,4144,1152,4336,1152],[2,0,1168,176,1168],[8,192,1168],[9,496,1168],[2,512,1168,1824,1168],[8,1840,1168],[9,2192,1168],[2,2208,1168,2368,1168],[18,2376,1168],[17,2384,1168],[15,2608,1168],[2,2624,1168],[19,2624,1168],[2,2640,1168,2752,1168],[8,2768,1168],[14,2784,1168],[12,3040,1168],[1,3056,1168,3328,1168],[14,3344,1168],[7,3664,1168],[4,3680,1168,3792,1168],[6,3808,1168],[1,3824,1168,3856,1168],[10,3872,1168,4064,1168],[1,4080,1168,4128,1168],[9,4128,1168],[2,4144,1168,4336,1168],[2,0,1184,176,1184],[8,192,1184],[9,496,1184],[2,512,1184,1824,1184],[8,1840,1184],[9,2192,1184],[2,2208,1184,2384,1184],[18,2392,1184],[17,2400,1184],[15,2592,1184],[2,2608,1184],[19,2608,1184],[2,2624,1184,2752,1184],[8,2768,1184],[14,2784,1184],[12,3056,1184],[1,3072,1184,3328,1184],[14,3344,1184],[13,3664,1184],[1,3680,1184,3840,1184],[11,3856,1184],[12,4080,1184],[1,4096,1184,4128,1184],[9,4128,1184],[2,4144,1184,4336,1184],[2,0,1200,176,1200],[8,192,1200],[9,496,1200],[2,512,1200,1824,1200],[8,1840,1200],[9,2192,1200],[2,2208,1200,2400,1200],[18,2408,1200],[16,2416,1200,2576,1200],[2,2592,1200],[19,2592,1200],[2,2608,1200,2752,1200],[8,2768,1200],[11,2784,1200],[12,3072,1200],[10,3088,1200,3328,1200],[11,3344,1200],[13,3664,1200],[1,3680,1200,3824,1200],[11,3840,1200],[12,4096,1200],[1,4112,1200,4128,1200],[9,4128,1200],[2,4144,1200,4336,1200],[2,0,1216,176,1216],[8,192,1216],[9,496,1216],[2,512,1216,1824,1216],[8,1840,1216],[9,2192,1216],[2,2208,1216,2752,1216],[8,2768,1216],[13,3664,1216],[1,3680,1216,3808,1216],[11,3824,1216],[12,4112,1216],[9,4128,1216],[2,4144,1216,4336,1216],[2,0,1232,176,1232],[8,192,1232],[9,496,1232],[2,512,1232,1824,1232],[8,1840,1232],[9,2192,1232],[2,2208,1232,2752,1232],[8,2768,1232],[12,3664,1232],[10,3680,1232,3792,1232],[11,3808,1232],[9,4128,1232],[2,4144,1232,4336,1232],[2,0,1248,176,1248],[8,192,1248],[9,496,1248],[2,512,1248,1824,1248],[8,1840,1248],[9,2192,1248],[2,2208,1248,2752,1248],[8,2768,1248],[9,4128,1248],[2,4144,1248,4336,1248],[2,0,1264,176,1264],[8,192,1264],[9,496,1264],[2,512,1264,1824,1264],[8,1840,1264],[9,2192,1264],[2,2208,1264,2752,1264],[8,2768,1264],[9,4128,1264],[2,4144,1264,4336,1264],[2,0,1280,176,1280],[8,192,1280],[9,496,1280],[2,512,1280,1824,1280],[8,1840,1280],[9,2192,1280],[2,2208,1280,2752,1280],[8,2768,1280],[9,4128,1280],[2,4144,1280,4336,1280],[2,0,1296,176,1296],[8,192,1296],[9,496,1296],[2,512,1296,1824,1296],[8,1840,1296],[9,2192,1296],[2,2208,1296,2752,1296],[8,2768,1296],[9,4128,1296],[2,4144,1296,4336,1296],[2,0,1312,192,1312],[18,200,1312],[17,208,1312],[15,480,1312],[2,496,1312],[19,496,1312],[2,512,1312,1824,1312],[8,1840,1312],[9,2192,1312],[2,2208,1312,2752,1312],[8,2768,1312],[9,4128,1312],[2,4144,1312,4336,1312],[2,0,1328,208,1328],[18,216,1328],[17,224,1328],[15,464,1328],[2,480,1328],[19,480,1328],[2,496,1328,1824,1328],[8,1840,1328],[9,2192,1328],[2,2208,1328,2752,1328],[8,2768,1328],[9,4128,1328],[2,4144,1328,4336,1328],[2,0,1344,224,1344],[18,232,1344],[16,240,1344,256,1344],[17,272,1344],[15,416,1344],[16,432,1344,448,1344],[2,464,1344],[19,464,1344],[2,480,1344,1824,1344],[8,1840,1344],[9,2192,1344],[2,2208,1344,2752,1344],[8,2768,1344],[15,3088,1344],[16,3104,1344,3328,1344],[17,3344,1344],[9,4128,1344],[2,4144,1344,4336,1344],[2,0,1360,256,1360],[8,272,1360],[9,416,1360],[2,432,1360,1840,1360],[18,1848,1360],[16,1856,1360,1920,1360],[17,1936,1360],[15,2080,1360],[16,2096,1360,2176,1360],[2,2192,1360],[19,2192,1360],[2,2208,1360,2768,1360],[18,2776,1360],[17,2784,1360],[15,3072,1360],[2,3088,1360],[19,3088,1360],[2,3104,1360,3328,1360],[8,3344,1360],[9,4128,1360],[2,4144,1360,4336,1360],[2,0,1376,256,1376],[8,272,1376],[9,416,1376],[2,432,1376,1920,1376],[8,1936,1376],[9,2080,1376],[2,2096,1376,2784,1376],[18,2792,1376],[17,2800,1376],[15,3056,1376],[2,3072,1376],[19,3072,1376],[2,3088,1376,3344,1376],[18,3352,1376],[17,3360,1376],[15,3648,1376],[16,3664,1376,3792,1376],[17,3808,1376],[9,4128,1376],[2,4144,1376,4336,1376],[2,0,1392,256,1392],[8,272,1392],[9,416,1392],[2,432,1392,1920,1392],[8,1936,1392],[9,2080,1392],[2,2096,1392,2800,1392],[18,2808,1392],[17,2816,1392],[15,3040,1392],[2,3056,1392],[19,3056,1392],[2,3072,1392,3360,1392],[18,3368,1392],[17,3376,1392],[15,3632,1392],[2,3648,1392],[19,3648,1392],[2,3664,1392,3808,1392],[18,3816,1392],[17,3824,1392],[15,4112,1392],[2,4128,1392],[19,4128,1392],[2,4144,1392,4336,1392],[2,0,1408,256,1408],[8,272,1408],[9,416,1408],[2,432,1408,1920,1408],[8,1936,1408],[9,2080,1408],[2,2096,1408,2816,1408],[18,2824,1408],[17,2832,1408],[15,3024,1408],[2,3040,1408],[19,3040,1408],[2,3056,1408,3376,1408],[18,3384,1408],[16,3392,1408,3616,1408],[2,3632,1408],[19,3632,1408],[2,3648,1408,3824,1408],[18,3832,1408],[17,3840,1408],[15,4096,1408],[2,4112,1408],[19,4112,1408],[2,4128,1408,4336,1408],[2,0,1424,256,1424],[8,272,1424],[9,416,1424],[2,432,1424,1920,1424],[8,1936,1424],[9,2080,1424],[2,2096,1424,2832,1424],[18,2840,1424],[17,2848,1424],[15,2992,1424],[16,3008,1424],[2,3024,1424],[19,3024,1424],[2,3040,1424,3840,1424],[18,3848,1424],[17,3856,1424],[15,4080,1424],[2,4096,1424],[19,4096,1424],[2,4112,1424,4336,1424],[2,0,1440,256,1440],[8,272,1440],[9,416,1440],[2,432,1440,1920,1440],[8,1936,1440],[9,2080,1440],[2,2096,1440,2832,1440],[8,2848,1440],[9,2992,1440],[2,3008,1440,3856,1440],[18,3864,1440],[16,3872,1440,4064,1440],[2,4080,1440],[19,4080,1440],[2,4096,1440,4336,1440],[2,0,1456,256,1456],[8,272,1456],[9,416,1456],[2,432,1456,1920,1456],[8,1936,1456],[9,2080,1456],[2,2096,1456,2832,1456],[8,2848,1456],[9,2992,1456],[2,3008,1456,4336,1456],[2,0,1472,256,1472],[8,272,1472],[9,416,1472],[2,432,1472,1920,1472],[8,1936,1472],[9,2080,1472],[2,2096,1472,2832,1472],[8,2848,1472],[9,2992,1472],[2,3008,1472,4336,1472],[2,0,1488,256,1488],[8,272,1488],[9,416,1488],[2,432,1488,1920,1488],[8,1936,1488],[9,2080,1488],[2,2096,1488,2832,1488],[8,2848,1488],[9,2992,1488],[2,3008,1488,4336,1488],[2,0,1504,192,1504],[3,200,1512],[4,208,1504,256,1504],[6,272,1504],[7,416,1504],[4,432,1504,496,1504],[2,512,1504],[5,512,1512],[2,528,1504,1920,1504],[8,1936,1504],[9,2080,1504],[2,2096,1504,2832,1504],[8,2848,1504],[9,2992,1504],[2,3008,1504,4336,1504],[2,0,1520,176,1520],[8,192,1520],[1,208,1520,256,1520],[14,272,1520],[13,416,1520],[1,432,1520,512,1520],[9,512,1520],[2,528,1520,1920,1520],[8,1936,1520],[9,2080,1520],[2,2096,1520,2832,1520],[8,2848,1520],[9,2992,1520],[2,3008,1520,4336,1520],[2,0,1536,176,1536],[8,192,1536],[1,208,1536,256,1536],[14,272,1536],[13,416,1536],[1,432,1536,512,1536],[9,512,1536],[2,528,1536,1184,1536],[3,1192,1544],[4,1200,1536,1568,1536],[2,1584,1536],[5,1584,1544],[2,1600,1536,1920,1536],[8,1936,1536],[9,2080,1536],[2,2096,1536,2832,1536],[8,2848,1536],[9,2992,1536],[2,3008,1536,4336,1536],[2,0,1552,176,1552],[8,192,1552],[1,208,1552,256,1552],[14,272,1552],[13,416,1552],[1,432,1552,512,1552],[9,512,1552],[2,528,1552,1168,1552],[8,1184,1552],[1,1200,1552,1584,1552],[9,1584,1552],[2,1600,1552,1920,1552],[8,1936,1552],[9,2080,1552],[2,2096,1552,2832,1552],[8,2848,1552],[9,2992,1552],[2,3008,1552,4336,1552],[2,0,1568,176,1568],[8,192,1568],[10,208,1568,256,1568],[11,272,1568],[12,416,1568],[10,432,1568,496,1568],[9,512,1568],[2,528,1568,1168,1568],[8,1184,1568],[1,1200,1568,1584,1568],[9,1584,1568],[2,1600,1568,1920,1568],[8,1936,1568],[9,2080,1568],[2,2096,1568,2832,1568],[8,2848,1568],[9,2992,1568],[2,3008,1568,4336,1568],[2,0,1584,176,1584],[8,192,1584],[9,512,1584],[2,528,1584,1168,1584],[8,1184,1584],[1,1200,1584,1584,1584],[9,1584,1584],[2,1600,1584,1920,1584],[8,1936,1584],[9,2080,1584],[2,2096,1584,2832,1584],[8,2848,1584],[9,2992,1584],[2,3008,1584,4336,1584],[2,0,1600,176,1600],[8,192,1600],[9,512,1600],[2,528,1600,1168,1600],[8,1184,1600],[10,1200,1600,1568,1600],[9,1584,1600],[2,1600,1600,1920,1600],[8,1936,1600],[9,2080,1600],[2,2096,1600,2832,1600],[8,2848,1600],[9,2992,1600],[2,3008,1600,4336,1600],[2,0,1616,176,1616],[8,192,1616],[9,512,1616],[2,528,1616,1168,1616],[8,1184,1616],[7,1584,1616],[4,1600,1616,1920,1616],[6,1936,1616],[9,2080,1616],[2,2096,1616,2832,1616],[8,2848,1616],[9,2992,1616],[2,3008,1616,4336,1616],[2,0,1632,176,1632],[8,192,1632],[9,512,1632],[2,528,1632,1168,1632],[8,1184,1632],[13,1584,1632],[1,1600,1632,1920,1632],[14,1936,1632],[7,2080,1632],[4,2096,1632],[2,2112,1632],[5,2112,1640],[2,2128,1632,2832,1632],[8,2848,1632],[9,2992,1632],[2,3008,1632,4336,1632],[2,0,1648,176,1648],[8,192,1648],[9,512,1648],[2,528,1648,1168,1648],[8,1184,1648],[13,1584,1648],[1,1600,1648,1920,1648],[14,1936,1648],[13,2080,1648],[1,2096,1648,2112,1648],[7,2112,1648],[2,2128,1648],[5,2128,1656],[2,2144,1648,2832,1648],[8,2848,1648],[9,2992,1648],[2,3008,1648,4336,1648],[2,0,1664,176,1664],[8,192,1664],[9,512,1664],[2,528,1664,1168,1664],[8,1184,1664],[13,1584,1664],[1,1600,1664,1920,1664],[14,1936,1664],[13,2080,1664],[1,2096,1664,2128,1664],[7,2128,1664],[2,2144,1664],[5,2144,1672],[2,2160,1664,2832,1664],[8,2848,1664],[9,2992,1664],[2,3008,1664,4336,1664],[2,0,1680,176,1680],[8,192,1680],[9,512,1680],[2,528,1680,1168,1680],[8,1184,1680],[12,1584,1680],[10,1600,1680,1920,1680],[11,1936,1680],[13,2080,1680],[1,2096,1680,2144,1680],[7,2144,1680],[4,2160,1680,2544,1680],[2,2560,1680],[5,2560,1688],[2,2576,1680,2832,1680],[8,2848,1680],[9,2992,1680],[2,3008,1680,4336,1680],[2,0,1696,176,1696],[8,192,1696],[9,512,1696],[2,528,1696,656,1696],[3,664,1704],[4,672,1696,928,1696],[2,944,1696],[5,944,1704],[2,960,1696,1168,1696],[8,1184,1696],[12,2080,1696],[10,2096,1696],[1,2112,1696,2560,1696],[9,2560,1696],[2,2576,1696,2832,1696],[8,2848,1696],[9,2992,1696],[2,3008,1696,4336,1696],[2,0,1712,176,1712],[8,192,1712],[9,512,1712],[2,528,1712,640,1712],[3,648,1720],[6,656,1712],[1,672,1712,944,1712],[7,944,1712],[2,960,1712],[5,960,1720],[2,976,1712,1168,1712],[8,1184,1712],[12,2112,1712],[1,2128,1712,2560,1712],[9,2560,1712],[2,2576,1712,2832,1712],[8,2848,1712],[9,2992,1712],[2,3008,1712,4336,1712],[2,0,1728,176,1728],[8,192,1728],[9,512,1728],[2,528,1728,624,1728],[3,632,1736],[6,640,1728],[1,656,1728,960,1728],[7,960,1728],[2,976,1728],[5,976,1736],[2,992,1728,1168,1728],[8,1184,1728],[12,2128,1728],[1,2144,1728,2560,1728],[9,2560,1728],[2,2576,1728,2832,1728],[8,2848,1728],[9,2992,1728],[2,3008,1728,4336,1728],[2,0,1744,176,1744],[8,192,1744],[9,512,1744],[2,528,1744,608,1744],[3,616,1752],[6,624,1744],[1,640,1744,976,1744],[7,976,1744],[2,992,1744],[5,992,1752],[2,1008,1744,1168,1744],[8,1184,1744],[12,2144,1744],[10,2160,1744,2544,1744],[9,2560,1744],[2,2576,1744,2832,1744],[8,2848,1744],[9,2992,1744],[2,3008,1744,4336,1744],[2,0,1760,176,1760],[8,192,1760],[7,512,1760],[4,528,1760,592,1760],[6,608,1760],[1,624,1760,656,1760],[10,672,1760,928,1760],[1,944,1760,992,1760],[7,992,1760],[4,1008,1760,1168,1760],[6,1184,1760],[7,2560,1760],[4,2576,1760,2624,1760],[2,2640,1760],[5,2640,1768],[2,2656,1760,2784,1760],[3,2792,1768],[4,2800,1760,2832,1760],[6,2848,1760],[7,2992,1760],[4,3008,1760,3072,1760],[2,3088,17"}]
42["map_chunk",{"run":"4ba1c3bcccfc17b19fc07bf2","index":3,"count":14,"text":"60],[5,3088,1768],[2,3104,1760,4336,1760],[2,0,1776,176,1776],[8,192,1776],[13,512,1776],[1,528,1776,640,1776],[11,656,1776],[12,944,1776],[1,960,1776,1168,1776],[14,1184,1776],[13,2560,1776],[1,2576,1776,2640,1776],[9,2640,1776],[2,2656,1776,2768,1776],[3,2776,1784],[6,2784,1776],[1,2800,1776,2832,1776],[14,2848,1776],[13,2992,1776],[1,3008,1776,3088,1776],[7,3088,1776],[2,3104,1776],[5,3104,1784],[2,3120,1776,3376,1776],[3,3384,1784],[4,3392,1776,3664,1776],[2,3680,1776],[5,3680,1784],[2,3696,1776,3776,1776],[3,3784,1784],[4,3792,1776,4128,1776],[2,4144,1776],[5,4144,1784],[2,4160,1776,4336,1776],[2,0,1792,176,1792],[8,192,1792],[13,512,1792],[1,528,1792,624,1792],[11,640,1792],[12,960,1792],[1,976,1792,1168,1792],[14,1184,1792],[13,2560,1792],[1,2576,1792,2640,1792],[9,2640,1792],[2,2656,1792,2752,1792],[3,2760,1800],[6,2768,1792],[1,2784,1792,2832,1792],[14,2848,1792],[13,2992,1792],[1,3008,1792,3104,1792],[7,3104,1792],[2,3120,1792],[5,3120,1800],[2,3136,1792,3360,1792],[8,3376,1792],[1,3392,1792,3680,1792],[9,3680,1792],[2,3696,1792,3760,1792],[8,3776,1792],[1,3792,1792,4144,1792],[9,4144,1792],[2,4160,1792,4336,1792],[2,0,1808,192,1808],[18,200,1808],[16,208,1808,256,1808],[17,272,1808],[13,512,1808],[1,528,1808,608,1808],[11,624,1808],[12,976,1808],[1,992,1808,1168,1808],[14,1184,1808],[13,2560,1808],[1,2576,1808,2640,1808],[9,2640,1808],[2,2656,1808,2736,1808],[3,2744,1816],[6,2752,1808],[1,2768,1808,2832,1808],[14,2848,1808],[13,2992,1808],[1,3008,1808,3120,1808],[7,3120,1808],[2,3136,1808],[5,3136,1816],[2,3152,1808,3360,1808],[8,3376,1808],[1,3392,1808,3680,1808],[9,3680,1808],[2,3696,1808,3760,1808],[8,3776,1808],[1,3792,1808,4144,1808],[9,4144,1808],[2,4160,1808,4336,1808],[2,0,1824,256,1824],[8,272,1824],[12,512,1824],[10,528,1824,592,1824],[11,608,1824],[12,992,1824],[10,1008,1824,1168,1824],[11,1184,1824],[15,1584,1824],[16,1600,1824,1792,1824],[17,1808,1824],[12,2560,1824],[10,2576,1824,2624,1824],[9,2640,1824],[2,2656,1824,2720,1824],[3,2728,1832],[6,2736,1824],[1,2752,1824,2784,1824],[10,2800,1824,2832,1824],[11,2848,1824],[12,2992,1824],[10,3008,1824,3072,1824],[1,3088,1824,3136,1824],[7,3136,1824],[2,3152,1824],[5,3152,1832],[2,3168,1824,3360,1824],[8,3376,1824],[1,3392,1824,3680,1824],[9,3680,1824],[2,3696,1824,3760,1824],[8,3776,1824],[1,3792,1824,4144,1824],[9,4144,1824],[2,4160,1824,4336,1824],[2,0,1840,256,1840],[8,272,1840],[9,1584,1840],[2,1600,1840,1792,1840],[8,1808,1840],[9,2640,1840],[2,2656,1840,2704,1840],[8,2720,1840],[1,2736,1840,2768,1840],[11,2784,1840],[12,3088,1840],[1,3104,1840,3152,1840],[9,3152,1840],[2,3168,1840,3360,1840],[8,3376,1840],[10,3392,1840,3664,1840],[9,3680,1840],[2,3696,1840,3760,1840],[8,3776,1840],[10,3792,1840,4128,1840],[9,4144,1840],[2,4160,1840,4336,1840],[2,0,1856,256,1856],[8,272,1856],[9,1584,1856],[2,1600,1856,1792,1856],[8,1808,1856],[9,2640,1856],[2,2656,1856,2704,1856],[8,2720,1856],[1,2736,1856,2752,1856],[11,2768,1856],[12,3104,1856],[1,3120,1856,3152,1856],[9,3152,1856],[2,3168,1856,3360,1856],[8,3376,1856],[7,3680,1856],[4,3696,1856,3760,1856],[6,3776,1856],[9,4144,1856],[2,4160,1856,4336,1856],[2,0,1872,256,1872],[8,272,1872],[9,1584,1872],[2,1600,1872,1792,1872],[8,1808,1872],[7,2640,1872],[4,2656,1872,2704,1872],[6,2720,1872],[1,2736,1872],[11,2752,1872],[12,3120,1872],[1,3136,1872,3152,1872],[9,3152,1872],[2,3168,1872,3360,1872],[8,3376,1872],[13,3680,1872],[1,3696,1872,3760,1872],[14,3776,1872],[9,4144,1872],[2,4160,1872,4336,1872],[2,0,1888,256,1888],[8,272,1888],[9,1584,1888],[2,1600,1888,1792,1888],[8,1808,1888],[15,2160,1888],[16,2176,1888,2320,1888],[17,2336,1888],[13,2640,1888],[1,2656,1888,2720,1888],[11,2736,1888],[12,3136,1888],[9,3152,1888],[2,3168,1888,3360,1888],[8,3376,1888],[13,3680,1888],[1,3696,1888,3760,1888],[14,3776,1888],[9,4144,1888],[2,4160,1888,4336,1888],[2,0,1904,256,1904],[8,272,1904],[15,1456,1904],[16,1472,1904,1568,1904],[2,1584,1904],[19,1584,1904],[2,1600,1904,1808,1904],[18,1816,1904],[17,1824,1904],[15,2144,1904],[2,2160,1904],[19,2160,1904],[2,2176,1904,2320,1904],[8,2336,1904],[13,2640,1904],[1,2656,1904,2704,1904],[14,2720,1904],[9,3152,1904],[2,3168,1904,3360,1904],[8,3376,1904],[13,3680,1904],[1,3696,1904,3760,1904],[14,3776,1904],[9,4144,1904],[2,4160,1904,4336,1904],[2,0,1920,256,1920],[8,272,1920],[9,1456,1920],[2,1472,1920,1824,1920],[18,1832,1920],[17,1840,1920],[15,2128,1920],[2,2144,1920],[19,2144,1920],[2,2160,1920,2320,1920],[8,2336,1920],[13,2640,1920],[1,2656,1920,2704,1920],[14,2720,1920],[9,3152,1920],[2,3168,1920,3360,1920],[8,3376,1920],[12,3680,1920],[10,3696,1920,3760,1920],[11,3776,1920],[9,4144,1920],[2,4160,1920,4336,1920],[2,0,1936,256,1936],[8,272,1936],[9,1456,1936],[2,1472,1936,1840,1936],[18,1848,1936],[17,1856,1936],[15,2112,1936],[2,2128,1936],[19,2128,1936],[2,2144,1936,2320,1936],[8,2336,1936],[12,2640,1936],[10,2656,1936,2704,1936],[11,2720,1936],[9,3152,1936],[2,3168,1936,3360,1936],[8,3376,1936],[9,4144,1936],[2,4160,1936,4336,1936],[2,0,1952,256,1952],[8,272,1952],[9,1456,1952],[2,1472,1952,1856,1952],[18,1864,1952],[16,1872,1952,2096,1952],[2,2112,1952],[19,2112,1952],[2,2128,1952,2320,1952],[8,2336,1952],[9,3152,1952],[2,3168,1952,3360,1952],[8,3376,1952],[9,4144,1952],[2,4160,1952,4336,1952],[2,0,1968,256,1968],[8,272,1968],[15,416,1968],[16,432,1968,592,1968],[17,608,1968],[15,992,1968],[16,1008,1968,1296,1968],[17,1312,1968],[9,1456,1968],[2,1472,1968,2320,1968],[8,2336,1968],[9,3152,1968],[2,3168,1968,3360,1968],[8,3376,1968],[9,4144,1968],[2,4160,1968,4336,1968],[2,0,1984,256,1984],[8,272,1984],[9,416,1984],[2,432,1984,592,1984],[8,608,1984],[9,992,1984],[2,1008,1984,1296,1984],[8,1312,1984],[9,1456,1984],[2,1472,1984,2320,1984],[8,2336,1984],[9,3152,1984],[2,3168,1984,3360,1984],[8,3376,1984],[9,4144,1984],[2,4160,1984,4336,1984],[2,0,2000,256,2000],[8,272,2000],[9,416,2000],[2,432,2000,608,2000],[18,616,2000],[17,624,2000],[15,976,2000],[2,992,2000],[19,992,2000],[2,1008,2000,1296,2000],[8,1312,2000],[9,1456,2000],[2,1472,2000,2320,2000],[8,2336,2000],[9,3152,2000],[2,3168,2000,3360,2000],[8,3376,2000],[9,4144,2000],[2,4160,2000,4336,2000],[2,0,2016,256,2016],[8,272,2016],[9,416,2016],[2,432,2016,624,2016],[18,632,2016],[17,640,2016],[15,960,2016],[2,976,2016],[19,976,2016],[2,992,2016,1296,2016],[8,1312,2016],[9,1456,2016],[2,1472,2016,2320,2016],[8,2336,2016],[9,3152,2016],[2,3168,2016,3360,2016],[8,3376,2016],[9,4144,2016],[2,4160,2016,4336,2016],[2,0,2032,256,2032],[8,272,2032],[9,416,2032],[2,432,2032,640,2032],[18,648,2032],[17,656,2032],[15,944,2032],[2,960,2032],[19,960,2032],[2,976,2032,1296,2032],[8,1312,2032],[9,1456,2032],[2,1472,2032,2320,2032],[8,2336,2032],[9,3152,2032],[2,3168,2032,3360,2032],[8,3376,2032],[9,4144,2032],[2,4160,2032,4336,2032],[2,0,2048,256,2048],[8,272,2048],[9,416,2048],[2,432,2048,656,2048],[18,664,2048],[16,672,2048,928,2048],[2,944,2048],[19,944,2048],[2,960,2048,1296,2048],[8,1312,2048],[9,1456,2048],[2,1472,2048,2320,2048],[8,2336,2048],[9,3152,2048],[2,3168,2048,3360,2048],[8,3376,2048],[9,4144,2048],[2,4160,2048,4336,2048],[2,0,2064,256,2064],[8,272,2064],[9,416,2064],[2,432,2064,1296,2064],[8,1312,2064],[9,1456,2064],[2,1472,2064,2320,2064],[8,2336,2064],[9,3152,2064],[2,3168,2064,3360,2064],[8,3376,2064],[15,3680,2064],[16,3696,2064,3760,2064],[17,3776,2064],[9,4144,2064],[2,4160,2064,4336,2064],[2,0,2080,256,2080],[8,272,2080],[9,416,2080],[2,432,2080,1296,2080],[8,1312,2080],[9,1456,2080],[2,1472,2080,2336,2080],[18,2344,2080],[16,2352,2080,2704,2080],[17,2720,2080],[9,3152,2080],[2,3168,2080,3360,2080],[8,3376,2080],[9,3680,2080],[2,3696,2080,3760,2080],[8,3776,2080],[9,4144,2080],[2,4160,2080,4336,2080],[2,0,2096,256,2096],[8,272,2096],[9,416,2096],[2,432,2096,1296,2096],[8,1312,2096],[9,1456,2096],[2,1472,2096,2704,2096],[8,2720,2096],[9,3152,2096],[2,3168,2096,3360,2096],[8,3376,2096],[9,3680,2096],[2,3696,2096,3760,2096],[8,3776,2096],[9,4144,2096],[2,4160,2096,4336,2096],[2,0,2112,256,2112],[8,272,2112],[9,416,2112],[2,432,2112,1296,2112],[8,1312,2112],[9,1456,2112],[2,1472,2112,2704,2112],[8,2720,2112],[9,3152,2112],[2,3168,2112,3360,2112],[8,3376,2112],[9,3680,2112],[2,3696,2112,3760,2112],[8,3776,2112],[9,4144,2112],[2,4160,2112,4336,2112],[2,0,2128,256,2128],[8,272,2128],[9,416,2128],[2,432,2128,1296,2128],[8,1312,2128],[9,1456,2128],[2,1472,2128,2720,2128],[18,2728,2128],[17,2736,2128],[15,3136,2128],[2,3152,2128],[19,3152,2128],[2,3168,2128,3376,2128],[18,3384,2128],[16,3392,2128,3440,2128],[17,3456,2128],[15,3600,2128],[16,3616,2128,3664,2128],[2,3680,2128],[19,3680,2128],[2,3696,2128,3760,2128],[8,3776,2128],[9,4144,2128],[2,4160,2128,4336,2128],[2,0,2144,256,2144],[8,272,2144],[9,416,2144],[2,432,2144,1296,2144],[8,1312,2144],[9,1456,2144],[2,1472,2144,2736,2144],[18,2744,2144],[17,2752,2144],[15,3120,2144],[2,3136,2144],[19,3136,2144],[2,3152,2144,3440,2144],[8,3456,2144],[9,3600,2144],[2,3616,2144,3760,2144],[8,3776,2144],[9,4144,2144],[2,4160,2144,4336,2144],[2,0,2160,256,2160],[8,272,2160],[9,416,2160],[2,432,2160,1296,2160],[8,1312,2160],[9,1456,2160],[2,1472,2160,2752,2160],[18,2760,2160],[17,2768,2160],[15,3104,2160],[2,3120,2160],[19,3120,2160],[2,3136,2160,3440,2160],[8,3456,2160],[9,3600,2160],[2,3616,2160,3776,2160],[18,3784,2160],[16,3792,2160,3840,2160],[17,3856,2160],[15,4000,2160],[16,4016,2160,4128,2160],[2,4144,2160],[19,4144,2160],[2,4160,2160,4336,2160],[2,0,2176,256,2176],[8,272,2176],[9,416,2176],[2,432,2176,1296,2176],[8,1312,2176],[9,1456,2176],[2,1472,2176,2768,2176],[18,2776,2176],[17,2784,2176],[15,3088,2176],[2,3104,2176],[19,3104,2176],[2,3120,2176,3440,2176],[8,3456,2176],[9,3600,2176],[2,3616,2176,3840,2176],[8,3856,2176],[9,4000,2176],[2,4016,2176,4336,2176],[2,0,2192,192,2192],[3,200,2200],[4,208,2192,256,2192],[6,272,2192],[7,416,2192],[4,432,2192,512,2192],[2,528,2192],[5,528,2200],[2,544,2192,1296,2192],[8,1312,2192],[9,1456,2192],[2,1472,2192,2784,2192],[18,2792,2192],[16,2800,2192,2848,2192],[17,2864,2192],[15,3008,2192],[16,3024,2192,3072,2192],[2,3088,2192],[19,3088,2192],[2,3104,2192,3440,2192],[8,3456,2192],[9,3600,2192],[2,3616,2192,3840,2192],[8,3856,2192],[9,4000,2192],[2,4016,2192,4336,2192],[2,0,2208,176,2208],[3,184,2216],[6,192,2208],[1,208,2208,256,2208],[14,272,2208],[13,416,2208],[1,432,2208,528,2208],[7,528,2208],[2,544,2208],[5,544,2216],[2,560,2208,1152,2208],[3,1160,2216],[4,1168,2208,1296,2208],[6,1312,2208],[7,1456,2208],[4,1472,2208,1584,2208],[2,1600,2208],[5,1600,2216],[2,1616,2208,2848,2208],[8,2864,2208],[9,3008,2208],[2,3024,2208,3440,2208],[8,3456,2208],[9,3600,2208],[2,3616,2208,3840,2208],[8,3856,2208],[9,4000,2208],[2,4016,2208,4336,2208],[2,0,2224,160,2224],[3,168,2232],[6,176,2224],[1,192,2224,256,2224],[14,272,2224],[13,416,2224],[1,432,2224,544,2224],[7,544,2224],[2,560,2224],[5,560,2232],[2,576,2224,1136,2224],[8,1152,2224],[1,1168,2224,1296,2224],[14,1312,2224],[13,1456,2224],[1,1472,2224,1600,2224],[9,1600,2224],[2,1616,2224,2848,2224],[8,2864,2224],[9,3008,2224],[2,3024,2224,3440,2224],[8,3456,2224],[9,3600,2224],[2,3616,2224,3840,2224],[8,3856,2224],[9,4000,2224],[2,4016,2224,4336,2224],[2,0,2240,144,2240],[8,160,2240],[1,176,2240,256,2240],[14,272,2240],[13,416,2240],[1,432,2240,560,2240],[9,560,2240],[2,576,2240,1136,2240],[8,1152,2240],[1,1168,2240,1296,2240],[14,1312,2240],[13,1456,2240],[1,1472,2240,1600,2240],[9,1600,2240],[2,1616,2240,2848,2240],[8,2864,2240],[9,3008,2240],[2,3024,2240,3440,2240],[8,3456,2240],[9,3600,2240],[2,3616,2240,3840,2240],[8,3856,2240],[9,4000,2240],[2,4016,2240,4336,2240],[2,0,2256,144,2256],[8,160,2256],[1,176,2256,192,2256],[10,208,2256,256,2256],[11,272,2256],[12,416,2256],[10,432,2256,512,2256],[1,528,2256,560,2256],[9,560,2256],[2,576,2256,1136,2256],[8,1152,2256],[1,1168,2256,1296,2256],[14,1312,2256],[13,1456,2256],[1,1472,2256,1600,2256],[9,1600,2256],[2,1616,2256,2848,2256],[8,2864,2256],[9,3008,2256],[2,3024,2256,3440,2256],[8,3456,2256],[9,3600,2256],[2,3616,2256,3840,2256],[8,3856,2256],[9,4000,2256],[2,4016,2256,4336,2256],[2,0,2272"}]
42["map_chunk",{"run":"4ba1c3bcccfc17b19fc07bf2","index":4,"count":14,"text":",144,2272],[8,160,2272],[1,176,2272],[11,192,2272],[12,528,2272],[1,544,2272,560,2272],[9,560,2272],[2,576,2272,1136,2272],[8,1152,2272],[10,1168,2272,1296,2272],[11,1312,2272],[12,1456,2272],[10,1472,2272,1584,2272],[9,1600,2272],[2,1616,2272,2848,2272],[8,2864,2272],[9,3008,2272],[2,3024,2272,3440,2272],[8,3456,2272],[9,3600,2272],[2,3616,2272,3840,2272],[8,3856,2272],[9,4000,2272],[2,4016,2272,4336,2272],[2,0,2288,144,2288],[8,160,2288],[11,176,2288],[12,544,2288],[9,560,2288],[2,576,2288,1136,2288],[8,1152,2288],[9,1600,2288],[2,1616,2288,2848,2288],[8,2864,2288],[9,3008,2288],[2,3024,2288,3440,2288],[8,3456,2288],[9,3600,2288],[2,3616,2288,3840,2288],[8,3856,2288],[9,4000,2288],[2,4016,2288,4336,2288],[2,0,2304,144,2304],[8,160,2304],[7,560,2304],[4,576,2304,864,2304],[2,880,2304],[5,880,2312],[2,896,2304,1136,2304],[8,1152,2304],[9,1600,2304],[2,1616,2304,2848,2304],[8,2864,2304],[9,3008,2304],[2,3024,2304,3440,2304],[8,3456,2304],[9,3600,2304],[2,3616,2304,3840,2304],[8,3856,2304],[9,4000,2304],[2,4016,2304,4336,2304],[2,0,2320,144,2320],[8,160,2320],[13,560,2320],[1,576,2320,880,2320],[9,880,2320],[2,896,2320,1136,2320],[8,1152,2320],[9,1600,2320],[2,1616,2320,2848,2320],[3,2856,2328],[6,2864,2320],[7,3008,2320],[4,3024,2320,3088,2320],[2,3104,2320],[5,3104,2328],[2,3120,2320,3312,2320],[3,3320,2328],[4,3328,2320,3440,2320],[6,3456,2320],[9,3600,2320],[2,3616,2320,3840,2320],[8,3856,2320],[9,4000,2320],[2,4016,2320,4336,2320],[2,0,2336,144,2336],[8,160,2336],[13,560,2336],[1,576,2336,880,2336],[9,880,2336],[2,896,2336,1136,2336],[8,1152,2336],[9,1600,2336],[2,1616,2336,2832,2336],[3,2840,2344],[6,2848,2336],[14,2864,2336],[13,3008,2336],[1,3024,2336,3104,2336],[7,3104,2336],[2,3120,2336],[5,3120,2344],[2,3136,2336,3296,2336],[3,3304,2344],[6,3312,2336],[1,3328,2336,3440,2336],[14,3456,2336],[7,3600,2336],[2,3616,2336],[5,3616,2344],[2,3632,2336,3760,2336],[3,3768,2344],[4,3776,2336,3840,2336],[6,3856,2336],[7,4000,2336],[4,4016,2336,4080,2336],[2,4096,2336],[5,4096,2344],[2,4112,2336,4336,2336],[2,0,2352,144,2352],[8,160,2352],[13,560,2352],[1,576,2352,880,2352],[9,880,2352],[2,896,2352,1136,2352],[8,1152,2352],[9,1600,2352],[2,1616,2352,2816,2352],[3,2824,2360],[6,2832,2352],[1,2848,2352],[14,2864,2352],[13,3008,2352],[1,3024,2352,3120,2352],[7,3120,2352],[2,3136,2352],[5,3136,2360],[2,3152,2352,3280,2352],[3,3288,2360],[6,3296,2352],[1,3312,2352,3440,2352],[14,3456,2352],[13,3600,2352],[7,3616,2352],[2,3632,2352],[5,3632,2360],[2,3648,2352,3744,2352],[3,3752,2360],[6,3760,2352],[1,3776,2352,3840,2352],[14,3856,2352],[13,4000,2352],[1,4016,2352,4096,2352],[7,4096,2352],[2,4112,2352],[5,4112,2360],[2,4128,2352,4336,2352],[2,0,2368,144,2368],[8,160,2368],[12,560,2368],[10,576,2368,864,2368],[9,880,2368],[2,896,2368,1136,2368],[8,1152,2368],[9,1600,2368],[2,1616,2368,2800,2368],[8,2816,2368],[1,2832,2368,2848,2368],[14,2864,2368],[13,3008,2368],[1,3024,2368,3136,2368],[7,3136,2368],[4,3152,2368,3264,2368],[6,3280,2368],[1,3296,2368,3440,2368],[14,3456,2368],[13,3600,2368],[1,3616,2368,3632,2368],[9,3632,2368],[2,3648,2368,3728,2368],[3,3736,2376],[6,3744,2368],[1,3760,2368,3840,2368],[14,3856,2368],[13,4000,2368],[1,4016,2368,4112,2368],[7,4112,2368],[2,4128,2368],[5,4128,2376],[2,4144,2368,4336,2368],[2,0,2384,144,2384],[8,160,2384],[9,880,2384],[2,896,2384,1136,2384],[8,1152,2384],[9,1600,2384],[2,1616,2384,2800,2384],[8,2816,2384],[1,2832,2384,2848,2384],[11,2864,2384],[12,3008,2384],[10,3024,2384,3088,2384],[1,3104,2384,3312,2384],[10,3328,2384,3440,2384],[11,3456,2384],[13,3600,2384],[1,3616,2384,3632,2384],[7,3632,2384],[4,3648,2384,3712,2384],[6,3728,2384],[1,3744,2384,3840,2384],[14,3856,2384],[13,4000,2384],[1,4016,2384,4128,2384],[9,4128,2384],[2,4144,2384,4336,2384],[2,0,2400,144,2400],[8,160,2400],[9,880,2400],[2,896,2400,1136,2400],[8,1152,2400],[9,1600,2400],[2,1616,2400,2800,2400],[8,2816,2400],[1,2832,2400],[11,2848,2400],[12,3104,2400],[1,3120,2400,3296,2400],[11,3312,2400],[12,3600,2400],[1,3616,2400,3760,2400],[10,3776,2400,3840,2400],[11,3856,2400],[12,4000,2400],[10,4016,2400,4080,2400],[1,4096,2400,4128,2400],[9,4128,2400],[2,4144,2400,4336,2400],[2,0,2416,144,2416],[8,160,2416],[9,880,2416],[2,896,2416,1136,2416],[8,1152,2416],[9,1600,2416],[2,1616,2416,2800,2416],[8,2816,2416],[11,2832,2416],[12,3120,2416],[1,3136,2416,3280,2416],[11,3296,2416],[12,3616,2416],[1,3632,2416,3744,2416],[11,3760,2416],[12,4096,2416],[1,4112,2416,4128,2416],[9,4128,2416],[2,4144,2416,4336,2416],[2,0,2432,144,2432],[8,160,2432],[7,880,2432],[4,896,2432,912,2432],[2,928,2432],[5,928,2440],[2,944,2432,1136,2432],[8,1152,2432],[9,1600,2432],[2,1616,2432,2800,2432],[8,2816,2432],[12,3136,2432],[10,3152,2432,3264,2432],[11,3280,2432],[13,3632,2432],[1,3648,2432,3728,2432],[11,3744,2432],[12,4112,2432],[9,4128,2432],[2,4144,2432,4336,2432],[2,0,2448,144,2448],[8,160,2448],[13,880,2448],[1,896,2448,928,2448],[7,928,2448],[2,944,2448],[5,944,2456],[2,960,2448,1136,2448],[8,1152,2448],[9,1600,2448],[2,1616,2448,2800,2448],[8,2816,2448],[12,3632,2448],[10,3648,2448,3712,2448],[11,3728,2448],[9,4128,2448],[2,4144,2448,4336,2448],[2,0,2464,144,2464],[8,160,2464],[13,880,2464],[1,896,2464,944,2464],[7,944,2464],[2,960,2464],[5,960,2472],[2,976,2464,1136,2464],[8,1152,2464],[9,1600,2464],[2,1616,2464,2384,2464],[3,2392,2472],[4,2400,2464,2576,2464],[2,2592,2464],[5,2592,2472],[2,2608,2464,2800,2464],[8,2816,2464],[9,4128,2464],[2,4144,2464,4336,2464],[2,0,2480,144,2480],[8,160,2480],[13,880,2480],[1,896,2480,960,2480],[7,960,2480],[2,976,2480],[5,976,2488],[2,992,2480,1136,2480],[8,1152,2480],[9,1600,2480],[2,1616,2480,2368,2480],[3,2376,2488],[6,2384,2480],[1,2400,2480,2592,2480],[7,2592,2480],[2,2608,2480],[5,2608,2488],[2,2624,2480,2800,2480],[8,2816,2480],[9,4128,2480],[2,4144,2480,4336,2480],[2,0,2496,144,2496],[8,160,2496],[12,880,2496],[10,896,2496,912,2496],[1,928,2496,976,2496],[7,976,2496],[4,992,2496,1136,2496],[6,1152,2496],[9,1600,2496],[2,1616,2496,2352,2496],[3,2360,2504],[6,2368,2496],[1,2384,2496,2608,2496],[7,2608,2496],[2,2624,2496],[5,2624,2504],[2,2640,2496,2800,2496],[8,2816,2496],[9,4128,2496],[2,4144,2496,4336,2496],[2,0,2512,144,2512],[8,160,2512],[15,560,2512],[16,576,2512,608,2512],[17,624,2512],[12,928,2512],[1,944,2512,1136,2512],[14,1152,2512],[9,1600,2512],[2,1616,2512,2336,2512],[3,2344,2520],[6,2352,2512],[1,2368,2512,2624,2512],[7,2624,2512],[2,2640,2512],[5,2640,2520],[2,2656,2512,2800,2512],[8,2816,2512],[9,4128,2512],[2,4144,2512,4336,2512],[2,0,2528,144,2528],[8,160,2528],[9,560,2528],[2,576,2528,608,2528],[8,624,2528],[12,944,2528],[1,960,2528,1136,2528],[14,1152,2528],[9,1600,2528],[2,1616,2528,2320,2528],[8,2336,2528],[1,2352,2528,2384,2528],[10,2400,2528,2576,2528],[1,2592,2528,2640,2528],[7,2640,2528],[4,2656,2528,2800,2528],[6,2816,2528],[9,4128,2528],[2,4144,2528,4336,2528],[2,0,2544,144,2544],[8,160,2544],[9,560,2544],[2,576,2544,608,2544],[8,624,2544],[12,960,2544],[1,976,2544,1136,2544],[14,1152,2544],[9,1600,2544],[2,1616,2544,1792,2544],[3,1800,2552],[4,1808,2544,2080,2544],[2,2096,2544],[5,2096,2552],[2,2112,2544,2320,2544],[8,2336,2544],[1,2352,2544,2368,2544],[11,2384,2544],[12,2592,2544],[1,2608,2544,2800,2544],[14,2816,2544],[9,4128,2544],[2,4144,2544,4336,2544],[2,0,2560,144,2560],[8,160,2560],[9,560,2560],[2,576,2560,608,2560],[8,624,2560],[12,976,2560],[10,992,2560,1136,2560],[11,1152,2560],[9,1600,2560],[2,1616,2560,1776,2560],[3,1784,2568],[6,1792,2560],[1,1808,2560,2096,2560],[7,2096,2560],[2,2112,2560],[5,2112,2568],[2,2128,2560,2320,2560],[8,2336,2560],[1,2352,2560],[11,2368,2560],[12,2608,2560],[1,2624,2560,2800,2560],[14,2816,2560],[9,4128,2560],[2,4144,2560,4336,2560],[2,0,2576,144,2576],[8,160,2576],[9,560,2576],[2,576,2576,608,2576],[8,624,2576],[9,1600,2576],[2,1616,2576,1760,2576],[3,1768,2584],[6,1776,2576],[1,1792,2576,2112,2576],[7,2112,2576],[2,2128,2576],[5,2128,2584],[2,2144,2576,2320,2576],[8,2336,2576],[11,2352,2576],[12,2624,2576],[1,2640,2576,2800,2576],[14,2816,2576],[15,3136,2576],[16,3152,2576,3264,2576],[17,3280,2576],[9,4128,2576],[2,4144,2576,4336,2576],[2,0,2592,160,2592],[18,168,2592],[17,176,2592],[15,544,2592],[2,560,2592],[19,560,2592],[2,576,2592,608,2592],[8,624,2592],[9,1600,2592],[2,1616,2592,1744,2592],[3,1752,2600],[6,1760,2592],[1,1776,2592,2128,2592],[7,2128,2592],[4,2144,2592,2320,2592],[6,2336,2592],[12,2640,2592],[10,2656,2592,2800,2592],[11,2816,2592],[15,3120,2592],[2,3136,2592],[19,3136,2592],[2,3152,2592,3264,2592],[8,3280,2592],[15,3632,2592],[16,3648,2592,3712,2592],[17,3728,2592],[9,4128,2592],[2,4144,2592,4336,2592],[2,0,2608,176,2608],[18,184,2608],[17,192,2608],[15,528,2608],[2,544,2608],[19,544,2608],[2,560,2608,608,2608],[8,624,2608],[9,1600,2608],[2,1616,2608,1728,2608],[3,1736,2616],[6,1744,2608],[1,1760,2608,1792,2608],[10,1808,2608,2080,2608],[1,2096,2608,2320,2608],[14,2336,2608],[15,3104,2608],[2,3120,2608],[19,3120,2608],[2,3136,2608,3264,2608],[8,3280,2608],[9,3632,2608],[2,3648,2608,3712,2608],[8,3728,2608],[9,4128,2608],[2,4144,2608,4336,2608],[2,0,2624,192,2624],[18,200,2624],[16,208,2624,512,2624],[2,528,2624],[19,528,2624],[2,544,2624,608,2624],[8,624,2624],[9,1600,2624],[2,1616,2624,1712,2624],[8,1728,2624],[1,1744,2624,1776,2624],[11,1792,2624],[12,2096,2624],[1,2112,2624,2320,2624],[14,2336,2624],[15,3040,2624],[16,3056,2624,3088,2624],[2,3104,2624],[19,3104,2624],[2,3120,2624,3280,2624],[18,3288,2624],[17,3296,2624],[15,3616,2624],[2,3632,2624],[19,3632,2624],[2,3648,2624,3728,2624],[18,3736,2624],[17,3744,2624],[15,4112,2624],[2,4128,2624],[19,4128,2624],[2,4144,2624,4336,2624],[2,0,2640,608,2640],[8,624,2640],[15,1440,2640],[16,1456,2640,1584,2640],[2,1600,2640],[19,1600,2640],[2,1616,2640,1712,2640],[8,1728,2640],[1,1744,2640,1760,2640],[11,1776,2640],[12,2112,2640],[1,2128,2640,2320,2640],[14,2336,2640],[9,3040,2640],[2,3056,2640,3296,2640],[18,3304,2640],[17,3312,2640],[15,3600,2640],[2,3616,2640],[19,3616,2640],[2,3632,2640,3744,2640],[18,3752,2640],[17,3760,2640],[15,4096,2640],[2,4112,2640],[19,4112,2640],[2,4128,2640,4336,2640],[2,0,2656,608,2656],[8,624,2656],[9,1440,2656],[2,1456,2656,1712,2656],[8,1728,2656],[1,1744,2656],[11,1760,2656],[12,2128,2656],[10,2144,2656,2320,2656],[11,2336,2656],[9,3040,2656],[2,3056,2656,3312,2656],[18,3320,2656],[16,3328,2656,3584,2656],[2,3600,2656],[19,3600,2656],[2,3616,2656,3760,2656],[18,3768,2656],[16,3776,2656,4080,2656],[2,4096,2656],[19,4096,2656],[2,4112,2656,4336,2656],[2,0,2672,608,2672],[8,624,2672],[9,1440,2672],[2,1456,2672,1712,2672],[8,1728,2672],[11,1744,2672],[9,3040,2672],[2,3056,2672,4336,2672],[2,0,2688,608,2688],[8,624,2688],[9,1440,2688],[2,1456,2688,1712,2688],[8,1728,2688],[9,3040,2688],[2,3056,2688,4336,2688],[2,0,2704,608,2704],[8,624,2704],[15,992,2704],[16,1008,2704,1424,2704],[2,1440,2704],[19,1440,2704],[2,1456,2704,1712,2704],[8,1728,2704],[9,3040,2704],[2,3056,2704,4336,2704],[2,0,2720,624,2720],[18,632,2720],[17,640,2720],[15,976,2720],[2,992,2720],[19,992,2720],[2,1008,2720,1712,2720],[8,1728,2720],[9,3040,2720],[2,3056,2720,4336,2720],[2,0,2736,640,2736],[18,648,2736],[17,656,2736],[15,960,2736],[2,976,2736],[19,976,2736],[2,992,2736,1712,2736],[8,1728,2736],[15,2640,2736],[16,2656,2736,3024,2736],[2,3040,2736],[19,3040,2736],[2,3056,2736,4336,2736],[2,0,2752,656,2752],[18,664,2752],[17,672,2752],[15,944,2752],[2,960,2752],[19,960,2752],[2,976,2752,1712,2752],[8,1728,2752],[9,2640,2752],[2,2656,2752,4336,2752],[2,0,2768,672,2768],[18,680,2768],[17,688,2768],[15,928,2768],[2,944,2768],[19,944,2768],[2,960,2768,1712,2768],[8,1728,2768],[15,2624,2768],[2,2640,2768],[19,2640,2768],[2,2656,2768,4336,2768],[2,0,2784,688,2784],[18,696,2784],[16,704,2784,912,2784],[2,928,2784],[19,928,2784],[2,944,2784,1728,2784],[18,1736,2784],[17,1744,2784],[15,2608,2784],[2,2624,2784],[19,2624,2784],[2,2640,2784,4336,2784],[2,0,2800,1744,2800],[18,1752,2800],[17,1760,2800],[15,2128,2800],[16,2144,2800,2368,2800],[17,2384,2800],[15,2592,2800],[2,2608,2800],[19,2608,2800],[2,2624,2800,4336,280"}]
42["map_chunk",{"run":"4ba1c3bcccfc17b19fc07bf2","index":5,"count":14,"text":"0],[2,0,2816,1760,2816],[18,1768,2816],[17,1776,2816],[15,2112,2816],[2,2128,2816],[19,2128,2816],[2,2144,2816,2384,2816],[18,2392,2816],[16,2400,2816,2576,2816],[2,2592,2816],[19,2592,2816],[2,2608,2816,4336,2816],[2,0,2832,1776,2832],[18,1784,2832],[17,1792,2832],[15,2096,2832],[2,2112,2832],[19,2112,2832],[2,2128,2832,4336,2832],[2,0,2848,1792,2848],[18,1800,2848],[16,1808,2848,2080,2848],[2,2096,2848],[19,2096,2848],[2,2112,2848,4336,2848],[2,0,2864,4336,2864],[2,0,2880,4336,2880],[2,0,2896,4336,2896],[2,0,2912,4336,2912],[2,0,2928,4336,2928],[2,0,2944,4336,2944],[2,0,2960,4336,2960],[2,0,2976,4336,2976],[2,0,2992,4336,2992],[2,0,3008,4336,3008],[2,0,3024,4336,3024],[2,0,3040,4336,3040],[2,0,3056,4336,3056],[24,384,208],[25,392,208],[26,400,208],[27,408,208],[26,416,208],[27,424,208],[26,432,208],[27,440,208],[26,448,208],[27,456,208],[28,464,208],[29,472,208],[30,384,216],[31,392,216],[32,400,216],[33,408,216],[32,416,216],[33,424,216],[32,432,216],[33,440,216],[32,448,216],[33,456,216],[34,464,216],[35,472,216],[36,384,224],[37,392,224],[38,400,224],[39,408,224],[38,416,224],[39,424,224],[38,432,224],[39,440,224],[38,448,224],[39,456,224],[40,464,224],[41,472,224],[30,384,232],[31,392,232],[32,400,232],[33,408,232],[32,416,232],[33,424,232],[32,432,232],[33,440,232],[32,448,232],[33,456,232],[34,464,232],[35,472,232],[36,384,240],[37,392,240],[38,400,240],[39,408,240],[38,416,240],[39,424,240],[38,432,240],[39,440,240],[38,448,240],[39,456,240],[40,464,240],[41,472,240],[30,384,248],[31,392,248],[32,400,248],[33,408,248],[32,416,248],[33,424,248],[32,432,248],[33,440,248],[32,448,248],[33,456,248],[34,464,248],[35,472,248],[36,384,256],[37,392,256],[38,400,256],[39,408,256],[38,416,256],[39,424,256],[38,432,256],[39,440,256],[38,448,256],[39,456,256],[40,464,256],[41,472,256],[42,384,264],[43,392,264],[44,400,264],[45,408,264],[44,416,264],[45,424,264],[44,432,264],[45,440,264],[44,448,264],[45,456,264],[46,464,264],[47,472,264],[50,224,2288],[51,232,2288],[52,240,2288],[51,248,2288],[52,256,2288],[51,264,2288],[52,272,2288],[51,280,2288],[52,288,2288],[51,296,2288],[52,304,2288],[53,312,2288],[54,224,2296],[55,232,2296],[56,240,2296],[55,248,2296],[56,256,2296],[55,264,2296],[56,272,2296],[55,280,2296],[56,288,2296],[55,296,2296],[56,304,2296],[57,312,2296],[58,224,2304],[59,232,2304],[60,240,2304],[59,248,2304],[60,256,2304],[59,264,2304],[60,272,2304],[59,280,2304],[60,288,2304],[59,296,2304],[60,304,2304],[61,312,2304],[54,224,2312],[55,232,2312],[56,240,2312],[55,248,2312],[56,256,2312],[55,264,2312],[56,272,2312],[55,280,2312],[56,288,2312],[55,296,2312],[56,304,2312],[57,312,2312],[58,224,2320],[59,232,2320],[60,240,2320],[59,248,2320],[60,256,2320],[59,264,2320],[60,272,2320],[59,280,2320],[60,288,2320],[59,296,2320],[60,304,2320],[61,312,2320],[54,224,2328],[55,232,2328],[56,240,2328],[55,248,2328],[56,256,2328],[55,264,2328],[56,272,2328],[55,280,2328],[56,288,2328],[55,296,2328],[56,304,2328],[57,312,2328],[58,224,2336],[59,232,2336],[60,240,2336],[59,248,2336],[60,256,2336],[59,264,2336],[60,272,2336],[59,280,2336],[60,288,2336],[59,296,2336],[60,304,2336],[61,312,2336],[62,224,2344],[63,232,2344],[64,240,2344],[63,248,2344],[64,256,2344],[63,264,2344],[64,272,2344],[63,280,2344],[64,288,2344],[63,296,2344],[64,304,2344],[65,312,2344],[67,2056,320],[67,1928,336],[67,2968,344],[67,1032,368],[67,912,368],[67,2464,384],[67,3424,408],[67,1536,416],[67,3304,496],[67,3704,496],[67,3960,528],[67,4040,528],[67,424,576],[67,840,608],[67,3480,640],[67,3384,640],[67,784,816],[67,1384,856],[67,2488,960],[67,2360,1040],[67,2024,1056],[67,336,1088],[67,2008,1096],[67,3496,1112],[67,2152,1152],[67,2552,1152],[67,2936,1152],[67,3368,1168],[67,2920,1176],[67,3960,1200],[67,1960,1312],[67,344,1584],[67,1376,1648],[67,472,1680],[67,1544,1680],[67,1976,1720],[67,360,1760],[67,792,1800],[67,1832,1824],[67,2480,1848],[67,3520,1880],[67,3952,1896],[67,2928,1904],[67,4104,1968],[67,792,2000],[67,3400,2064],[67,3800,2080],[67,3016,2144],[67,352,2336],[67,1560,2352],[67,1368,2352],[67,3512,2400],[67,2968,2400],[67,3448,2416],[67,3920,2424],[67,2840,2464],[67,696,2512],[67,800,2536],[67,2480,2568],[67,408,2576],[67,2360,2608],[67,712,2736]],\"groups\":[[[48,360,248]],[[48,488,248]],[[48,200,2328]],[[48,328,2328]],[[48,352,300]],[[66,912,322]],[[66,2104,338]],[[68,920,344]],[[48,848,332]],[[69,792,343]],[[48,2192,336]],[[70,976,349]],[[69,2008,343]],[[66,3016,362]],[[69,264,359]],[[66,4032,370]],[[66,3936,370]],[[69,2920,367]],[[66,2400,386]],[[66,960,386]],[[69,3840,375]],[[48,2352,384]],[[69,864,391]],[[66,2512,402]],[[66,1552,418]],[[48,3712,400]],[[69,2416,407]],[[70,3368,413]],[[48,3488,400]],[[68,3402,420]],[[66,3472,426]],[[70,3384,421]],[[66,1584,434]],[[70,2408,429]],[[48,2528,416]],[[68,2442,436]],[[70,2424,437]],[[69,3376,431]],[[48,576,432]],[[48,2592,432]],[[69,3304,439]],[[69,4072,439]],[[69,1488,439]],[[70,1480,461]],[[48,1600,448]],[[68,1514,468]],[[70,1496,469]],[[71,576,500]],[[69,264,503]],[[71,1664,500]],[[66,1424,514]],[[71,2352,500]],[[48,1936,528]],[[48,2976,528]],[[66,2096,562]],[[71,2016,548]],[[66,2352,562]],[[66,384,594]],[[71,512,580]],[[66,2416,594]],[[48,1424,592]],[[71,944,612]],[[69,888,615]],[[48,1536,608]],[[48,1488,608]],[[71,800,788]],[[66,832,834]],[[66,960,850]],[[69,736,839]],[[66,1280,866]],[[66,1432,874]],[[69,1336,879]],[[69,952,887]],[[48,624,896]],[[70,1320,909]],[[48,1440,896]],[[68,1354,916]],[[70,1336,917]],[[69,1544,935]],[[66,2536,978]],[[66,960,994]],[[69,2440,983]],[[70,2424,1005]],[[48,2544,992]],[[68,2458,1012]],[[70,2440,1013]],[[71,672,1028]],[[66,720,1042]],[[48,848,1024]],[[69,1352,1047]],[[48,3456,1040]],[[66,432,1074]],[[48,2368,1088]],[[66,384,1106]],[[70,3432,1101]],[[48,3552,1088]],[[68,3466,1108]],[[66,2056,1114]],[[70,3448,1109]],[[69,288,1111]],[[70,280,1117]],[[48,400,1104]],[[68,314,1124]],[[70,296,1125]],[[69,1960,1119]],[[66,3544,1130]],[[69,3448,1135]],[[71,3632,1140]],[[69,1864,1159]],[[48,2496,1152]],[[66,2968,1194]],[[69,2872,1199]],[[66,4008,1218]],[[71,3376,1220]],[[69,3912,1223]],[[48,464,1232]],[[71,2160,1284]],[[71,3632,1284]],[[66,416,1314]],[[69,312,1303]],[[66,3056,1314]],[[71,4096,1300]],[[69,3832,1303]],[[66,2144,1330]],[[48,1920,1312]],[[71,4096,1348]],[[48,3552,1360]],[[69,3448,1367]],[[48,3600,1360]],[[71,2992,1380]],[[66,2944,1394]],[[69,344,1591]],[[66,392,1602]],[[69,296,1607]],[[69,472,1623]],[[66,1376,1634]],[[70,280,1645]],[[48,400,1632]],[[68,314,1652]],[[70,296,1653]],[[66,1424,1666]],[[48,1216,1664]],[[69,1328,1671]],[[70,1320,1677]],[[48,1440,1664]],[[68,1354,1684]],[[70,1336,1685]],[[66,2024,1738]],[[69,1928,1743]],[[71,224,1748]],[[69,1208,1751]],[[66,2128,1778]],[[71,1840,1780]],[[66,840,1818]],[[69,744,1823]],[[69,2120,1831]],[[48,2512,1840]],[[66,2832,1858]],[[66,2528,1866]],[[66,1296,1874]],[[69,2432,1871]],[[69,952,1879]],[[66,3568,1898]],[[71,3648,1892]],[[48,3408,1888]],[[70,2424,1901]],[[48,2544,1888]],[[68,2458,1908]],[[70,2440,1909]],[[69,3472,1903]],[[66,4000,1914]],[[66,2976,1922]],[[70,3464,1917]],[[48,3584,1904]],[[68,3498,1924]],[[70,3480,1925]],[[69,3904,1919]],[[66,640,1938]],[[69,2880,1927]],[[66,2368,1970]],[[48,2608,1968]],[[69,2408,2039]],[[69,2568,2039]],[[66,4112,2066]],[[48,2752,2080]],[[69,3592,2087]],[[66,3952,2130]],[[71,2816,2148]],[[66,496,2290]],[[66,400,2354]],[[70,1304,2349]],[[48,1424,2336]],[[68,1338,2356]],[[70,1320,2357]],[[48,416,2352]],[[66,1416,2370]],[[69,1320,2375]],[[71,528,2404]],[[66,3016,2418]],[[69,2920,2423]],[[66,3496,2434]],[[66,3968,2442]],[[71,1568,2436]],[[69,3400,2439]],[[69,3872,2447]],[[71,528,2452]],[[70,3384,2461]],[[48,3504,2448]],[[68,3418,2468]],[[70,3400,2469]],[[48,4096,2496]],[[48,768,2512]],[[69,3304,2519]],[[69,3752,2519]],[[71,1568,2532]],[[48,3104,2528]],[[66,848,2554]],[[48,3600,2544]],[[69,752,2559]],[[66,3760,2578]],[[66,2528,2586]],[[48,496,2576]],[[71,368,2580]],[[71,1568,2580]],[[66,2896,2594]],[[69,2432,2591]],[[71,960,2596]],[[69,1400,2599]],[[48,1504,2592]],[[71,1296,2596]],[[70,2424,2605]],[[48,2544,2592]],[[68,2458,2612]],[[70,2440,2613]],[[66,656,2626]],[[48,3456,2608]],[[66,3920,2626]],[[66,1984,2642]],[[69,1888,2647]],[[69,2360,2695]],[[48,2608,2688]],[[66,2128,2738]],[[66,784,2754]],[[69,1752,2743]],[[71,1920,2804]]],\"x_lines\":[[184,2312,2584],[200,2296,2312],[200,2584,2600],[216,1096,1304],[216,1592,1800],[216,2280,2296],[216,2600,2616],[224,2288,2352],[232,1080,1096],[232,1304,1320],[248,1064,1080],[248,1320,1336],[264,312,584],[280,296,312],[280,584,600],[296,280,296],[296,600,616],[296,1336,1592],[296,1800,2280],[320,2288,2352],[384,208,272],[408,1336,1592],[408,1960,2280],[456,1064,1080],[456,1320,1336],[472,1080,1096],[472,1304,1320],[480,208,272],[488,1096,1304],[504,1592,1848],[520,2280,2296],[520,2600,2616],[536,2296,2312],[536,2584,2600],[552,2312,2392],[552,2504,2584],[568,280,296],[568,600,616],[584,296,312],[584,584,600],[600,312,424],[600,536,584],[616,840,1016],[632,824,840],[632,1016,1032],[632,1832,1848],[632,1960,1992],[648,808,824],[648,1032,1048],[648,1816,1832],[648,1992,2008],[648,2504,2712],[664,792,808],[664,1048,1064],[664,1800,1816],[664,2008,2024],[664,2712,2728],[680,1784,1800],[680,2024,2040],[680,2728,2744],[696,2744,2760],[712,2760,2776],[744,536,792],[792,312,424],[856,648,792],[872,2392,2520],[920,2520,2536],[920,2760,2776],[936,792,808],[936,1048,1064],[936,1784,1800],[936,2024,2040],[936,2536,2552],[936,2744,2760],[952,808,824],[952,1032,1048],[952,1800,1816],[952,2008,2024],[952,2552,2568],[952,2728,2744],[968,824,840],[968,1016,1032],[968,1816,1832],[968,1992,2008],[968,2568,2584],[968,2712,2728],[984,840,872],[984,984,1016],[984,1832,1848],[984,1960,1992],[984,2696,2712],[1064,312,472],[1064,584,648],[1176,2296,2584],[1208,1624,1848],[1224,984,1032],[1240,1032,1048],[1256,1048,1064],[1272,856,872],[1272,1064,1080],[1336,584,856],[1336,1960,2296],[1416,440,472],[1432,424,440],[1432,2632,2696],[1448,408,424],[1448,648,856],[1448,1896,2296],[1528,856,872],[1528,1064,1080],[1544,872,888],[1544,1048,1064],[1560,888,904],[1560,1032,1048],[1576,904,1032],[1576,1624,1704],[1576,1816,1896],[1592,2296,2632],[1656,408,424],[1656,632,648],[1672,424,440],[1672,616,632],[1688,440,472],[1688,584,616],[1752,2696,2776],[1768,2680,2696],[1768,2776,2792],[1784,2664,2680],[1784,2792,2808],[1800,2648,2664],[1800,2808,2824],[1816,2632,2648],[1816,2824,2840],[1832,1816,1896],[1848,1896,1912],[1864,1064,1352],[1864,1912,1928],[1880,1928,1944],[1928,312,472],[1944,296,312],[1960,280,296],[1960,1016,1064],[1960,1352,1704],[2072,1352,1720],[2088,2632,2648],[2088,2824,2840],[2104,1720,1736],[2104,1928,1944],[2104,2648,2664],[2104,2808,2824],[2120,1736,1752],[2120,1912,1928],[2120,2664,2680],[2120,2792,2808],[2136,1752,1768],[2136,1896,1912],[2152,1880,1896],[2184,280,296],[2184,568,584],[2184,1128,1352],[2200,296,312],[2200,552,568],[2216,312,376],[2216,488,552],[2344,488,584],[2360,584,600],[2360,1880,2072],[2360,2600,2680],[2376,600,616],[2376,1000,1016],[2376,1128,1144],[2376,2584,2600],[2392,984,1000],[2392,1144,1160],[2392,2568,2584],[2408,968,984],[2408,1160,1176],[2408,2552,2568],[2408,2792,2808],[2424,616,968],[2424,1176,1192],[2536,616,952],[2552,1768,1848],[2584,376,392],[2584,600,616],[2584,952,968],[2584,1176,1192],[2584,2552,2568],[2584,2792,2808],[2600,584,600],[2600,968,984],[2600,1160,1176],[2600,2568,2584],[2600,2776,2792],[2616,504,584],[2616,984,1000],[2616,1144,1160],[2616,2584,2600],[2616,2760,2776],[2632,1000,1016],[2632,1128,1144],[2632,1848,1960],[2632,2600,2616],[2632,2728,2760],[2744,1912,1960],[2744,2072,2120],[2760,1896,1912],[2760,2120,2136],[2776,1880,1896],[2776,2136,2152],[2792,1224,1352],[2792,1864,1880],[2792,2152,2168],[2808,1128,1224],[2808,1352,1368],[2808,1848,1864],[2808,2168,2184],[2824,504,520],[2824,1368,1384],[2840,376,392],[2840,520,536],[2840,1384,1400],[2840,2440,2616],[2856,360,376],[2856,536,552],[2856,1400,1416],[2856,2424,2440],[2872,344,360],[2872,552,568],[2872,1416,1848],[2872,2408,2424],[2888,2184,2408],[2984,1016,1160],[2984,1416,1848],[3000"}]
42["map_chunk",{"run":"4ba1c3bcccfc17b19fc07bf2","index":6,"count":14,"text":",2184,2408],[3016,1160,1176],[3016,1400,1416],[3032,1176,1192],[3032,1384,1400],[3032,2616,2728],[3048,1192,1208],[3048,1368,1384],[3064,1208,1224],[3064,1352,1368],[3080,1336,1352],[3080,1848,1864],[3080,2168,2184],[3096,344,360],[3096,1864,1880],[3096,2152,2168],[3096,2408,2424],[3096,2600,2616],[3112,360,376],[3112,1880,1896],[3112,2136,2152],[3112,2424,2440],[3112,2584,2600],[3128,376,392],[3128,1896,1912],[3128,2120,2136],[3128,2440,2456],[3128,2568,2584],[3144,392,408],[3144,1912,2120],[3160,408,456],[3304,408,456],[3304,568,632],[3304,2440,2456],[3304,2568,2616],[3320,392,408],[3320,632,648],[3320,2424,2440],[3320,2616,2632],[3336,376,392],[3336,648,664],[3336,2408,2424],[3336,2632,2648],[3352,360,376],[3352,664,680],[3368,1080,1224],[3368,1336,1368],[3384,1064,1080],[3384,1368,1384],[3400,1048,1064],[3400,1384,1400],[3400,1864,2120],[3448,680,1048],[3480,2120,2408],[3528,360,376],[3544,376,392],[3560,392,408],[3560,632,1048],[3576,520,632],[3592,2120,2424],[3592,2632,2648],[3608,2424,2440],[3608,2616,2632],[3624,1048,1064],[3624,1384,1400],[3624,2440,2472],[3624,2584,2616],[3640,1064,1080],[3640,1368,1384],[3656,1080,1256],[3672,1864,1944],[3672,2056,2120],[3704,360,408],[3704,520,568],[3752,2456,2472],[3752,2584,2616],[3768,2440,2456],[3768,2616,2632],[3784,2424,2440],[3784,2632,2648],[3800,1864,1944],[3800,2056,2152],[3832,1240,1256],[3832,1368,1384],[3848,1224,1240],[3848,1384,1400],[3864,1208,1224],[3864,1400,1416],[3880,1192,1208],[3880,1416,1432],[3880,2152,2424],[3992,2152,2424],[4072,1192,1208],[4072,1416,1432],[4088,1208,1224],[4088,1400,1416],[4088,2424,2440],[4088,2632,2648],[4104,360,568],[4104,1224,1240],[4104,1384,1400],[4104,2440,2456],[4104,2616,2632],[4120,1240,1384],[4120,2456,2616],[4136,1864,2152]],\"y_lines\":[[208,384,480],[272,384,480],[280,296,568],[280,1960,2184],[296,280,296],[296,568,584],[296,1944,1960],[296,2184,2200],[312,264,280],[312,584,600],[312,792,1064],[312,1928,1944],[312,2200,2216],[344,2872,3096],[360,2856,2872],[360,3096,3112],[360,3352,3528],[360,3704,4104],[376,2216,2584],[376,2840,2856],[376,3112,3128],[376,3336,3352],[376,3528,3544],[392,2584,2840],[392,3128,3144],[392,3320,3336],[392,3544,3560],[408,1448,1656],[408,3144,3160],[408,3304,3320],[408,3560,3704],[424,600,792],[424,1432,1448],[424,1656,1672],[440,1416,1432],[440,1672,1688],[456,3160,3304],[472,1064,1416],[472,1688,1928],[488,2216,2344],[504,2616,2824],[520,2824,2840],[520,3576,3704],[536,600,744],[536,2840,2856],[552,2200,2216],[552,2856,2872],[568,2184,2200],[568,2872,3304],[568,3704,4104],[584,264,280],[584,584,600],[584,1064,1336],[584,1688,2184],[584,2344,2360],[584,2600,2616],[600,280,296],[600,568,584],[600,2360,2376],[600,2584,2600],[616,296,568],[616,1672,1688],[616,2376,2424],[616,2536,2584],[632,1656,1672],[632,3304,3320],[632,3560,3576],[648,856,1064],[648,1448,1656],[648,3320,3336],[664,3336,3352],[680,3352,3448],[792,664,744],[792,856,936],[808,648,664],[808,936,952],[824,632,648],[824,952,968],[840,616,632],[840,968,984],[856,1272,1336],[856,1448,1528],[872,984,1272],[872,1528,1544],[888,1544,1560],[904,1560,1576],[952,2536,2584],[968,2408,2424],[968,2584,2600],[984,984,1224],[984,2392,2408],[984,2600,2616],[1000,2376,2392],[1000,2616,2632],[1016,616,632],[1016,968,984],[1016,1960,2376],[1016,2632,2984],[1032,632,648],[1032,952,968],[1032,1224,1240],[1032,1560,1576],[1048,648,664],[1048,936,952],[1048,1240,1256],[1048,1544,1560],[1048,3400,3448],[1048,3560,3624],[1064,248,456],[1064,664,936],[1064,1256,1272],[1064,1528,1544],[1064,1864,1960],[1064,3384,3400],[1064,3624,3640],[1080,232,248],[1080,456,472],[1080,1272,1528],[1080,3368,3384],[1080,3640,3656],[1096,216,232],[1096,472,488],[1128,2184,2376],[1128,2632,2808],[1144,2376,2392],[1144,2616,2632],[1160,2392,2408],[1160,2600,2616],[1160,2984,3016],[1176,2408,2424],[1176,2584,2600],[1176,3016,3032],[1192,2424,2584],[1192,3032,3048],[1192,3880,4072],[1208,3048,3064],[1208,3864,3880],[1208,4072,4088],[1224,2792,2808],[1224,3064,3368],[1224,3848,3864],[1224,4088,4104],[1240,3832,3848],[1240,4104,4120],[1256,3656,3832],[1304,216,232],[1304,472,488],[1320,232,248],[1320,456,472],[1336,248,296],[1336,408,456],[1336,3080,3368],[1352,1864,1960],[1352,2072,2184],[1352,2792,2808],[1352,3064,3080],[1368,2808,2824],[1368,3048,3064],[1368,3368,3384],[1368,3640,3832],[1384,2824,2840],[1384,3032,3048],[1384,3384,3400],[1384,3624,3640],[1384,3832,3848],[1384,4104,4120],[1400,2840,2856],[1400,3016,3032],[1400,3400,3624],[1400,3848,3864],[1400,4088,4104],[1416,2856,2872],[1416,2984,3016],[1416,3864,3880],[1416,4072,4088],[1432,3880,4072],[1592,216,296],[1592,408,504],[1624,1208,1576],[1704,1576,1960],[1720,2072,2104],[1736,2104,2120],[1752,2120,2136],[1768,2136,2552],[1784,680,936],[1800,216,296],[1800,664,680],[1800,936,952],[1816,648,664],[1816,952,968],[1816,1576,1832],[1832,632,648],[1832,968,984],[1848,504,632],[1848,984,1208],[1848,2552,2632],[1848,2808,2872],[1848,2984,3080],[1864,2792,2808],[1864,3080,3096],[1864,3400,3672],[1864,3800,4136],[1880,2152,2360],[1880,2776,2792],[1880,3096,3112],[1896,1448,1576],[1896,1832,1848],[1896,2136,2152],[1896,2760,2776],[1896,3112,3128],[1912,1848,1864],[1912,2120,2136],[1912,2744,2760],[1912,3128,3144],[1928,1864,1880],[1928,2104,2120],[1944,1880,2104],[1944,3672,3800],[1960,408,632],[1960,984,1336],[1960,2632,2744],[1992,632,648],[1992,968,984],[2008,648,664],[2008,952,968],[2024,664,680],[2024,936,952],[2040,680,936],[2056,3672,3800],[2072,2360,2744],[2120,2744,2760],[2120,3128,3144],[2120,3400,3480],[2120,3592,3672],[2136,2760,2776],[2136,3112,3128],[2152,2776,2792],[2152,3096,3112],[2152,3800,3880],[2152,3992,4136],[2168,2792,2808],[2168,3080,3096],[2184,2808,2888],[2184,3000,3080],[2280,216,296],[2280,408,520],[2288,224,320],[2296,200,216],[2296,520,536],[2296,1176,1336],[2296,1448,1592],[2312,184,200],[2312,536,552],[2352,224,320],[2392,552,872],[2408,2872,2888],[2408,3000,3096],[2408,3336,3480],[2424,2856,2872],[2424,3096,3112],[2424,3320,3336],[2424,3592,3608],[2424,3784,3880],[2424,3992,4088],[2440,2840,2856],[2440,3112,3128],[2440,3304,3320],[2440,3608,3624],[2440,3768,3784],[2440,4088,4104],[2456,3128,3304],[2456,3752,3768],[2456,4104,4120],[2472,3624,3752],[2504,552,648],[2520,872,920],[2536,920,936],[2552,936,952],[2552,2408,2584],[2568,952,968],[2568,2392,2408],[2568,2584,2600],[2568,3128,3304],[2584,184,200],[2584,536,552],[2584,968,1176],[2584,2376,2392],[2584,2600,2616],[2584,3112,3128],[2584,3624,3752],[2600,200,216],[2600,520,536],[2600,2360,2376],[2600,2616,2632],[2600,3096,3112],[2616,216,520],[2616,2632,2840],[2616,3032,3096],[2616,3304,3320],[2616,3608,3624],[2616,3752,3768],[2616,4104,4120],[2632,1432,1592],[2632,1816,2088],[2632,3320,3336],[2632,3592,3608],[2632,3768,3784],[2632,4088,4104],[2648,1800,1816],[2648,2088,2104],[2648,3336,3592],[2648,3784,4088],[2664,1784,1800],[2664,2104,2120],[2680,1768,1784],[2680,2120,2360],[2696,984,1432],[2696,1752,1768],[2712,648,664],[2712,968,984],[2728,664,680],[2728,952,968],[2728,2632,3032],[2744,680,696],[2744,936,952],[2760,696,712],[2760,920,936],[2760,2616,2632],[2776,712,920],[2776,1752,1768],[2776,2600,2616],[2792,1768,1784],[2792,2120,2408],[2792,2584,2600],[2808,1784,1800],[2808,2104,2120],[2808,2408,2584],[2824,1800,1816],[2824,2088,2104],[2840,1816,2088]],\"animations\":[[49,360,246,360,246,120,0,20],[49,488,246,488,246,120,0,20],[49,200,2326,200,2326,120,0,20],[49,328,2326,328,2326,120,0,20],[49,352,298,352,298,120,0,20],[49,848,330,848,330,120,0,20],[49,2192,334,2192,334,120,0,20],[49,2352,382,2352,382,120,0,20],[49,3712,398,3712,398,120,0,20],[49,3488,398,3488,398,120,0,20],[49,2528,414,2528,414,120,0,20],[49,576,430,576,430,120,0,20],[49,2592,430,2592,430,120,0,20],[49,1600,446,1600,446,120,0,20],[49,1936,526,1936,526,120,0,20],[49,2976,526,2976,526,120,0,20],[49,1424,590,1424,590,120,0,20],[49,1536,606,1536,606,120,0,20],[49,1488,606,1488,606,120,0,20],[49,624,894,624,894,120,0,20],[49,1440,894,1440,894,120,0,20],[49,2544,990,2544,990,120,0,20],[49,848,1022,848,1022,120,0,20],[49,3456,1038,3456,1038,120,0,20],[49,2368,1086,2368,1086,120,0,20],[49,3552,1086,3552,1086,120,0,20],[49,400,1102,400,1102,120,0,20],[49,2496,1150,2496,1150,120,0,20],[49,464,1230,464,1230,120,0,20],[49,1920,1310,1920,1310,120,0,20],[49,3552,1358,3552,1358,120,0,20],[49,3600,1358,3600,1358,120,0,20],[49,400,1630,400,1630,120,0,20],[49,1216,1662,1216,1662,120,0,20],[49,1440,1662,1440,1662,120,0,20],[49,2512,1838,2512,1838,120,0,20],[49,3408,1886,3408,1886,120,0,20],[49,2544,1886,2544,1886,120,0,20],[49,3584,1902,3584,1902,120,0,20],[49,2608,1966,2608,1966,120,0,20],[49,2752,2078,2752,2078,120,0,20],[49,1424,2334,1424,2334,120,0,20],[49,416,2350,416,2350,120,0,20],[49,3504,2446,3504,2446,120,0,20],[49,4096,2494,4096,2494,120,0,20],[49,768,2510,768,2510,120,0,20],[49,3104,2526,3104,2526,120,0,20],[49,3600,2542,3600,2542,120,0,20],[49,496,2574,496,2574,120,0,20],[49,1504,2590,1504,2590,120,0,20],[49,2544,2590,2544,2590,120,0,20],[49,3456,2606,3456,2606,120,0,20],[49,2608,2686,2608,2686,120,0,20]],\"min_x\":0,\"min_y\":0,\"max_x\":4352,\"max_y\":3072}}],\"manifest\":[{\"key\":\"zone_4ba1c3bcccfc17b19fc07bf2_0\",\"definition\":{\"name\":\"Cave of Many Dreams\",\"instance\":true,\"irregular\":true,\"pvp\":false,\"spawns\":[[432,336],[272,2416]],\"doors\":[[432,288,96,80,\"main\",20,0,\"ordinary\"],[272,2368,96,80,\"zone_4ba1c3bcccfc17b19fc07bf2_1\",0,1,\"ordinary\"]],\"npcs\":[],\"monsters\":[],\"ref\":{},\"items\":{},\"merchants\":[],\"on_death\":[\"main\",20],\"on_exit\":[\"main\",20],\"generated\":{\"run\":\"4ba1c3bcccfc17b19fc07bf2\",\"floor\":0,\"version\":1,\"zone\":\"dreams\"},\"rooms\":[{\"id\":0,\"kind\":\"ada\",\"x\":432,\"y\":448,\"bounds\":[256,272,608,624]},{\"id\":1,\"kind\":\"ledger\",\"x\":928,\"y\":480,\"bounds\":[784,304,1072,656]},{\"id\":2,\"kind\":\"cavern\",\"x\":352,\"y\":1200,\"bounds\":[208,1056,496,1344]},{\"id\":3,\"kind\":\"cavern\",\"x\":800,\"y\":928,\"bounds\":[608,784,992,1072]},{\"id\":4,\"kind\":\"cavern\",\"x\":1552,\"y\":528,\"bounds\":[1408,400,1696,656]},{\"id\":5,\"kind\":\"cavern\",\"x\":2072,\"y\":432,\"bounds\":[1920,272,2224,592]},{\"id\":6,\"kind\":\"cavern\",\"x\":1400,\"y\":968,\"bounds\":[1216,848,1584,1088]},{\"id\":7,\"kind\":\"cavern\",\"x\":2024,\"y\":1208,\"bounds\":[1856,1056,2192,1360]},{\"id\":8,\"kind\":\"cavern\",\"x\":360,\"y\":1696,\"bounds\":[208,1584,512,1808]},{\"id\":9,\"kind\":\"cavern\",\"x\":808,\"y\":1912,\"bounds\":[624,1776,992,2048]},{\"id\":10,\"kind\":\"descent\",\"x\":368,\"y\":2448,\"bounds\":[176,2272,560,2624]},{\"id\":11,\"kind\":\"cavern\",\"x\":816,\"y\":2648,\"bounds\":[640,2512,992,2784]},{\"id\":12,\"kind\":\"cavern\",\"x\":1392,\"y\":1760,\"bounds\":[1200,1616,1584,1904]},{\"id\":13,\"kind\":\"cavern\",\"x\":1992,\"y\":1832,\"bounds\":[1824,1712,2160,1952]},{\"id\":14,\"kind\":\"cavern\",\"x\":1384,\"y\":2464,\"bounds\":[1168,2288,1600,2640]},{\"id\":15,\"kind\":\"cavern\",\"x\":1952,\"y\":2736,\"bounds\":[1744,2624,2160,2848]},{\"id\":16,\"kind\":\"cavern\",\"x\":2480,\"y\":496,\"bounds\":[2336,368,2624,624]},{\"id\":17,\"kind\":\"cavern\",\"x\":2984,\"y\":456,\"bounds\":[2800,336,3168,576]},{\"id\":18,\"kind\":\"cavern\",\"x\":2504,\"y\":1072,\"bounds\":[2352,944,2656,1200]},{\"id\":19,\"kind\":\"cavern\",\"x\":2936,\"y\":1288,\"bounds\":[2784,1152,3088,1424]},{\"id\":20,\"kind\":\"cavern\",\"x\":3440,\"y\":520,\"bounds\":[3296,352,3584,688]},{\"id\":21,\"kind\":\"cavern\",\"x\":3904,\"y\":464,\"bounds\":[3696,352,4112,576]},{\"id\":22,\"kind\":\"cavern\",\"x\":3512,\"y\":1224,\"bounds\":[3360,1040,3664,1408]},{\"id\":23,\"kind\":\"cavern\",\"x\":3976,\"y\":1312,\"bounds\":[3824,1184,4128,1440]},{\"id\":24,\"kind\":\"cavern\",\"x\":2496,\"y\":1960,\"bounds\":[2352,1840,2640,2080]},{\"id\":25,\"kind\":\"cavern\",\"x\":2944,\"y\":2016,\"bounds\":[2736,1840,3152,2192]},{\"id\":26,\"kind\":\"cavern\",\"x\":2496,\"y\":2680,\"bounds\":[2352,2544,2640,2816]},{\"id\":27,\"kind\":\"cavern\",\"x\":2984,\"y\":2512,\"bounds\":[2832,2400,3136,2624]},{\"id\":28,\"kind\":\"cavern\",\"x\":3536,\"y\":1992,\"bounds\":[3392,1856,3680,2128]},{\"id\":29,\"kind\":\"cavern\",\"x\":3968,\"y\":2008,\"bounds\":[3792,1856,4144,2160]},{\"id\":30,\"kind\":\"cavern\",\"x\":3464,\"y\":2528,\"bounds\":[3296,2400,3632,2656]},{\"id\":31,\"kind\":\"cavern\",\"x\":3936,\"y\":2536,\"bounds\":[3744,2416,4128,2656]}],\"data\":{\"tiles\":[[\"dreamsv3\",80,80,32,32],[\"dreamsv3\",256,0,16,16],[\"dreamsv3\",32,0,16,16],[\"dreamsv3\",232,"}]
42["map_chunk",{"run":"4ba1c3bcccfc17b19fc07bf2","index":7,"count":14,"text":"8,8,8],[\"dreamsv3\",144,0,16,16],[\"dreamsv3\",208,8,8,8],[\"dreamsv3\",160,0,16,16],[\"dreamsv3\",128,0,16,16],[\"dreamsv3\",112,0,16,16],[\"dreamsv3\",96,0,16,16],[\"dreamsv3\",304,0,16,16],[\"dreamsv3\",320,0,16,16],[\"dreamsv3\",288,0,16,16],[\"dreamsv3\",240,0,16,16],[\"dreamsv3\",272,0,16,16],[\"dreamsv3\",48,0,16,16],[\"dreamsv3\",64,0,16,16],[\"dreamsv3\",80,0,16,16],[\"dreamsv3\",200,0,8,8],[\"dreamsv3\",176,0,8,8],[\"dreamsv3\",64,0,8,8],[\"dreamsv3\",88,0,8,8],[\"dreamsv3\",144,8,8,8],[\"dreamsv3\",168,8,8,8],[\"dreamsv3\",160,16,8,8],[\"dreamsv3\",168,16,8,8],[\"dreamsv3\",176,16,8,8],[\"dreamsv3\",184,16,8,8],[\"dreamsv3\",192,16,8,8],[\"dreamsv3\",200,16,8,8],[\"dreamsv3\",160,24,8,8],[\"dreamsv3\",168,24,8,8],[\"dreamsv3\",176,24,8,8],[\"dreamsv3\",184,24,8,8],[\"dreamsv3\",192,24,8,8],[\"dreamsv3\",200,24,8,8],[\"dreamsv3\",160,32,8,8],[\"dreamsv3\",168,32,8,8],[\"dreamsv3\",176,32,8,8],[\"dreamsv3\",184,32,8,8],[\"dreamsv3\",192,32,8,8],[\"dreamsv3\",200,32,8,8],[\"dreamsv3\",160,40,8,8],[\"dreamsv3\",168,40,8,8],[\"dreamsv3\",176,40,8,8],[\"dreamsv3\",184,40,8,8],[\"dreamsv3\",192,40,8,8],[\"dreamsv3\",200,40,8,8],[\"dungeon\",16,304,16,32],[\"custom_a\",0,0,16,16],[\"dreamsv3\",208,16,8,8],[\"dreamsv3\",216,16,8,8],[\"dreamsv3\",224,16,8,8],[\"dreamsv3\",232,16,8,8],[\"dreamsv3\",208,24,8,8],[\"dreamsv3\",216,24,8,8],[\"dreamsv3\",224,24,8,8],[\"dreamsv3\",232,24,8,8],[\"dreamsv3\",208,32,8,8],[\"dreamsv3\",216,32,8,8],[\"dreamsv3\",224,32,8,8],[\"dreamsv3\",232,32,8,8],[\"dreamsv3\",208,40,8,8],[\"dreamsv3\",216,40,8,8],[\"dreamsv3\",224,40,8,8],[\"dreamsv3\",232,40,8,8],[\"dreamsv3\",320,16,16,14],[\"dungeon\",880,200,32,32],[\"dreamsv3\",448,16,16,16],[\"dreamsv3\",416,16,32,25],[\"dreamsv3\",400,16,16,19],[\"dreamsv3\",336,16,16,28]],\"placements\":[[0,0,0,4320,3040],[2,0,0,4336,0],[2,0,16,4336,16],[2,0,32,4336,32],[2,0,48,4336,48],[2,0,64,4336,64],[2,0,80,4336,80],[2,0,96,4336,96],[2,0,112,4336,112],[2,0,128,4336,128],[2,0,144,4336,144],[2,0,160,4336,160],[2,0,176,4336,176],[2,0,192,272,192],[3,280,200],[4,288,192,560,192],[2,576,192],[5,576,200],[2,592,192,1936,192],[3,1944,200],[4,1952,192,2176,192],[2,2192,192],[5,2192,200],[2,2208,192,4336,192],[2,0,208,256,208],[3,264,216],[6,272,208],[1,288,208,576,208],[7,576,208],[2,592,208],[5,592,216],[2,608,208,1920,208],[3,1928,216],[6,1936,208],[1,1952,208,2192,208],[7,2192,208],[2,2208,208],[5,2208,216],[2,2224,208,4336,208],[2,0,224,240,224],[3,248,232],[6,256,224],[1,272,224,592,224],[7,592,224],[2,608,224],[5,608,232],[2,624,224,768,224],[3,776,232],[4,784,224,1056,224],[2,1072,224],[5,1072,232],[2,1088,224,1904,224],[3,1912,232],[6,1920,224],[1,1936,224,2208,224],[7,2208,224],[2,2224,224],[5,2224,232],[2,2240,224,4336,224],[2,0,240,224,240],[8,240,240],[1,256,240,608,240],[9,608,240],[2,624,240,752,240],[8,768,240],[1,784,240,1072,240],[9,1072,240],[2,1088,240,1888,240],[8,1904,240],[1,1920,240,2224,240],[9,2224,240],[2,2240,240,4336,240],[2,0,256,224,256],[8,240,256],[1,256,256,272,256],[10,288,256,560,256],[1,576,256,608,256],[9,608,256],[2,624,256,752,256],[8,768,256],[1,784,256,1072,256],[9,1072,256],[2,1088,256,1888,256],[8,1904,256],[1,1920,256,1936,256],[10,1952,256,2176,256],[1,2192,256,2224,256],[9,2224,256],[2,2240,256,2848,256],[3,2856,264],[4,2864,256,3088,256],[2,3104,256],[5,3104,264],[2,3120,256,4336,256],[2,0,272,224,272],[8,240,272],[1,256,272],[11,272,272],[12,576,272],[1,592,272,608,272],[9,608,272],[2,624,272,752,272],[8,768,272],[1,784,272,1072,272],[9,1072,272],[2,1088,272,1888,272],[8,1904,272],[1,1920,272],[11,1936,272],[12,2192,272],[1,2208,272,2224,272],[9,2224,272],[2,2240,272,2832,272],[3,2840,280],[6,2848,272],[1,2864,272,3104,272],[7,3104,272],[2,3120,272],[5,3120,280],[2,3136,272,3328,272],[3,3336,280],[4,3344,272,3520,272],[2,3536,272],[5,3536,280],[2,3552,272,3680,272],[3,3688,280],[4,3696,272,4096,272],[2,4112,272],[5,4112,280],[2,4128,272,4336,272],[2,0,288,224,288],[8,240,288],[11,256,288],[12,592,288],[9,608,288],[2,624,288,752,288],[8,768,288],[10,784,288,1056,288],[9,1072,288],[2,1088,288,1888,288],[8,1904,288],[11,1920,288],[12,2208,288],[7,2224,288],[4,2240,288,2576,288],[2,2592,288],[5,2592,296],[2,2608,288,2816,288],[3,2824,296],[6,2832,288],[1,2848,288,3120,288],[7,3120,288],[2,3136,288],[5,3136,296],[2,3152,288,3312,288],[3,3320,296],[6,3328,288],[1,3344,288,3536,288],[7,3536,288],[2,3552,288],[5,3552,296],[2,3568,288,3664,288],[8,3680,288],[1,3696,288,4112,288],[9,4112,288],[2,4128,288,4336,288],[2,0,304,224,304],[8,240,304],[9,608,304],[2,624,304,752,304],[8,768,304],[9,1072,304],[2,1088,304,1888,304],[8,1904,304],[13,2224,304],[1,2240,304,2592,304],[7,2592,304],[4,2608,304,2800,304],[6,2816,304],[1,2832,304,3136,304],[7,3136,304],[2,3152,304],[5,3152,312],[2,3168,304,3296,304],[3,3304,312],[6,3312,304],[1,3328,304,3552,304],[7,3552,304],[2,3568,304],[5,3568,312],[2,3584,304,3664,304],[8,3680,304],[1,3696,304,4112,304],[9,4112,304],[2,4128,304,4336,304],[2,0,320,224,320],[8,240,320],[9,608,320],[2,624,320,752,320],[8,768,320],[9,1072,320],[2,1088,320,1424,320],[3,1432,328],[4,1440,320,1648,320],[2,1664,320],[5,1664,328],[2,1680,320,1888,320],[8,1904,320],[13,2224,320],[1,2240,320,2848,320],[10,2864,320,3088,320],[1,3104,320,3152,320],[7,3152,320],[2,3168,320],[5,3168,328],[2,3184,320,3280,320],[3,3288,328],[6,3296,320],[1,3312,320,3568,320],[7,3568,320],[4,3584,320,3664,320],[6,3680,320],[1,3696,320,4112,320],[9,4112,320],[2,4128,320,4336,320],[2,0,336,224,336],[8,240,336],[7,608,336],[4,624,336,752,336],[6,768,336],[9,1072,336],[2,1088,336,1408,336],[3,1416,344],[6,1424,336],[1,1440,336,1664,336],[7,1664,336],[2,1680,336],[5,1680,344],[2,1696,336,1888,336],[8,1904,336],[13,2224,336],[1,2240,336,2832,336],[11,2848,336],[12,3104,336],[1,3120,336,3168,336],[9,3168,336],[2,3184,336,3264,336],[8,3280,336],[1,3296,336,3328,336],[10,3344,336,3520,336],[1,3536,336,3680,336],[10,3696,336,4096,336],[9,4112,336],[2,4128,336,4336,336],[2,0,352,224,352],[8,240,352],[13,608,352],[1,624,352,752,352],[14,768,352],[9,1072,352],[2,1088,352,1392,352],[3,1400,360],[6,1408,352],[1,1424,352,1680,352],[7,1680,352],[2,1696,352],[5,1696,360],[2,1712,352,1888,352],[8,1904,352],[12,2224,352],[10,2240,352,2576,352],[1,2592,352,2816,352],[11,2832,352],[12,3120,352],[1,3136,352,3168,352],[9,3168,352],[2,3184,352,3264,352],[8,3280,352],[1,3296,352,3312,352],[11,3328,352],[12,3536,352],[1,3552,352,3664,352],[14,3680,352],[9,4112,352],[2,4128,352,4336,352],[2,0,368,224,368],[8,240,368],[13,608,368],[1,624,368,752,368],[14,768,368],[9,1072,368],[2,1088,368,1376,368],[8,1392,368],[1,1408,368,1696,368],[9,1696,368],[2,1712,368,1888,368],[8,1904,368],[12,2592,368],[10,2608,368,2800,368],[11,2816,368],[12,3136,368],[1,3152,368,3168,368],[7,3168,368],[4,3184,368,3264,368],[6,3280,368],[1,3296,368],[11,3312,368],[12,3552,368],[1,3568,368,3664,368],[14,3680,368],[9,4112,368],[2,4128,368,4336,368],[2,0,384,224,384],[8,240,384],[13,608,384],[1,624,384,752,384],[14,768,384],[7,1072,384],[4,1088,384,1376,384],[6,1392,384],[1,1408,384,1424,384],[10,1440,384,1648,384],[1,1664,384,1696,384],[7,1696,384],[4,1712,384,1888,384],[6,1904,384],[12,3152,384],[1,3168,384,3280,384],[11,3296,384],[12,3568,384],[10,3584,384,3664,384],[11,3680,384],[9,4112,384],[2,4128,384,4336,384],[2,0,400,224,400],[8,240,400],[12,608,400],[10,624,400,752,400],[11,768,400],[13,1072,400],[1,1088,400,1408,400],[11,1424,400],[12,1664,400],[1,1680,400,1888,400],[14,1904,400],[13,3168,400],[1,3184,400,3264,400],[14,3280,400],[9,4112,400],[2,4128,400,4336,400],[2,0,416,224,416],[8,240,416],[13,1072,416],[1,1088,416,1392,416],[11,1408,416],[12,1680,416],[1,1696,416,1888,416],[14,1904,416],[13,3168,416],[1,3184,416,3264,416],[14,3280,416],[9,4112,416],[2,4128,416,4336,416],[2,0,432,224,432],[8,240,432],[13,1072,432],[1,1088,432,1376,432],[14,1392,432],[13,1696,432],[1,1712,432,1888,432],[14,1904,432],[12,3168,432],[10,3184,432,3264,432],[11,3280,432],[9,4112,432],[2,4128,432,4336,432],[2,0,448,224,448],[8,240,448],[12,1072,448],[10,1088,448,1376,448],[11,1392,448],[12,1696,448],[10,1712,448,1888,448],[11,1904,448],[9,4112,448],[2,4128,448,4336,448],[2,0,464,224,464],[8,240,464],[9,4112,464],[2,4128,464,4336,464],[2,0,480,224,480],[8,240,480],[9,4112,480],[2,4128,480,4336,480],[2,0,496,224,496],[8,240,496],[15,2224,496],[16,2240,496,2304,496],[17,2320,496],[9,4112,496],[2,4128,496,4336,496],[2,0,512,224,512],[8,240,512],[9,2224,512],[2,2240,512,2304,512],[8,2320,512],[15,2624,512],[16,2640,512,2784,512],[17,2800,512],[9,4112,512],[2,4128,512,4336,512],[2,0,528,224,528],[8,240,528],[9,2224,528],[2,2240,528,2304,528],[8,2320,528],[9,2624,528],[2,2640,528,2800,528],[18,2808,528],[17,2816,528],[15,3584,528],[16,3600,528,3664,528],[17,3680,528],[9,4112,528],[2,4128,528,4336,528],[2,0,544,224,544],[8,240,544],[15,608,544],[16,624,544,704,544],[17,720,544],[9,2224,544],[2,2240,544,2304,544],[8,2320,544],[9,2624,544],[2,2640,544,2816,544],[18,2824,544],[17,2832,544],[9,3584,544],[2,3600,544,3664,544],[8,3680,544],[9,4112,544],[2,4128,544,4336,544],[2,0,560,224,560],[8,240,560],[9,608,560],[2,624,560,704,560],[8,720,560],[15,2208,560],[2,2224,560],[19,2224,560],[2,2240,560,2304,560],[8,2320,560],[9,2624,560],[2,2640,560,2832,560],[18,2840,560],[17,2848,560],[9,3584,560],[2,3600,560,3664,560],[8,3680,560],[9,4112,560],[2,4128,560,4336,560],[2,0,576,224,576],[8,240,576],[9,608,576],[2,624,576,704,576],[8,720,576],[15,2192,576],[2,2208,576],[19,2208,576],[2,2224,576,2304,576],[8,2320,576],[9,2624,576],[2,2640,576,2848,576],[18,2856,576],[16,2864,576,3264,576],[17,3280,576],[9,3584,576],[2,3600,576,3680,576],[18,3688,576],[16,3696,576,4096,576],[2,4112,576],[19,4112,576],[2,4128,576,4336,576],[2,0,592,240,592],[18,248,592],[17,256,592],[15,592,592],[2,608,592],[19,608,592],[2,624,592,704,592],[8,720,592],[15,1072,592],[16,1088,592,1296,592],[17,1312,592],[15,1696,592],[16,1712,592,2176,592],[2,2192,592],[19,2192,592],[2,2208,592,2320,592],[18,2328,592],[17,2336,592],[15,2608,592],[2,2624,592],[19,2624,592],[2,2640,592,3264,592],[8,3280,592],[9,3584,592],[2,3600,592,4336,592],[2,0,608,256,608],[18,264,608],[17,272,608],[15,576,608],[2,592,608],[19,592,608],[2,608,608,704,608],[8,720,608],[9,1072,608],[2,1088,608,1296,608],[8,1312,608],[9,1696,608],[2,1712,608,2336,608],[18,2344,608],[17,2352,608],[15,2592,608],[2,2608,608],[19,2608,608],[2,2624,608,3264,608],[8,3280,608],[9,3584,608],[2,3600,608,4336,608],[2,0,624,272,624],[18,280,624],[16,288,624,560,624],[2,576,624],[19,576,624],[2,592,624,704,624],[8,720,624],[9,1072,624],[2,1088,624,1296,624],[8,1312,624],[15,1680,624],[2,1696,624],[19,1696,624],[2,1712,624,2352,624],[18,2360,624],[16,2368,624,2384,624],[17,2400,624],[15,2544,624],[16,2560,624,2576,624],[2,2592,624],[19,2592,624],[2,2608,624,3264,624],[8,3280,624],[9,3584,624],[2,3600,624,4336,624],[2,0,640,704,640],[8,720,640],[9,1072,640],[2,1088,640,1296,640],[8,1312,640],[15,1664,640],[2,1680,640],[19,1680,640],[2,1696,640,2384,640],[8,2400,640],[9,2544,640],[2,2560,640,3280,640],[18,3288,640],[17,3296,640],[15,3568,640],[2,3584,640],[19,3584,640],[2,3600,640,4336,640],[2,0,656,704,656],[8,720,656],[15,864,656],[16,880,656,1056,656],[2,1072,656],[19,1072,656],[2,1088,656,1296,656],[8,1312,656],[15,1456,656],[16,1472,656,1648,656],[2,1664,656],[19,1664,656],[2,1680,656,2384,656],[8,2400,656],[9,2544,656],[2,2560,656,3296,656],[18,3304,656],[17,3312,656],[9,3568,656],[2,3584,656,4336,656],[2,0,672,704,672],[8,720,672],[9,864,672],[2,880,672,1296,672],[8,1312,672],[9,1456,672],[2,1472,672,2384,672],[8,2400,672],[9,2544,672],[2,2560,672,3312,672],[18,3320,672],[17,3328,672],[9,3568,672],[2,3584,672,4336,672],[2,0,688,704,688],[8,720,688],[9,864,688],[2,880,688,1296,688],[8,1312,688],[9,1456,688],[2,1472,688,2384,688],[8,2400,688],[9,2544,688],[2,2560,688,3328,688],[18,3336,688],[16,3344,688,3408,688],[17,3424,688],[9,3568,688],[2,3584,688,4336,688],[2,0,704,640,704],[3,648,712],[4,656,704,704,704],[6,720,704],[7,864,704],[4,880,704,928,704],[2,944,704],[5,944,712],[2,960,704,1296,704],[8,1312,704],[9,1456,704],[2,1472,704,2384,704],[8,2400,704],[9,2544,704],[2,2560,704,3408,"}]
42["map_chunk",{"run":"4ba1c3bcccfc17b19fc07bf2","index":8,"count":14,"text":"704],[8,3424,704],[9,3568,704],[2,3584,704,4336,704],[2,0,720,624,720],[3,632,728],[6,640,720],[1,656,720,704,720],[14,720,720],[13,864,720],[1,880,720,944,720],[7,944,720],[2,960,720],[5,960,728],[2,976,720,1296,720],[8,1312,720],[9,1456,720],[2,1472,720,2384,720],[8,2400,720],[9,2544,720],[2,2560,720,3408,720],[8,3424,720],[9,3568,720],[2,3584,720,4336,720],[2,0,736,608,736],[3,616,744],[6,624,736],[1,640,736,704,736],[14,720,736],[13,864,736],[1,880,736,960,736],[7,960,736],[2,976,736],[5,976,744],[2,992,736,1296,736],[8,1312,736],[9,1456,736],[2,1472,736,2384,736],[8,2400,736],[9,2544,736],[2,2560,736,3408,736],[8,3424,736],[9,3568,736],[2,3584,736,4336,736],[2,0,752,592,752],[3,600,760],[6,608,752],[1,624,752,704,752],[14,720,752],[13,864,752],[1,880,752,976,752],[7,976,752],[2,992,752],[5,992,760],[2,1008,752,1296,752],[8,1312,752],[9,1456,752],[2,1472,752,2384,752],[8,2400,752],[9,2544,752],[2,2560,752,3408,752],[8,3424,752],[9,3568,752],[2,3584,752,4336,752],[2,0,768,576,768],[8,592,768],[1,608,768,640,768],[10,656,768,704,768],[11,720,768],[12,864,768],[10,880,768,928,768],[1,944,768,992,768],[9,992,768],[2,1008,768,1248,768],[3,1256,776],[4,1264,768,1296,768],[6,1312,768],[7,1456,768],[4,1472,768,1520,768],[2,1536,768],[5,1536,776],[2,1552,768,2384,768],[8,2400,768],[9,2544,768],[2,2560,768,3408,768],[8,3424,768],[9,3568,768],[2,3584,768,4336,768],[2,0,784,576,784],[8,592,784],[1,608,784,624,784],[11,640,784],[12,944,784],[1,960,784,992,784],[7,992,784],[4,1008,784,1232,784],[6,1248,784],[1,1264,784,1296,784],[14,1312,784],[13,1456,784],[1,1472,784,1536,784],[7,1536,784],[2,1552,784],[5,1552,792],[2,1568,784,2384,784],[8,2400,784],[9,2544,784],[2,2560,784,3408,784],[8,3424,784],[9,3568,784],[2,3584,784,4336,784],[2,0,800,576,800],[8,592,800],[1,608,800],[11,624,800],[12,960,800],[1,976,800,1296,800],[14,1312,800],[13,1456,800],[1,1472,800,1552,800],[7,1552,800],[2,1568,800],[5,1568,808],[2,1584,800,2384,800],[8,2400,800],[9,2544,800],[2,2560,800,3408,800],[8,3424,800],[9,3568,800],[2,3584,800,4336,800],[2,0,816,576,816],[8,592,816],[11,608,816],[12,976,816],[1,992,816,1296,816],[14,1312,816],[13,1456,816],[1,1472,816,1568,816],[7,1568,816],[2,1584,816],[5,1584,824],[2,1600,816,2384,816],[8,2400,816],[9,2544,816],[2,2560,816,3408,816],[8,3424,816],[9,3568,816],[2,3584,816,4336,816],[2,0,832,576,832],[8,592,832],[13,992,832],[1,1008,832,1248,832],[10,1264,832,1296,832],[11,1312,832],[12,1456,832],[10,1472,832,1520,832],[1,1536,832,1584,832],[9,1584,832],[2,1600,832,2384,832],[8,2400,832],[9,2544,832],[2,2560,832,3408,832],[8,3424,832],[9,3568,832],[2,3584,832,4336,832],[2,0,848,576,848],[8,592,848],[12,992,848],[10,1008,848,1232,848],[11,1248,848],[12,1536,848],[1,1552,848,1584,848],[9,1584,848],[2,1600,848,2384,848],[8,2400,848],[9,2544,848],[2,2560,848,3408,848],[8,3424,848],[9,3568,848],[2,3584,848,4336,848],[2,0,864,576,864],[8,592,864],[12,1552,864],[1,1568,864,1584,864],[9,1584,864],[2,1600,864,2384,864],[8,2400,864],[7,2544,864],[4,2560,864,2576,864],[2,2592,864],[5,2592,872],[2,2608,864,3408,864],[8,3424,864],[9,3568,864],[2,3584,864,4336,864],[2,0,880,576,880],[8,592,880],[12,1568,880],[9,1584,880],[2,1600,880,2384,880],[3,2392,888],[6,2400,880],[13,2544,880],[1,2560,880,2592,880],[7,2592,880],[2,2608,880],[5,2608,888],[2,2624,880,3408,880],[8,3424,880],[9,3568,880],[2,3584,880,4336,880],[2,0,896,576,896],[8,592,896],[9,1584,896],[2,1600,896,2368,896],[3,2376,904],[6,2384,896],[14,2400,896],[13,2544,896],[1,2560,896,2608,896],[7,2608,896],[2,2624,896],[5,2624,904],[2,2640,896,3408,896],[8,3424,896],[9,3568,896],[2,3584,896,4336,896],[2,0,912,576,912],[8,592,912],[9,1584,912],[2,1600,912,2352,912],[3,2360,920],[6,2368,912],[1,2384,912],[14,2400,912],[13,2544,912],[1,2560,912,2624,912],[7,2624,912],[2,2640,912],[5,2640,920],[2,2656,912,3408,912],[8,3424,912],[9,3568,912],[2,3584,912,4336,912],[2,0,928,576,928],[8,592,928],[9,1584,928],[2,1600,928,1936,928],[3,1944,936],[4,1952,928,2336,928],[6,2352,928],[1,2368,928,2384,928],[14,2400,928],[12,2544,928],[10,2560,928,2576,928],[1,2592,928,2640,928],[7,2640,928],[4,2656,928,2976,928],[2,2992,928],[5,2992,936],[2,3008,928,3408,928],[8,3424,928],[9,3568,928],[2,3584,928,4336,928],[2,0,944,576,944],[8,592,944],[9,1584,944],[2,1600,944,1920,944],[8,1936,944],[1,1952,944,2384,944],[11,2400,944],[12,2592,944],[1,2608,944,2992,944],[9,2992,944],[2,3008,944,3408,944],[8,3424,944],[9,3568,944],[2,3584,944,4336,944],[2,0,960,576,960],[8,592,960],[9,1584,960],[2,1600,960,1920,960],[8,1936,960],[1,1952,960,2368,960],[11,2384,960],[12,2608,960],[1,2624,960,2992,960],[9,2992,960],[2,3008,960,3376,960],[3,3384,968],[4,3392,960,3408,960],[6,3424,960],[7,3568,960],[4,3584,960,3616,960],[2,3632,960],[5,3632,968],[2,3648,960,4336,960],[2,0,976,224,976],[3,232,984],[4,240,976,448,976],[2,464,976],[5,464,984],[2,480,976,576,976],[8,592,976],[9,1584,976],[2,1600,976,1840,976],[3,1848,984],[4,1856,976,1920,976],[6,1936,976],[1,1952,976,2352,976],[11,2368,976],[12,2624,976],[1,2640,976,2992,976],[9,2992,976],[2,3008,976,3360,976],[3,3368,984],[6,3376,976],[1,3392,976,3408,976],[14,3424,976],[13,3568,976],[1,3584,976,3632,976],[7,3632,976],[2,3648,976],[5,3648,984],[2,3664,976,4336,976],[2,0,992,208,992],[3,216,1000],[6,224,992],[1,240,992,464,992],[7,464,992],[2,480,992],[5,480,1000],[2,496,992,576,992],[8,592,992],[15,992,992],[16,1008,992,1184,992],[17,1200,992],[9,1584,992],[2,1600,992,1824,992],[8,1840,992],[1,1856,992,1936,992],[10,1952,992,2336,992],[11,2352,992],[12,2640,992],[10,2656,992,2976,992],[9,2992,992],[2,3008,992,3344,992],[3,3352,1000],[6,3360,992],[1,3376,992,3408,992],[14,3424,992],[13,3568,992],[1,3584,992,3648,992],[7,3648,992],[2,3664,992],[5,3664,1000],[2,3680,992,4336,992],[2,0,1008,192,1008],[3,200,1016],[6,208,1008],[1,224,1008,480,1008],[7,480,1008],[2,496,1008],[5,496,1016],[2,512,1008,576,1008],[8,592,1008],[9,992,1008],[2,1008,1008,1184,1008],[8,1200,1008],[9,1584,1008],[2,1600,1008,1824,1008],[8,1840,1008],[1,1856,1008,1920,1008],[14,1936,1008],[9,2992,1008],[2,3008,1008,3328,1008],[8,3344,1008],[1,3360,1008,3408,1008],[14,3424,1008],[13,3568,1008],[1,3584,1008,3664,1008],[9,3664,1008],[2,3680,1008,4336,1008],[2,0,1024,176,1024],[8,192,1024],[1,208,1024,496,1024],[9,496,1024],[2,512,1024,592,1024],[18,600,1024],[17,608,1024],[15,976,1024],[2,992,1024],[19,992,1024],[2,1008,1024,1184,1024],[8,1200,1024],[9,1584,1024],[2,1600,1024,1824,1024],[8,1840,1024],[1,1856,1024,1920,1024],[14,1936,1024],[9,2992,1024],[2,3008,1024,3328,1024],[8,3344,1024],[1,3360,1024,3376,1024],[10,3392,1024,3408,1024],[11,3424,1024],[12,3568,1024],[10,3584,1024,3616,1024],[1,3632,1024,3664,1024],[9,3664,1024],[2,3680,1024,4336,1024],[2,0,1040,176,1040],[8,192,1040],[1,208,1040,224,1040],[10,240,1040,448,1040],[1,464,1040,496,1040],[9,496,1040],[2,512,1040,608,1040],[18,616,1040],[17,624,1040],[15,960,1040],[2,976,1040],[19,976,1040],[2,992,1040,1200,1040],[18,1208,1040],[17,1216,1040],[15,1568,1040],[2,1584,1040],[19,1584,1040],[2,1600,1040,1824,1040],[8,1840,1040],[10,1856,1040,1920,1040],[11,1936,1040],[9,2992,1040],[2,3008,1040,3328,1040],[8,3344,1040],[1,3360,1040],[11,3376,1040],[12,3632,1040],[1,3648,1040,3664,1040],[9,3664,1040],[2,3680,1040,4336,1040],[2,0,1056,176,1056],[8,192,1056],[1,208,1056],[11,224,1056],[12,464,1056],[1,480,1056,496,1056],[9,496,1056],[2,512,1056,624,1056],[18,632,1056],[17,640,1056],[15,944,1056],[2,960,1056],[19,960,1056],[2,976,1056,1216,1056],[18,1224,1056],[17,1232,1056],[15,1552,1056],[2,1568,1056],[19,1568,1056],[2,1584,1056,1824,1056],[8,1840,1056],[9,2992,1056],[2,3008,1056,3328,1056],[8,3344,1056],[11,3360,1056],[12,3648,1056],[9,3664,1056],[2,3680,1056,4336,1056],[2,0,1072,176,1072],[8,192,1072],[11,208,1072],[12,480,1072],[9,496,1072],[2,512,1072,640,1072],[18,648,1072],[16,656,1072,928,1072],[2,944,1072],[19,944,1072],[2,960,1072,1232,1072],[18,1240,1072],[17,1248,1072],[15,1536,1072],[2,1552,1072],[19,1552,1072],[2,1568,1072,1824,1072],[8,1840,1072],[7,2992,1072],[4,3008,1072],[2,3024,1072],[5,3024,1080],[2,3040,1072,3328,1072],[8,3344,1072],[9,3664,1072],[2,3680,1072,4336,1072],[2,0,1088,176,1088],[8,192,1088],[9,496,1088],[2,512,1088,1248,1088],[18,1256,1088],[16,1264,1088,1520,1088],[2,1536,1088],[19,1536,1088],[2,1552,1088,1824,1088],[8,1840,1088],[13,2992,1088],[1,3008,1088,3024,1088],[7,3024,1088],[2,3040,1088],[5,3040,1096],[2,3056,1088,3328,1088],[8,3344,1088],[9,3664,1088],[2,3680,1088,4336,1088],[2,0,1104,176,1104],[8,192,1104],[9,496,1104],[2,512,1104,1824,1104],[8,1840,1104],[13,2992,1104],[1,3008,1104,3040,1104],[7,3040,1104],[2,3056,1104],[5,3056,1112],[2,3072,1104,3328,1104],[8,3344,1104],[9,3664,1104],[2,3680,1104,3856,1104],[3,3864,1112],[4,3872,1104,4064,1104],[2,4080,1104],[5,4080,1112],[2,4096,1104,4336,1104],[2,0,1120,176,1120],[8,192,1120],[9,496,1120],[2,512,1120,1824,1120],[8,1840,1120],[13,2992,1120],[1,3008,1120,3056,1120],[7,3056,1120],[2,3072,1120],[5,3072,1128],[2,3088,1120,3328,1120],[8,3344,1120],[9,3664,1120],[2,3680,1120,3840,1120],[3,3848,1128],[6,3856,1120],[1,3872,1120,4080,1120],[7,4080,1120],[2,4096,1120],[5,4096,1128],[2,4112,1120,4336,1120],[2,0,1136,176,1136],[8,192,1136],[9,496,1136],[2,512,1136,1824,1136],[8,1840,1136],[15,2192,1136],[16,2208,1136,2336,1136],[17,2352,1136],[15,2640,1136],[16,2656,1136,2768,1136],[20,2784,1136],[21,2792,1136],[22,2784,1144],[23,2792,1144],[12,2992,1136],[10,3008,1136],[1,3024,1136,3072,1136],[7,3072,1136],[4,3088,1136,3328,1136],[6,3344,1136],[9,3664,1136],[2,3680,1136,3824,1136],[3,3832,1144],[6,3840,1136],[1,3856,1136,4096,1136],[7,4096,1136],[2,4112,1136],[5,4112,1144],[2,4128,1136,4336,1136],[2,0,1152,176,1152],[8,192,1152],[9,496,1152],[2,512,1152,1824,1152],[8,1840,1152],[9,2192,1152],[2,2208,1152,2352,1152],[18,2360,1152],[17,2368,1152],[15,2624,1152],[2,2640,1152],[19,2640,1152],[2,2656,1152,2752,1152],[8,2768,1152],[14,2784,1152],[12,3024,1152],[1,3040,1152,3328,1152],[14,3344,1152],[9,3664,1152],[2,3680,1152,3808,1152],[3,3816,1160],[6,3824,1152],[1,3840,1152,4112,1152],[7,4112,1152],[2,4128,1152],[5,4128,1160],[2,4144,1152,4336,1152],[2,0,1168,176,1168],[8,192,1168],[9,496,1168],[2,512,1168,1824,1168],[8,1840,1168],[9,2192,1168],[2,2208,1168,2368,1168],[18,2376,1168],[17,2384,1168],[15,2608,1168],[2,2624,1168],[19,2624,1168],[2,2640,1168,2752,1168],[8,2768,1168],[14,2784,1168],[12,3040,1168],[1,3056,1168,3328,1168],[14,3344,1168],[7,3664,1168],[4,3680,1168,3792,1168],[6,3808,1168],[1,3824,1168,3856,1168],[10,3872,1168,4064,1168],[1,4080,1168,4128,1168],[9,4128,1168],[2,4144,1168,4336,1168],[2,0,1184,176,1184],[8,192,1184],[9,496,1184],[2,512,1184,1824,1184],[8,1840,1184],[9,2192,1184],[2,2208,1184,2384,1184],[18,2392,1184],[17,2400,1184],[15,2592,1184],[2,2608,1184],[19,2608,1184],[2,2624,1184,2752,1184],[8,2768,1184],[14,2784,1184],[12,3056,1184],[1,3072,1184,3328,1184],[14,3344,1184],[13,3664,1184],[1,3680,1184,3840,1184],[11,3856,1184],[12,4080,1184],[1,4096,1184,4128,1184],[9,4128,1184],[2,4144,1184,4336,1184],[2,0,1200,176,1200],[8,192,1200],[9,496,1200],[2,512,1200,1824,1200],[8,1840,1200],[9,2192,1200],[2,2208,1200,2400,1200],[18,2408,1200],[16,2416,1200,2576,1200],[2,2592,1200],[19,2592,1200],[2,2608,1200,2752,1200],[8,2768,1200],[11,2784,1200],[12,3072,1200],[10,3088,1200,3328,1200],[11,3344,1200],[13,3664,1200],[1,3680,1200,3824,1200],[11,3840,1200],[12,4096,1200],[1,4112,1200,4128,1200],[9,4128,1200],[2,4144,1200,4336,1200],[2,0,1216,176,1216],[8,192,1216],[9,496,1216],[2,512,1216,1824,1216],[8,1840,1216],[9,2192,1216],[2,2208,1216,2752,1216],[8,2768,1216],[13,3664,1216],[1,3680,1216,3808,1216],[11,3824,1216],[12,4112,1216],[9,4128,1216],[2,4144,1216,4336,1216],[2,0,1232,176,1232],[8,192,1232],[9,496,1232],[2,512,1232,1824,1232],[8,1840,1232],[9,2192,1232],[2,2208,1232,2752,1232],[8,2768,1232],[12,3664,1232],[10,3680,1232,3792,1232],[11,3808,1232],[9,4128,1232],[2,4144,1232,4336,1232],[2,0,1248,176,1248],[8,192,1248],[9,496,1248],[2,512,1248,1824,1248],[8,1840,1248],[9,2192,1248],[2,220"}]
42["map_chunk",{"run":"4ba1c3bcccfc17b19fc07bf2","index":9,"count":14,"text":"8,1248,2752,1248],[8,2768,1248],[9,4128,1248],[2,4144,1248,4336,1248],[2,0,1264,176,1264],[8,192,1264],[9,496,1264],[2,512,1264,1824,1264],[8,1840,1264],[9,2192,1264],[2,2208,1264,2752,1264],[8,2768,1264],[9,4128,1264],[2,4144,1264,4336,1264],[2,0,1280,176,1280],[8,192,1280],[9,496,1280],[2,512,1280,1824,1280],[8,1840,1280],[9,2192,1280],[2,2208,1280,2752,1280],[8,2768,1280],[9,4128,1280],[2,4144,1280,4336,1280],[2,0,1296,176,1296],[8,192,1296],[9,496,1296],[2,512,1296,1824,1296],[8,1840,1296],[9,2192,1296],[2,2208,1296,2752,1296],[8,2768,1296],[9,4128,1296],[2,4144,1296,4336,1296],[2,0,1312,192,1312],[18,200,1312],[17,208,1312],[15,480,1312],[2,496,1312],[19,496,1312],[2,512,1312,1824,1312],[8,1840,1312],[9,2192,1312],[2,2208,1312,2752,1312],[8,2768,1312],[9,4128,1312],[2,4144,1312,4336,1312],[2,0,1328,208,1328],[18,216,1328],[17,224,1328],[15,464,1328],[2,480,1328],[19,480,1328],[2,496,1328,1824,1328],[8,1840,1328],[9,2192,1328],[2,2208,1328,2752,1328],[8,2768,1328],[9,4128,1328],[2,4144,1328,4336,1328],[2,0,1344,224,1344],[18,232,1344],[16,240,1344,256,1344],[17,272,1344],[15,416,1344],[16,432,1344,448,1344],[2,464,1344],[19,464,1344],[2,480,1344,1824,1344],[8,1840,1344],[9,2192,1344],[2,2208,1344,2752,1344],[8,2768,1344],[15,3088,1344],[16,3104,1344,3328,1344],[17,3344,1344],[9,4128,1344],[2,4144,1344,4336,1344],[2,0,1360,256,1360],[8,272,1360],[9,416,1360],[2,432,1360,1840,1360],[18,1848,1360],[16,1856,1360,1920,1360],[17,1936,1360],[15,2080,1360],[16,2096,1360,2176,1360],[2,2192,1360],[19,2192,1360],[2,2208,1360,2768,1360],[18,2776,1360],[17,2784,1360],[15,3072,1360],[2,3088,1360],[19,3088,1360],[2,3104,1360,3328,1360],[8,3344,1360],[9,4128,1360],[2,4144,1360,4336,1360],[2,0,1376,256,1376],[8,272,1376],[9,416,1376],[2,432,1376,1920,1376],[8,1936,1376],[9,2080,1376],[2,2096,1376,2784,1376],[18,2792,1376],[17,2800,1376],[15,3056,1376],[2,3072,1376],[19,3072,1376],[2,3088,1376,3344,1376],[18,3352,1376],[17,3360,1376],[15,3648,1376],[16,3664,1376,3792,1376],[17,3808,1376],[9,4128,1376],[2,4144,1376,4336,1376],[2,0,1392,256,1392],[8,272,1392],[9,416,1392],[2,432,1392,1920,1392],[8,1936,1392],[9,2080,1392],[2,2096,1392,2800,1392],[18,2808,1392],[17,2816,1392],[15,3040,1392],[2,3056,1392],[19,3056,1392],[2,3072,1392,3360,1392],[18,3368,1392],[17,3376,1392],[15,3632,1392],[2,3648,1392],[19,3648,1392],[2,3664,1392,3808,1392],[18,3816,1392],[17,3824,1392],[15,4112,1392],[2,4128,1392],[19,4128,1392],[2,4144,1392,4336,1392],[2,0,1408,256,1408],[8,272,1408],[9,416,1408],[2,432,1408,1920,1408],[8,1936,1408],[9,2080,1408],[2,2096,1408,2816,1408],[18,2824,1408],[17,2832,1408],[15,3024,1408],[2,3040,1408],[19,3040,1408],[2,3056,1408,3376,1408],[18,3384,1408],[16,3392,1408,3616,1408],[2,3632,1408],[19,3632,1408],[2,3648,1408,3824,1408],[18,3832,1408],[17,3840,1408],[15,4096,1408],[2,4112,1408],[19,4112,1408],[2,4128,1408,4336,1408],[2,0,1424,256,1424],[8,272,1424],[9,416,1424],[2,432,1424,1920,1424],[8,1936,1424],[9,2080,1424],[2,2096,1424,2832,1424],[18,2840,1424],[17,2848,1424],[15,2992,1424],[16,3008,1424],[2,3024,1424],[19,3024,1424],[2,3040,1424,3840,1424],[18,3848,1424],[17,3856,1424],[15,4080,1424],[2,4096,1424],[19,4096,1424],[2,4112,1424,4336,1424],[2,0,1440,256,1440],[8,272,1440],[9,416,1440],[2,432,1440,1920,1440],[8,1936,1440],[9,2080,1440],[2,2096,1440,2832,1440],[8,2848,1440],[9,2992,1440],[2,3008,1440,3856,1440],[18,3864,1440],[16,3872,1440,4064,1440],[2,4080,1440],[19,4080,1440],[2,4096,1440,4336,1440],[2,0,1456,256,1456],[8,272,1456],[9,416,1456],[2,432,1456,1920,1456],[8,1936,1456],[9,2080,1456],[2,2096,1456,2832,1456],[8,2848,1456],[9,2992,1456],[2,3008,1456,4336,1456],[2,0,1472,256,1472],[8,272,1472],[9,416,1472],[2,432,1472,1920,1472],[8,1936,1472],[9,2080,1472],[2,2096,1472,2832,1472],[8,2848,1472],[9,2992,1472],[2,3008,1472,4336,1472],[2,0,1488,256,1488],[8,272,1488],[9,416,1488],[2,432,1488,1920,1488],[8,1936,1488],[9,2080,1488],[2,2096,1488,2832,1488],[8,2848,1488],[9,2992,1488],[2,3008,1488,4336,1488],[2,0,1504,192,1504],[3,200,1512],[4,208,1504,256,1504],[6,272,1504],[7,416,1504],[4,432,1504,496,1504],[2,512,1504],[5,512,1512],[2,528,1504,1920,1504],[8,1936,1504],[9,2080,1504],[2,2096,1504,2832,1504],[8,2848,1504],[9,2992,1504],[2,3008,1504,4336,1504],[2,0,1520,176,1520],[8,192,1520],[1,208,1520,256,1520],[14,272,1520],[13,416,1520],[1,432,1520,512,1520],[9,512,1520],[2,528,1520,1920,1520],[8,1936,1520],[9,2080,1520],[2,2096,1520,2832,1520],[8,2848,1520],[9,2992,1520],[2,3008,1520,4336,1520],[2,0,1536,176,1536],[8,192,1536],[1,208,1536,256,1536],[14,272,1536],[13,416,1536],[1,432,1536,512,1536],[9,512,1536],[2,528,1536,1184,1536],[3,1192,1544],[4,1200,1536,1568,1536],[2,1584,1536],[5,1584,1544],[2,1600,1536,1920,1536],[8,1936,1536],[9,2080,1536],[2,2096,1536,2832,1536],[8,2848,1536],[9,2992,1536],[2,3008,1536,4336,1536],[2,0,1552,176,1552],[8,192,1552],[1,208,1552,256,1552],[14,272,1552],[13,416,1552],[1,432,1552,512,1552],[9,512,1552],[2,528,1552,1168,1552],[8,1184,1552],[1,1200,1552,1584,1552],[9,1584,1552],[2,1600,1552,1920,1552],[8,1936,1552],[9,2080,1552],[2,2096,1552,2832,1552],[8,2848,1552],[9,2992,1552],[2,3008,1552,4336,1552],[2,0,1568,176,1568],[8,192,1568],[10,208,1568,256,1568],[11,272,1568],[12,416,1568],[10,432,1568,496,1568],[9,512,1568],[2,528,1568,1168,1568],[8,1184,1568],[1,1200,1568,1584,1568],[9,1584,1568],[2,1600,1568,1920,1568],[8,1936,1568],[9,2080,1568],[2,2096,1568,2832,1568],[8,2848,1568],[9,2992,1568],[2,3008,1568,4336,1568],[2,0,1584,176,1584],[8,192,1584],[9,512,1584],[2,528,1584,1168,1584],[8,1184,1584],[1,1200,1584,1584,1584],[9,1584,1584],[2,1600,1584,1920,1584],[8,1936,1584],[9,2080,1584],[2,2096,1584,2832,1584],[8,2848,1584],[9,2992,1584],[2,3008,1584,4336,1584],[2,0,1600,176,1600],[8,192,1600],[9,512,1600],[2,528,1600,1168,1600],[8,1184,1600],[10,1200,1600,1568,1600],[9,1584,1600],[2,1600,1600,1920,1600],[8,1936,1600],[9,2080,1600],[2,2096,1600,2832,1600],[8,2848,1600],[9,2992,1600],[2,3008,1600,4336,1600],[2,0,1616,176,1616],[8,192,1616],[9,512,1616],[2,528,1616,1168,1616],[8,1184,1616],[7,1584,1616],[4,1600,1616,1920,1616],[6,1936,1616],[9,2080,1616],[2,2096,1616,2832,1616],[8,2848,1616],[9,2992,1616],[2,3008,1616,4336,1616],[2,0,1632,176,1632],[8,192,1632],[9,512,1632],[2,528,1632,1168,1632],[8,1184,1632],[13,1584,1632],[1,1600,1632,1920,1632],[14,1936,1632],[7,2080,1632],[4,2096,1632],[2,2112,1632],[5,2112,1640],[2,2128,1632,2832,1632],[8,2848,1632],[9,2992,1632],[2,3008,1632,4336,1632],[2,0,1648,176,1648],[8,192,1648],[9,512,1648],[2,528,1648,1168,1648],[8,1184,1648],[13,1584,1648],[1,1600,1648,1920,1648],[14,1936,1648],[13,2080,1648],[1,2096,1648,2112,1648],[7,2112,1648],[2,2128,1648],[5,2128,1656],[2,2144,1648,2832,1648],[8,2848,1648],[9,2992,1648],[2,3008,1648,4336,1648],[2,0,1664,176,1664],[8,192,1664],[9,512,1664],[2,528,1664,1168,1664],[8,1184,1664],[13,1584,1664],[1,1600,1664,1920,1664],[14,1936,1664],[13,2080,1664],[1,2096,1664,2128,1664],[7,2128,1664],[2,2144,1664],[5,2144,1672],[2,2160,1664,2832,1664],[8,2848,1664],[9,2992,1664],[2,3008,1664,4336,1664],[2,0,1680,176,1680],[8,192,1680],[9,512,1680],[2,528,1680,1168,1680],[8,1184,1680],[12,1584,1680],[10,1600,1680,1920,1680],[11,1936,1680],[13,2080,1680],[1,2096,1680,2144,1680],[7,2144,1680],[4,2160,1680,2544,1680],[2,2560,1680],[5,2560,1688],[2,2576,1680,2832,1680],[8,2848,1680],[9,2992,1680],[2,3008,1680,4336,1680],[2,0,1696,176,1696],[8,192,1696],[9,512,1696],[2,528,1696,656,1696],[3,664,1704],[4,672,1696,928,1696],[2,944,1696],[5,944,1704],[2,960,1696,1168,1696],[8,1184,1696],[12,2080,1696],[10,2096,1696],[1,2112,1696,2560,1696],[9,2560,1696],[2,2576,1696,2832,1696],[8,2848,1696],[9,2992,1696],[2,3008,1696,4336,1696],[2,0,1712,176,1712],[8,192,1712],[9,512,1712],[2,528,1712,640,1712],[3,648,1720],[6,656,1712],[1,672,1712,944,1712],[7,944,1712],[2,960,1712],[5,960,1720],[2,976,1712,1168,1712],[8,1184,1712],[12,2112,1712],[1,2128,1712,2560,1712],[9,2560,1712],[2,2576,1712,2832,1712],[8,2848,1712],[9,2992,1712],[2,3008,1712,4336,1712],[2,0,1728,176,1728],[8,192,1728],[9,512,1728],[2,528,1728,624,1728],[3,632,1736],[6,640,1728],[1,656,1728,960,1728],[7,960,1728],[2,976,1728],[5,976,1736],[2,992,1728,1168,1728],[8,1184,1728],[12,2128,1728],[1,2144,1728,2560,1728],[9,2560,1728],[2,2576,1728,2832,1728],[8,2848,1728],[9,2992,1728],[2,3008,1728,4336,1728],[2,0,1744,176,1744],[8,192,1744],[9,512,1744],[2,528,1744,608,1744],[3,616,1752],[6,624,1744],[1,640,1744,976,1744],[7,976,1744],[2,992,1744],[5,992,1752],[2,1008,1744,1168,1744],[8,1184,1744],[12,2144,1744],[10,2160,1744,2544,1744],[9,2560,1744],[2,2576,1744,2832,1744],[8,2848,1744],[9,2992,1744],[2,3008,1744,4336,1744],[2,0,1760,176,1760],[8,192,1760],[7,512,1760],[4,528,1760,592,1760],[6,608,1760],[1,624,1760,656,1760],[10,672,1760,928,1760],[1,944,1760,992,1760],[7,992,1760],[4,1008,1760,1168,1760],[6,1184,1760],[7,2560,1760],[4,2576,1760,2624,1760],[2,2640,1760],[5,2640,1768],[2,2656,1760,2784,1760],[3,2792,1768],[4,2800,1760,2832,1760],[6,2848,1760],[7,2992,1760],[4,3008,1760,3072,1760],[2,3088,1760],[5,3088,1768],[2,3104,1760,4336,1760],[2,0,1776,176,1776],[8,192,1776],[13,512,1776],[1,528,1776,640,1776],[11,656,1776],[12,944,1776],[1,960,1776,1168,1776],[14,1184,1776],[13,2560,1776],[1,2576,1776,2640,1776],[9,2640,1776],[2,2656,1776,2768,1776],[3,2776,1784],[6,2784,1776],[1,2800,1776,2832,1776],[14,2848,1776],[13,2992,1776],[1,3008,1776,3088,1776],[7,3088,1776],[2,3104,1776],[5,3104,1784],[2,3120,1776,3376,1776],[3,3384,1784],[4,3392,1776,3664,1776],[2,3680,1776],[5,3680,1784],[2,3696,1776,3776,1776],[3,3784,1784],[4,3792,1776,4128,1776],[2,4144,1776],[5,4144,1784],[2,4160,1776,4336,1776],[2,0,1792,176,1792],[8,192,1792],[13,512,1792],[1,528,1792,624,1792],[11,640,1792],[12,960,1792],[1,976,1792,1168,1792],[14,1184,1792],[13,2560,1792],[1,2576,1792,2640,1792],[9,2640,1792],[2,2656,1792,2752,1792],[3,2760,1800],[6,2768,1792],[1,2784,1792,2832,1792],[14,2848,1792],[13,2992,1792],[1,3008,1792,3104,1792],[7,3104,1792],[2,3120,1792],[5,3120,1800],[2,3136,1792,3360,1792],[8,3376,1792],[1,3392,1792,3680,1792],[9,3680,1792],[2,3696,1792,3760,1792],[8,3776,1792],[1,3792,1792,4144,1792],[9,4144,1792],[2,4160,1792,4336,1792],[2,0,1808,192,1808],[18,200,1808],[16,208,1808,256,1808],[17,272,1808],[13,512,1808],[1,528,1808,608,1808],[11,624,1808],[12,976,1808],[1,992,1808,1168,1808],[14,1184,1808],[13,2560,1808],[1,2576,1808,2640,1808],[9,2640,1808],[2,2656,1808,2736,1808],[3,2744,1816],[6,2752,1808],[1,2768,1808,2832,1808],[14,2848,1808],[13,2992,1808],[1,3008,1808,3120,1808],[7,3120,1808],[2,3136,1808],[5,3136,1816],[2,3152,1808,3360,1808],[8,3376,1808],[1,3392,1808,3680,1808],[9,3680,1808],[2,3696,1808,3760,1808],[8,3776,1808],[1,3792,1808,4144,1808],[9,4144,1808],[2,4160,1808,4336,1808],[2,0,1824,256,1824],[8,272,1824],[12,512,1824],[10,528,1824,592,1824],[11,608,1824],[12,992,1824],[10,1008,1824,1168,1824],[11,1184,1824],[15,1584,1824],[16,1600,1824,1792,1824],[17,1808,1824],[12,2560,1824],[10,2576,1824,2624,1824],[9,2640,1824],[2,2656,1824,2720,1824],[3,2728,1832],[6,2736,1824],[1,2752,1824,2784,1824],[10,2800,1824,2832,1824],[11,2848,1824],[12,2992,1824],[10,3008,1824,3072,1824],[1,3088,1824,3136,1824],[7,3136,1824],[2,3152,1824],[5,3152,1832],[2,3168,1824,3360,1824],[8,3376,1824],[1,3392,1824,3680,1824],[9,3680,1824],[2,3696,1824,3760,1824],[8,3776,1824],[1,3792,1824,4144,1824],[9,4144,1824],[2,4160,1824,4336,1824],[2,0,1840,256,1840],[8,272,1840],[9,1584,1840],[2,1600,1840,1792,1840],[8,1808,1840],[9,2640,1840],[2,2656,1840,2704,1840],[8,2720,1840],[1,2736,1840,2768,1840],[11,2784,1840],[12,3088,1840],[1,3104,1840,3152,1840],[9,3152,1840],[2,3168,1840,3360,1840],[8,3376,1840],[10,3392,1840,3664,1840],[9,3680,1840],[2,3696,1840,3760,1840],[8,3776,1840],[10,3792,1840,4128,1840],[9,4144,1840],[2,4160,1840,4336,1840],[2,0,1856,256,1856],[8,272,1856],[9,1584,1856],[2,1600,1856,1792,1856],[8,1808,1856],[9,2640,1856],[2,2656,1856,2704,1856],[8,2720,1856],[1,2736,1856,2752,1856],[11,2768,1856],[12,3104,1856],[1,3120,"}]
42["map_chunk",{"run":"4ba1c3bcccfc17b19fc07bf2","index":10,"count":14,"text":"1856,3152,1856],[9,3152,1856],[2,3168,1856,3360,1856],[8,3376,1856],[7,3680,1856],[4,3696,1856,3760,1856],[6,3776,1856],[9,4144,1856],[2,4160,1856,4336,1856],[2,0,1872,256,1872],[8,272,1872],[9,1584,1872],[2,1600,1872,1792,1872],[8,1808,1872],[7,2640,1872],[4,2656,1872,2704,1872],[6,2720,1872],[1,2736,1872],[11,2752,1872],[12,3120,1872],[1,3136,1872,3152,1872],[9,3152,1872],[2,3168,1872,3360,1872],[8,3376,1872],[13,3680,1872],[1,3696,1872,3760,1872],[14,3776,1872],[9,4144,1872],[2,4160,1872,4336,1872],[2,0,1888,256,1888],[8,272,1888],[9,1584,1888],[2,1600,1888,1792,1888],[8,1808,1888],[15,2160,1888],[16,2176,1888,2320,1888],[17,2336,1888],[13,2640,1888],[1,2656,1888,2720,1888],[11,2736,1888],[12,3136,1888],[9,3152,1888],[2,3168,1888,3360,1888],[8,3376,1888],[13,3680,1888],[1,3696,1888,3760,1888],[14,3776,1888],[9,4144,1888],[2,4160,1888,4336,1888],[2,0,1904,256,1904],[8,272,1904],[15,1456,1904],[16,1472,1904,1568,1904],[2,1584,1904],[19,1584,1904],[2,1600,1904,1808,1904],[18,1816,1904],[17,1824,1904],[15,2144,1904],[2,2160,1904],[19,2160,1904],[2,2176,1904,2320,1904],[8,2336,1904],[13,2640,1904],[1,2656,1904,2704,1904],[14,2720,1904],[9,3152,1904],[2,3168,1904,3360,1904],[8,3376,1904],[13,3680,1904],[1,3696,1904,3760,1904],[14,3776,1904],[9,4144,1904],[2,4160,1904,4336,1904],[2,0,1920,256,1920],[8,272,1920],[9,1456,1920],[2,1472,1920,1824,1920],[18,1832,1920],[17,1840,1920],[15,2128,1920],[2,2144,1920],[19,2144,1920],[2,2160,1920,2320,1920],[8,2336,1920],[13,2640,1920],[1,2656,1920,2704,1920],[14,2720,1920],[9,3152,1920],[2,3168,1920,3360,1920],[8,3376,1920],[12,3680,1920],[10,3696,1920,3760,1920],[11,3776,1920],[9,4144,1920],[2,4160,1920,4336,1920],[2,0,1936,256,1936],[8,272,1936],[9,1456,1936],[2,1472,1936,1840,1936],[18,1848,1936],[17,1856,1936],[15,2112,1936],[2,2128,1936],[19,2128,1936],[2,2144,1936,2320,1936],[8,2336,1936],[12,2640,1936],[10,2656,1936,2704,1936],[11,2720,1936],[9,3152,1936],[2,3168,1936,3360,1936],[8,3376,1936],[9,4144,1936],[2,4160,1936,4336,1936],[2,0,1952,256,1952],[8,272,1952],[9,1456,1952],[2,1472,1952,1856,1952],[18,1864,1952],[16,1872,1952,2096,1952],[2,2112,1952],[19,2112,1952],[2,2128,1952,2320,1952],[8,2336,1952],[9,3152,1952],[2,3168,1952,3360,1952],[8,3376,1952],[9,4144,1952],[2,4160,1952,4336,1952],[2,0,1968,256,1968],[8,272,1968],[15,416,1968],[16,432,1968,592,1968],[17,608,1968],[15,992,1968],[16,1008,1968,1296,1968],[17,1312,1968],[9,1456,1968],[2,1472,1968,2320,1968],[8,2336,1968],[9,3152,1968],[2,3168,1968,3360,1968],[8,3376,1968],[9,4144,1968],[2,4160,1968,4336,1968],[2,0,1984,256,1984],[8,272,1984],[9,416,1984],[2,432,1984,592,1984],[8,608,1984],[9,992,1984],[2,1008,1984,1296,1984],[8,1312,1984],[9,1456,1984],[2,1472,1984,2320,1984],[8,2336,1984],[9,3152,1984],[2,3168,1984,3360,1984],[8,3376,1984],[9,4144,1984],[2,4160,1984,4336,1984],[2,0,2000,256,2000],[8,272,2000],[9,416,2000],[2,432,2000,608,2000],[18,616,2000],[17,624,2000],[15,976,2000],[2,992,2000],[19,992,2000],[2,1008,2000,1296,2000],[8,1312,2000],[9,1456,2000],[2,1472,2000,2320,2000],[8,2336,2000],[9,3152,2000],[2,3168,2000,3360,2000],[8,3376,2000],[9,4144,2000],[2,4160,2000,4336,2000],[2,0,2016,256,2016],[8,272,2016],[9,416,2016],[2,432,2016,624,2016],[18,632,2016],[17,640,2016],[15,960,2016],[2,976,2016],[19,976,2016],[2,992,2016,1296,2016],[8,1312,2016],[9,1456,2016],[2,1472,2016,2320,2016],[8,2336,2016],[9,3152,2016],[2,3168,2016,3360,2016],[8,3376,2016],[9,4144,2016],[2,4160,2016,4336,2016],[2,0,2032,256,2032],[8,272,2032],[9,416,2032],[2,432,2032,640,2032],[18,648,2032],[17,656,2032],[15,944,2032],[2,960,2032],[19,960,2032],[2,976,2032,1296,2032],[8,1312,2032],[9,1456,2032],[2,1472,2032,2320,2032],[8,2336,2032],[9,3152,2032],[2,3168,2032,3360,2032],[8,3376,2032],[9,4144,2032],[2,4160,2032,4336,2032],[2,0,2048,256,2048],[8,272,2048],[9,416,2048],[2,432,2048,656,2048],[18,664,2048],[16,672,2048,928,2048],[2,944,2048],[19,944,2048],[2,960,2048,1296,2048],[8,1312,2048],[9,1456,2048],[2,1472,2048,2320,2048],[8,2336,2048],[9,3152,2048],[2,3168,2048,3360,2048],[8,3376,2048],[9,4144,2048],[2,4160,2048,4336,2048],[2,0,2064,256,2064],[8,272,2064],[9,416,2064],[2,432,2064,1296,2064],[8,1312,2064],[9,1456,2064],[2,1472,2064,2320,2064],[8,2336,2064],[9,3152,2064],[2,3168,2064,3360,2064],[8,3376,2064],[15,3680,2064],[16,3696,2064,3760,2064],[17,3776,2064],[9,4144,2064],[2,4160,2064,4336,2064],[2,0,2080,256,2080],[8,272,2080],[9,416,2080],[2,432,2080,1296,2080],[8,1312,2080],[9,1456,2080],[2,1472,2080,2336,2080],[18,2344,2080],[16,2352,2080,2704,2080],[17,2720,2080],[9,3152,2080],[2,3168,2080,3360,2080],[8,3376,2080],[9,3680,2080],[2,3696,2080,3760,2080],[8,3776,2080],[9,4144,2080],[2,4160,2080,4336,2080],[2,0,2096,256,2096],[8,272,2096],[9,416,2096],[2,432,2096,1296,2096],[8,1312,2096],[9,1456,2096],[2,1472,2096,2704,2096],[8,2720,2096],[9,3152,2096],[2,3168,2096,3360,2096],[8,3376,2096],[9,3680,2096],[2,3696,2096,3760,2096],[8,3776,2096],[9,4144,2096],[2,4160,2096,4336,2096],[2,0,2112,256,2112],[8,272,2112],[9,416,2112],[2,432,2112,1296,2112],[8,1312,2112],[9,1456,2112],[2,1472,2112,2704,2112],[8,2720,2112],[9,3152,2112],[2,3168,2112,3360,2112],[8,3376,2112],[9,3680,2112],[2,3696,2112,3760,2112],[8,3776,2112],[9,4144,2112],[2,4160,2112,4336,2112],[2,0,2128,256,2128],[8,272,2128],[9,416,2128],[2,432,2128,1296,2128],[8,1312,2128],[9,1456,2128],[2,1472,2128,2720,2128],[18,2728,2128],[17,2736,2128],[15,3136,2128],[2,3152,2128],[19,3152,2128],[2,3168,2128,3376,2128],[18,3384,2128],[16,3392,2128,3440,2128],[17,3456,2128],[15,3600,2128],[16,3616,2128,3664,2128],[2,3680,2128],[19,3680,2128],[2,3696,2128,3760,2128],[8,3776,2128],[9,4144,2128],[2,4160,2128,4336,2128],[2,0,2144,256,2144],[8,272,2144],[9,416,2144],[2,432,2144,1296,2144],[8,1312,2144],[9,1456,2144],[2,1472,2144,2736,2144],[18,2744,2144],[17,2752,2144],[15,3120,2144],[2,3136,2144],[19,3136,2144],[2,3152,2144,3440,2144],[8,3456,2144],[9,3600,2144],[2,3616,2144,3760,2144],[8,3776,2144],[9,4144,2144],[2,4160,2144,4336,2144],[2,0,2160,256,2160],[8,272,2160],[9,416,2160],[2,432,2160,1296,2160],[8,1312,2160],[9,1456,2160],[2,1472,2160,2752,2160],[18,2760,2160],[17,2768,2160],[15,3104,2160],[2,3120,2160],[19,3120,2160],[2,3136,2160,3440,2160],[8,3456,2160],[9,3600,2160],[2,3616,2160,3776,2160],[18,3784,2160],[16,3792,2160,3840,2160],[17,3856,2160],[15,4000,2160],[16,4016,2160,4128,2160],[2,4144,2160],[19,4144,2160],[2,4160,2160,4336,2160],[2,0,2176,256,2176],[8,272,2176],[9,416,2176],[2,432,2176,1296,2176],[8,1312,2176],[9,1456,2176],[2,1472,2176,2768,2176],[18,2776,2176],[17,2784,2176],[15,3088,2176],[2,3104,2176],[19,3104,2176],[2,3120,2176,3440,2176],[8,3456,2176],[9,3600,2176],[2,3616,2176,3840,2176],[8,3856,2176],[9,4000,2176],[2,4016,2176,4336,2176],[2,0,2192,192,2192],[3,200,2200],[4,208,2192,256,2192],[6,272,2192],[7,416,2192],[4,432,2192,512,2192],[2,528,2192],[5,528,2200],[2,544,2192,1296,2192],[8,1312,2192],[9,1456,2192],[2,1472,2192,2784,2192],[18,2792,2192],[16,2800,2192,2848,2192],[17,2864,2192],[15,3008,2192],[16,3024,2192,3072,2192],[2,3088,2192],[19,3088,2192],[2,3104,2192,3440,2192],[8,3456,2192],[9,3600,2192],[2,3616,2192,3840,2192],[8,3856,2192],[9,4000,2192],[2,4016,2192,4336,2192],[2,0,2208,176,2208],[3,184,2216],[6,192,2208],[1,208,2208,256,2208],[14,272,2208],[13,416,2208],[1,432,2208,528,2208],[7,528,2208],[2,544,2208],[5,544,2216],[2,560,2208,1152,2208],[3,1160,2216],[4,1168,2208,1296,2208],[6,1312,2208],[7,1456,2208],[4,1472,2208,1584,2208],[2,1600,2208],[5,1600,2216],[2,1616,2208,2848,2208],[8,2864,2208],[9,3008,2208],[2,3024,2208,3440,2208],[8,3456,2208],[9,3600,2208],[2,3616,2208,3840,2208],[8,3856,2208],[9,4000,2208],[2,4016,2208,4336,2208],[2,0,2224,160,2224],[3,168,2232],[6,176,2224],[1,192,2224,256,2224],[14,272,2224],[13,416,2224],[1,432,2224,544,2224],[7,544,2224],[2,560,2224],[5,560,2232],[2,576,2224,1136,2224],[8,1152,2224],[1,1168,2224,1296,2224],[14,1312,2224],[13,1456,2224],[1,1472,2224,1600,2224],[9,1600,2224],[2,1616,2224,2848,2224],[8,2864,2224],[9,3008,2224],[2,3024,2224,3440,2224],[8,3456,2224],[9,3600,2224],[2,3616,2224,3840,2224],[8,3856,2224],[9,4000,2224],[2,4016,2224,4336,2224],[2,0,2240,144,2240],[8,160,2240],[1,176,2240,256,2240],[14,272,2240],[13,416,2240],[1,432,2240,560,2240],[9,560,2240],[2,576,2240,1136,2240],[8,1152,2240],[1,1168,2240,1296,2240],[14,1312,2240],[13,1456,2240],[1,1472,2240,1600,2240],[9,1600,2240],[2,1616,2240,2848,2240],[8,2864,2240],[9,3008,2240],[2,3024,2240,3440,2240],[8,3456,2240],[9,3600,2240],[2,3616,2240,3840,2240],[8,3856,2240],[9,4000,2240],[2,4016,2240,4336,2240],[2,0,2256,144,2256],[8,160,2256],[1,176,2256,192,2256],[10,208,2256,256,2256],[11,272,2256],[12,416,2256],[10,432,2256,512,2256],[1,528,2256,560,2256],[9,560,2256],[2,576,2256,1136,2256],[8,1152,2256],[1,1168,2256,1296,2256],[14,1312,2256],[13,1456,2256],[1,1472,2256,1600,2256],[9,1600,2256],[2,1616,2256,2848,2256],[8,2864,2256],[9,3008,2256],[2,3024,2256,3440,2256],[8,3456,2256],[9,3600,2256],[2,3616,2256,3840,2256],[8,3856,2256],[9,4000,2256],[2,4016,2256,4336,2256],[2,0,2272,144,2272],[8,160,2272],[1,176,2272],[11,192,2272],[12,528,2272],[1,544,2272,560,2272],[9,560,2272],[2,576,2272,1136,2272],[8,1152,2272],[10,1168,2272,1296,2272],[11,1312,2272],[12,1456,2272],[10,1472,2272,1584,2272],[9,1600,2272],[2,1616,2272,2848,2272],[8,2864,2272],[9,3008,2272],[2,3024,2272,3440,2272],[8,3456,2272],[9,3600,2272],[2,3616,2272,3840,2272],[8,3856,2272],[9,4000,2272],[2,4016,2272,4336,2272],[2,0,2288,144,2288],[8,160,2288],[11,176,2288],[12,544,2288],[9,560,2288],[2,576,2288,1136,2288],[8,1152,2288],[9,1600,2288],[2,1616,2288,2848,2288],[8,2864,2288],[9,3008,2288],[2,3024,2288,3440,2288],[8,3456,2288],[9,3600,2288],[2,3616,2288,3840,2288],[8,3856,2288],[9,4000,2288],[2,4016,2288,4336,2288],[2,0,2304,144,2304],[8,160,2304],[7,560,2304],[4,576,2304,864,2304],[2,880,2304],[5,880,2312],[2,896,2304,1136,2304],[8,1152,2304],[9,1600,2304],[2,1616,2304,2848,2304],[8,2864,2304],[9,3008,2304],[2,3024,2304,3440,2304],[8,3456,2304],[9,3600,2304],[2,3616,2304,3840,2304],[8,3856,2304],[9,4000,2304],[2,4016,2304,4336,2304],[2,0,2320,144,2320],[8,160,2320],[13,560,2320],[1,576,2320,880,2320],[9,880,2320],[2,896,2320,1136,2320],[8,1152,2320],[9,1600,2320],[2,1616,2320,2848,2320],[3,2856,2328],[6,2864,2320],[7,3008,2320],[4,3024,2320,3088,2320],[2,3104,2320],[5,3104,2328],[2,3120,2320,3312,2320],[3,3320,2328],[4,3328,2320,3440,2320],[6,3456,2320],[9,3600,2320],[2,3616,2320,3840,2320],[8,3856,2320],[9,4000,2320],[2,4016,2320,4336,2320],[2,0,2336,144,2336],[8,160,2336],[13,560,2336],[1,576,2336,880,2336],[9,880,2336],[2,896,2336,1136,2336],[8,1152,2336],[9,1600,2336],[2,1616,2336,2832,2336],[3,2840,2344],[6,2848,2336],[14,2864,2336],[13,3008,2336],[1,3024,2336,3104,2336],[7,3104,2336],[2,3120,2336],[5,3120,2344],[2,3136,2336,3296,2336],[3,3304,2344],[6,3312,2336],[1,3328,2336,3440,2336],[14,3456,2336],[7,3600,2336],[2,3616,2336],[5,3616,2344],[2,3632,2336,3760,2336],[3,3768,2344],[4,3776,2336,3840,2336],[6,3856,2336],[7,4000,2336],[4,4016,2336,4080,2336],[2,4096,2336],[5,4096,2344],[2,4112,2336,4336,2336],[2,0,2352,144,2352],[8,160,2352],[13,560,2352],[1,576,2352,880,2352],[9,880,2352],[2,896,2352,1136,2352],[8,1152,2352],[9,1600,2352],[2,1616,2352,2816,2352],[3,2824,2360],[6,2832,2352],[1,2848,2352],[14,2864,2352],[13,3008,2352],[1,3024,2352,3120,2352],[7,3120,2352],[2,3136,2352],[5,3136,2360],[2,3152,2352,3280,2352],[3,3288,2360],[6,3296,2352],[1,3312,2352,3440,2352],[14,3456,2352],[13,3600,2352],[7,3616,2352],[2,3632,2352],[5,3632,2360],[2,3648,2352,3744,2352],[3,3752,2360],[6,3760,2352],[1,3776,2352,3840,2352],[14,3856,2352],[13,4000,2352],[1,4016,2352,4096,2352],[7,4096,2352],[2,4112,2352],[5,4112,2360],[2,4128,2352,4336,2352],[2,0,2368,144,2368],[8,160,2368],[12,560,2368],[10,576,2368,864,2368],[9,880,2368],[2,896,2368,1136,2368],[8,1152,2368],[9,1600,2368],[2,1616,2368,2800,2368],[8,2816,2368],[1,2832,2368,2848,2368],[14,2864,2368],[13,3008,2368],[1,3024,2368,3136,2368],[7,3136,2368],[4,3152,2368,3264,2368],[6"}]
42["map_chunk",{"run":"4ba1c3bcccfc17b19fc07bf2","index":11,"count":14,"text":",3280,2368],[1,3296,2368,3440,2368],[14,3456,2368],[13,3600,2368],[1,3616,2368,3632,2368],[9,3632,2368],[2,3648,2368,3728,2368],[3,3736,2376],[6,3744,2368],[1,3760,2368,3840,2368],[14,3856,2368],[13,4000,2368],[1,4016,2368,4112,2368],[7,4112,2368],[2,4128,2368],[5,4128,2376],[2,4144,2368,4336,2368],[2,0,2384,144,2384],[8,160,2384],[9,880,2384],[2,896,2384,1136,2384],[8,1152,2384],[9,1600,2384],[2,1616,2384,2800,2384],[8,2816,2384],[1,2832,2384,2848,2384],[11,2864,2384],[12,3008,2384],[10,3024,2384,3088,2384],[1,3104,2384,3312,2384],[10,3328,2384,3440,2384],[11,3456,2384],[13,3600,2384],[1,3616,2384,3632,2384],[7,3632,2384],[4,3648,2384,3712,2384],[6,3728,2384],[1,3744,2384,3840,2384],[14,3856,2384],[13,4000,2384],[1,4016,2384,4128,2384],[9,4128,2384],[2,4144,2384,4336,2384],[2,0,2400,144,2400],[8,160,2400],[9,880,2400],[2,896,2400,1136,2400],[8,1152,2400],[9,1600,2400],[2,1616,2400,2800,2400],[8,2816,2400],[1,2832,2400],[11,2848,2400],[12,3104,2400],[1,3120,2400,3296,2400],[11,3312,2400],[12,3600,2400],[1,3616,2400,3760,2400],[10,3776,2400,3840,2400],[11,3856,2400],[12,4000,2400],[10,4016,2400,4080,2400],[1,4096,2400,4128,2400],[9,4128,2400],[2,4144,2400,4336,2400],[2,0,2416,144,2416],[8,160,2416],[9,880,2416],[2,896,2416,1136,2416],[8,1152,2416],[9,1600,2416],[2,1616,2416,2800,2416],[8,2816,2416],[11,2832,2416],[12,3120,2416],[1,3136,2416,3280,2416],[11,3296,2416],[12,3616,2416],[1,3632,2416,3744,2416],[11,3760,2416],[12,4096,2416],[1,4112,2416,4128,2416],[9,4128,2416],[2,4144,2416,4336,2416],[2,0,2432,144,2432],[8,160,2432],[7,880,2432],[4,896,2432,912,2432],[2,928,2432],[5,928,2440],[2,944,2432,1136,2432],[8,1152,2432],[9,1600,2432],[2,1616,2432,2800,2432],[8,2816,2432],[12,3136,2432],[10,3152,2432,3264,2432],[11,3280,2432],[13,3632,2432],[1,3648,2432,3728,2432],[11,3744,2432],[12,4112,2432],[9,4128,2432],[2,4144,2432,4336,2432],[2,0,2448,144,2448],[8,160,2448],[13,880,2448],[1,896,2448,928,2448],[7,928,2448],[2,944,2448],[5,944,2456],[2,960,2448,1136,2448],[8,1152,2448],[9,1600,2448],[2,1616,2448,2800,2448],[8,2816,2448],[12,3632,2448],[10,3648,2448,3712,2448],[11,3728,2448],[9,4128,2448],[2,4144,2448,4336,2448],[2,0,2464,144,2464],[8,160,2464],[13,880,2464],[1,896,2464,944,2464],[7,944,2464],[2,960,2464],[5,960,2472],[2,976,2464,1136,2464],[8,1152,2464],[9,1600,2464],[2,1616,2464,2384,2464],[3,2392,2472],[4,2400,2464,2576,2464],[2,2592,2464],[5,2592,2472],[2,2608,2464,2800,2464],[8,2816,2464],[9,4128,2464],[2,4144,2464,4336,2464],[2,0,2480,144,2480],[8,160,2480],[13,880,2480],[1,896,2480,960,2480],[7,960,2480],[2,976,2480],[5,976,2488],[2,992,2480,1136,2480],[8,1152,2480],[9,1600,2480],[2,1616,2480,2368,2480],[3,2376,2488],[6,2384,2480],[1,2400,2480,2592,2480],[7,2592,2480],[2,2608,2480],[5,2608,2488],[2,2624,2480,2800,2480],[8,2816,2480],[9,4128,2480],[2,4144,2480,4336,2480],[2,0,2496,144,2496],[8,160,2496],[12,880,2496],[10,896,2496,912,2496],[1,928,2496,976,2496],[7,976,2496],[4,992,2496,1136,2496],[6,1152,2496],[9,1600,2496],[2,1616,2496,2352,2496],[3,2360,2504],[6,2368,2496],[1,2384,2496,2608,2496],[7,2608,2496],[2,2624,2496],[5,2624,2504],[2,2640,2496,2800,2496],[8,2816,2496],[9,4128,2496],[2,4144,2496,4336,2496],[2,0,2512,144,2512],[8,160,2512],[15,560,2512],[16,576,2512,608,2512],[17,624,2512],[12,928,2512],[1,944,2512,1136,2512],[14,1152,2512],[9,1600,2512],[2,1616,2512,2336,2512],[3,2344,2520],[6,2352,2512],[1,2368,2512,2624,2512],[7,2624,2512],[2,2640,2512],[5,2640,2520],[2,2656,2512,2800,2512],[8,2816,2512],[9,4128,2512],[2,4144,2512,4336,2512],[2,0,2528,144,2528],[8,160,2528],[9,560,2528],[2,576,2528,608,2528],[8,624,2528],[12,944,2528],[1,960,2528,1136,2528],[14,1152,2528],[9,1600,2528],[2,1616,2528,2320,2528],[8,2336,2528],[1,2352,2528,2384,2528],[10,2400,2528,2576,2528],[1,2592,2528,2640,2528],[7,2640,2528],[4,2656,2528,2800,2528],[6,2816,2528],[9,4128,2528],[2,4144,2528,4336,2528],[2,0,2544,144,2544],[8,160,2544],[9,560,2544],[2,576,2544,608,2544],[8,624,2544],[12,960,2544],[1,976,2544,1136,2544],[14,1152,2544],[9,1600,2544],[2,1616,2544,1792,2544],[3,1800,2552],[4,1808,2544,2080,2544],[2,2096,2544],[5,2096,2552],[2,2112,2544,2320,2544],[8,2336,2544],[1,2352,2544,2368,2544],[11,2384,2544],[12,2592,2544],[1,2608,2544,2800,2544],[14,2816,2544],[9,4128,2544],[2,4144,2544,4336,2544],[2,0,2560,144,2560],[8,160,2560],[9,560,2560],[2,576,2560,608,2560],[8,624,2560],[12,976,2560],[10,992,2560,1136,2560],[11,1152,2560],[9,1600,2560],[2,1616,2560,1776,2560],[3,1784,2568],[6,1792,2560],[1,1808,2560,2096,2560],[7,2096,2560],[2,2112,2560],[5,2112,2568],[2,2128,2560,2320,2560],[8,2336,2560],[1,2352,2560],[11,2368,2560],[12,2608,2560],[1,2624,2560,2800,2560],[14,2816,2560],[9,4128,2560],[2,4144,2560,4336,2560],[2,0,2576,144,2576],[8,160,2576],[9,560,2576],[2,576,2576,608,2576],[8,624,2576],[9,1600,2576],[2,1616,2576,1760,2576],[3,1768,2584],[6,1776,2576],[1,1792,2576,2112,2576],[7,2112,2576],[2,2128,2576],[5,2128,2584],[2,2144,2576,2320,2576],[8,2336,2576],[11,2352,2576],[12,2624,2576],[1,2640,2576,2800,2576],[14,2816,2576],[15,3136,2576],[16,3152,2576,3264,2576],[17,3280,2576],[9,4128,2576],[2,4144,2576,4336,2576],[2,0,2592,160,2592],[18,168,2592],[17,176,2592],[15,544,2592],[2,560,2592],[19,560,2592],[2,576,2592,608,2592],[8,624,2592],[9,1600,2592],[2,1616,2592,1744,2592],[3,1752,2600],[6,1760,2592],[1,1776,2592,2128,2592],[7,2128,2592],[4,2144,2592,2320,2592],[6,2336,2592],[12,2640,2592],[10,2656,2592,2800,2592],[11,2816,2592],[15,3120,2592],[2,3136,2592],[19,3136,2592],[2,3152,2592,3264,2592],[8,3280,2592],[15,3632,2592],[16,3648,2592,3712,2592],[17,3728,2592],[9,4128,2592],[2,4144,2592,4336,2592],[2,0,2608,176,2608],[18,184,2608],[17,192,2608],[15,528,2608],[2,544,2608],[19,544,2608],[2,560,2608,608,2608],[8,624,2608],[9,1600,2608],[2,1616,2608,1728,2608],[3,1736,2616],[6,1744,2608],[1,1760,2608,1792,2608],[10,1808,2608,2080,2608],[1,2096,2608,2320,2608],[14,2336,2608],[15,3104,2608],[2,3120,2608],[19,3120,2608],[2,3136,2608,3264,2608],[8,3280,2608],[9,3632,2608],[2,3648,2608,3712,2608],[8,3728,2608],[9,4128,2608],[2,4144,2608,4336,2608],[2,0,2624,192,2624],[18,200,2624],[16,208,2624,512,2624],[2,528,2624],[19,528,2624],[2,544,2624,608,2624],[8,624,2624],[9,1600,2624],[2,1616,2624,1712,2624],[8,1728,2624],[1,1744,2624,1776,2624],[11,1792,2624],[12,2096,2624],[1,2112,2624,2320,2624],[14,2336,2624],[15,3040,2624],[16,3056,2624,3088,2624],[2,3104,2624],[19,3104,2624],[2,3120,2624,3280,2624],[18,3288,2624],[17,3296,2624],[15,3616,2624],[2,3632,2624],[19,3632,2624],[2,3648,2624,3728,2624],[18,3736,2624],[17,3744,2624],[15,4112,2624],[2,4128,2624],[19,4128,2624],[2,4144,2624,4336,2624],[2,0,2640,608,2640],[8,624,2640],[15,1440,2640],[16,1456,2640,1584,2640],[2,1600,2640],[19,1600,2640],[2,1616,2640,1712,2640],[8,1728,2640],[1,1744,2640,1760,2640],[11,1776,2640],[12,2112,2640],[1,2128,2640,2320,2640],[14,2336,2640],[9,3040,2640],[2,3056,2640,3296,2640],[18,3304,2640],[17,3312,2640],[15,3600,2640],[2,3616,2640],[19,3616,2640],[2,3632,2640,3744,2640],[18,3752,2640],[17,3760,2640],[15,4096,2640],[2,4112,2640],[19,4112,2640],[2,4128,2640,4336,2640],[2,0,2656,608,2656],[8,624,2656],[9,1440,2656],[2,1456,2656,1712,2656],[8,1728,2656],[1,1744,2656],[11,1760,2656],[12,2128,2656],[10,2144,2656,2320,2656],[11,2336,2656],[9,3040,2656],[2,3056,2656,3312,2656],[18,3320,2656],[16,3328,2656,3584,2656],[2,3600,2656],[19,3600,2656],[2,3616,2656,3760,2656],[18,3768,2656],[16,3776,2656,4080,2656],[2,4096,2656],[19,4096,2656],[2,4112,2656,4336,2656],[2,0,2672,608,2672],[8,624,2672],[9,1440,2672],[2,1456,2672,1712,2672],[8,1728,2672],[11,1744,2672],[9,3040,2672],[2,3056,2672,4336,2672],[2,0,2688,608,2688],[8,624,2688],[9,1440,2688],[2,1456,2688,1712,2688],[8,1728,2688],[9,3040,2688],[2,3056,2688,4336,2688],[2,0,2704,608,2704],[8,624,2704],[15,992,2704],[16,1008,2704,1424,2704],[2,1440,2704],[19,1440,2704],[2,1456,2704,1712,2704],[8,1728,2704],[9,3040,2704],[2,3056,2704,4336,2704],[2,0,2720,624,2720],[18,632,2720],[17,640,2720],[15,976,2720],[2,992,2720],[19,992,2720],[2,1008,2720,1712,2720],[8,1728,2720],[9,3040,2720],[2,3056,2720,4336,2720],[2,0,2736,640,2736],[18,648,2736],[17,656,2736],[15,960,2736],[2,976,2736],[19,976,2736],[2,992,2736,1712,2736],[8,1728,2736],[15,2640,2736],[16,2656,2736,3024,2736],[2,3040,2736],[19,3040,2736],[2,3056,2736,4336,2736],[2,0,2752,656,2752],[18,664,2752],[17,672,2752],[15,944,2752],[2,960,2752],[19,960,2752],[2,976,2752,1712,2752],[8,1728,2752],[9,2640,2752],[2,2656,2752,4336,2752],[2,0,2768,672,2768],[18,680,2768],[17,688,2768],[15,928,2768],[2,944,2768],[19,944,2768],[2,960,2768,1712,2768],[8,1728,2768],[15,2624,2768],[2,2640,2768],[19,2640,2768],[2,2656,2768,4336,2768],[2,0,2784,688,2784],[18,696,2784],[16,704,2784,912,2784],[2,928,2784],[19,928,2784],[2,944,2784,1728,2784],[18,1736,2784],[17,1744,2784],[15,2608,2784],[2,2624,2784],[19,2624,2784],[2,2640,2784,4336,2784],[2,0,2800,1744,2800],[18,1752,2800],[17,1760,2800],[15,2128,2800],[16,2144,2800,2368,2800],[17,2384,2800],[15,2592,2800],[2,2608,2800],[19,2608,2800],[2,2624,2800,4336,2800],[2,0,2816,1760,2816],[18,1768,2816],[17,1776,2816],[15,2112,2816],[2,2128,2816],[19,2128,2816],[2,2144,2816,2384,2816],[18,2392,2816],[16,2400,2816,2576,2816],[2,2592,2816],[19,2592,2816],[2,2608,2816,4336,2816],[2,0,2832,1776,2832],[18,1784,2832],[17,1792,2832],[15,2096,2832],[2,2112,2832],[19,2112,2832],[2,2128,2832,4336,2832],[2,0,2848,1792,2848],[18,1800,2848],[16,1808,2848,2080,2848],[2,2096,2848],[19,2096,2848],[2,2112,2848,4336,2848],[2,0,2864,4336,2864],[2,0,2880,4336,2880],[2,0,2896,4336,2896],[2,0,2912,4336,2912],[2,0,2928,4336,2928],[2,0,2944,4336,2944],[2,0,2960,4336,2960],[2,0,2976,4336,2976],[2,0,2992,4336,2992],[2,0,3008,4336,3008],[2,0,3024,4336,3024],[2,0,3040,4336,3040],[2,0,3056,4336,3056],[24,384,208],[25,392,208],[26,400,208],[27,408,208],[26,416,208],[27,424,208],[26,432,208],[27,440,208],[26,448,208],[27,456,208],[28,464,208],[29,472,208],[30,384,216],[31,392,216],[32,400,216],[33,408,216],[32,416,216],[33,424,216],[32,432,216],[33,440,216],[32,448,216],[33,456,216],[34,464,216],[35,472,216],[36,384,224],[37,392,224],[38,400,224],[39,408,224],[38,416,224],[39,424,224],[38,432,224],[39,440,224],[38,448,224],[39,456,224],[40,464,224],[41,472,224],[30,384,232],[31,392,232],[32,400,232],[33,408,232],[32,416,232],[33,424,232],[32,432,232],[33,440,232],[32,448,232],[33,456,232],[34,464,232],[35,472,232],[36,384,240],[37,392,240],[38,400,240],[39,408,240],[38,416,240],[39,424,240],[38,432,240],[39,440,240],[38,448,240],[39,456,240],[40,464,240],[41,472,240],[30,384,248],[31,392,248],[32,400,248],[33,408,248],[32,416,248],[33,424,248],[32,432,248],[33,440,248],[32,448,248],[33,456,248],[34,464,248],[35,472,248],[36,384,256],[37,392,256],[38,400,256],[39,408,256],[38,416,256],[39,424,256],[38,432,256],[39,440,256],[38,448,256],[39,456,256],[40,464,256],[41,472,256],[42,384,264],[43,392,264],[44,400,264],[45,408,264],[44,416,264],[45,424,264],[44,432,264],[45,440,264],[44,448,264],[45,456,264],[46,464,264],[47,472,264],[50,224,2288],[51,232,2288],[52,240,2288],[51,248,2288],[52,256,2288],[51,264,2288],[52,272,2288],[51,280,2288],[52,288,2288],[51,296,2288],[52,304,2288],[53,312,2288],[54,224,2296],[55,232,2296],[56,240,2296],[55,248,2296],[56,256,2296],[55,264,2296],[56,272,2296],[55,280,2296],[56,288,2296],[55,296,2296],[56,304,2296],[57,312,2296],[58,224,2304],[59,232,2304],[60,240,2304],[59,248,2304],[60,256,2304],[59,264,2304],[60,272,2304],[59,280,2304],[60,288,2304],[59,296,2304],[60,304,2304],[61,312,2304],[54,224,2312],[55,232,2312],[56,240,2312],[55,248,2312],[56,256,2312],[55,264,2312],[56,272,2312],[55,280,2312],[56,288,2312],[55,296,2312],[56,304,2312],[57,312,2312],[58,224,2320],[59,232,2320],[60,240,2320],[59,248,2320],[60,256,2320],[59,264,2320],[60,272,2320],[59,280,2320],[60,288,2320],[59,296,2320],[60,304,2320],[61,312,2320],[54,224,2328],[55,232,2328],[56,240,2328],[55,248,2328],[56,256,2328],[55,264,2328],[56,272,2328],[55,280,2328],[56,288,2328],[55,296,2328],[56,304,2328],[57,"}]
42["map_chunk",{"run":"4ba1c3bcccfc17b19fc07bf2","index":12,"count":14,"text":"312,2328],[58,224,2336],[59,232,2336],[60,240,2336],[59,248,2336],[60,256,2336],[59,264,2336],[60,272,2336],[59,280,2336],[60,288,2336],[59,296,2336],[60,304,2336],[61,312,2336],[62,224,2344],[63,232,2344],[64,240,2344],[63,248,2344],[64,256,2344],[63,264,2344],[64,272,2344],[63,280,2344],[64,288,2344],[63,296,2344],[64,304,2344],[65,312,2344],[67,2056,320],[67,1928,336],[67,2968,344],[67,1032,368],[67,912,368],[67,2464,384],[67,3424,408],[67,1536,416],[67,3304,496],[67,3704,496],[67,3960,528],[67,4040,528],[67,424,576],[67,840,608],[67,3480,640],[67,3384,640],[67,784,816],[67,1384,856],[67,2488,960],[67,2360,1040],[67,2024,1056],[67,336,1088],[67,2008,1096],[67,3496,1112],[67,2152,1152],[67,2552,1152],[67,2936,1152],[67,3368,1168],[67,2920,1176],[67,3960,1200],[67,1960,1312],[67,344,1584],[67,1376,1648],[67,472,1680],[67,1544,1680],[67,1976,1720],[67,360,1760],[67,792,1800],[67,1832,1824],[67,2480,1848],[67,3520,1880],[67,3952,1896],[67,2928,1904],[67,4104,1968],[67,792,2000],[67,3400,2064],[67,3800,2080],[67,3016,2144],[67,352,2336],[67,1560,2352],[67,1368,2352],[67,3512,2400],[67,2968,2400],[67,3448,2416],[67,3920,2424],[67,2840,2464],[67,696,2512],[67,800,2536],[67,2480,2568],[67,408,2576],[67,2360,2608],[67,712,2736]],\"groups\":[[[48,360,248]],[[48,488,248]],[[48,200,2328]],[[48,328,2328]],[[48,352,300]],[[66,912,322]],[[66,2104,338]],[[68,920,344]],[[48,848,332]],[[69,792,343]],[[48,2192,336]],[[70,976,349]],[[69,2008,343]],[[66,3016,362]],[[69,264,359]],[[66,4032,370]],[[66,3936,370]],[[69,2920,367]],[[66,2400,386]],[[66,960,386]],[[69,3840,375]],[[48,2352,384]],[[69,864,391]],[[66,2512,402]],[[66,1552,418]],[[48,3712,400]],[[69,2416,407]],[[70,3368,413]],[[48,3488,400]],[[68,3402,420]],[[66,3472,426]],[[70,3384,421]],[[66,1584,434]],[[70,2408,429]],[[48,2528,416]],[[68,2442,436]],[[70,2424,437]],[[69,3376,431]],[[48,576,432]],[[48,2592,432]],[[69,3304,439]],[[69,4072,439]],[[69,1488,439]],[[70,1480,461]],[[48,1600,448]],[[68,1514,468]],[[70,1496,469]],[[71,576,500]],[[69,264,503]],[[71,1664,500]],[[66,1424,514]],[[71,2352,500]],[[48,1936,528]],[[48,2976,528]],[[66,2096,562]],[[71,2016,548]],[[66,2352,562]],[[66,384,594]],[[71,512,580]],[[66,2416,594]],[[48,1424,592]],[[71,944,612]],[[69,888,615]],[[48,1536,608]],[[48,1488,608]],[[71,800,788]],[[66,832,834]],[[66,960,850]],[[69,736,839]],[[66,1280,866]],[[66,1432,874]],[[69,1336,879]],[[69,952,887]],[[48,624,896]],[[70,1320,909]],[[48,1440,896]],[[68,1354,916]],[[70,1336,917]],[[69,1544,935]],[[66,2536,978]],[[66,960,994]],[[69,2440,983]],[[70,2424,1005]],[[48,2544,992]],[[68,2458,1012]],[[70,2440,1013]],[[71,672,1028]],[[66,720,1042]],[[48,848,1024]],[[69,1352,1047]],[[48,3456,1040]],[[66,432,1074]],[[48,2368,1088]],[[66,384,1106]],[[70,3432,1101]],[[48,3552,1088]],[[68,3466,1108]],[[66,2056,1114]],[[70,3448,1109]],[[69,288,1111]],[[70,280,1117]],[[48,400,1104]],[[68,314,1124]],[[70,296,1125]],[[69,1960,1119]],[[66,3544,1130]],[[69,3448,1135]],[[71,3632,1140]],[[69,1864,1159]],[[48,2496,1152]],[[66,2968,1194]],[[69,2872,1199]],[[66,4008,1218]],[[71,3376,1220]],[[69,3912,1223]],[[48,464,1232]],[[71,2160,1284]],[[71,3632,1284]],[[66,416,1314]],[[69,312,1303]],[[66,3056,1314]],[[71,4096,1300]],[[69,3832,1303]],[[66,2144,1330]],[[48,1920,1312]],[[71,4096,1348]],[[48,3552,1360]],[[69,3448,1367]],[[48,3600,1360]],[[71,2992,1380]],[[66,2944,1394]],[[69,344,1591]],[[66,392,1602]],[[69,296,1607]],[[69,472,1623]],[[66,1376,1634]],[[70,280,1645]],[[48,400,1632]],[[68,314,1652]],[[70,296,1653]],[[66,1424,1666]],[[48,1216,1664]],[[69,1328,1671]],[[70,1320,1677]],[[48,1440,1664]],[[68,1354,1684]],[[70,1336,1685]],[[66,2024,1738]],[[69,1928,1743]],[[71,224,1748]],[[69,1208,1751]],[[66,2128,1778]],[[71,1840,1780]],[[66,840,1818]],[[69,744,1823]],[[69,2120,1831]],[[48,2512,1840]],[[66,2832,1858]],[[66,2528,1866]],[[66,1296,1874]],[[69,2432,1871]],[[69,952,1879]],[[66,3568,1898]],[[71,3648,1892]],[[48,3408,1888]],[[70,2424,1901]],[[48,2544,1888]],[[68,2458,1908]],[[70,2440,1909]],[[69,3472,1903]],[[66,4000,1914]],[[66,2976,1922]],[[70,3464,1917]],[[48,3584,1904]],[[68,3498,1924]],[[70,3480,1925]],[[69,3904,1919]],[[66,640,1938]],[[69,2880,1927]],[[66,2368,1970]],[[48,2608,1968]],[[69,2408,2039]],[[69,2568,2039]],[[66,4112,2066]],[[48,2752,2080]],[[69,3592,2087]],[[66,3952,2130]],[[71,2816,2148]],[[66,496,2290]],[[66,400,2354]],[[70,1304,2349]],[[48,1424,2336]],[[68,1338,2356]],[[70,1320,2357]],[[48,416,2352]],[[66,1416,2370]],[[69,1320,2375]],[[71,528,2404]],[[66,3016,2418]],[[69,2920,2423]],[[66,3496,2434]],[[66,3968,2442]],[[71,1568,2436]],[[69,3400,2439]],[[69,3872,2447]],[[71,528,2452]],[[70,3384,2461]],[[48,3504,2448]],[[68,3418,2468]],[[70,3400,2469]],[[48,4096,2496]],[[48,768,2512]],[[69,3304,2519]],[[69,3752,2519]],[[71,1568,2532]],[[48,3104,2528]],[[66,848,2554]],[[48,3600,2544]],[[69,752,2559]],[[66,3760,2578]],[[66,2528,2586]],[[48,496,2576]],[[71,368,2580]],[[71,1568,2580]],[[66,2896,2594]],[[69,2432,2591]],[[71,960,2596]],[[69,1400,2599]],[[48,1504,2592]],[[71,1296,2596]],[[70,2424,2605]],[[48,2544,2592]],[[68,2458,2612]],[[70,2440,2613]],[[66,656,2626]],[[48,3456,2608]],[[66,3920,2626]],[[66,1984,2642]],[[69,1888,2647]],[[69,2360,2695]],[[48,2608,2688]],[[66,2128,2738]],[[66,784,2754]],[[69,1752,2743]],[[71,1920,2804]]],\"x_lines\":[[184,2312,2584],[200,2296,2312],[200,2584,2600],[216,1096,1304],[216,1592,1800],[216,2280,2296],[216,2600,2616],[224,2288,2352],[232,1080,1096],[232,1304,1320],[248,1064,1080],[248,1320,1336],[264,312,584],[280,296,312],[280,584,600],[296,280,296],[296,600,616],[296,1336,1592],[296,1800,2280],[320,2288,2352],[384,208,272],[408,1336,1592],[408,1960,2280],[456,1064,1080],[456,1320,1336],[472,1080,1096],[472,1304,1320],[480,208,272],[488,1096,1304],[504,1592,1848],[520,2280,2296],[520,2600,2616],[536,2296,2312],[536,2584,2600],[552,2312,2392],[552,2504,2584],[568,280,296],[568,600,616],[584,296,312],[584,584,600],[600,312,424],[600,536,584],[616,840,1016],[632,824,840],[632,1016,1032],[632,1832,1848],[632,1960,1992],[648,808,824],[648,1032,1048],[648,1816,1832],[648,1992,2008],[648,2504,2712],[664,792,808],[664,1048,1064],[664,1800,1816],[664,2008,2024],[664,2712,2728],[680,1784,1800],[680,2024,2040],[680,2728,2744],[696,2744,2760],[712,2760,2776],[744,536,792],[792,312,424],[856,648,792],[872,2392,2520],[920,2520,2536],[920,2760,2776],[936,792,808],[936,1048,1064],[936,1784,1800],[936,2024,2040],[936,2536,2552],[936,2744,2760],[952,808,824],[952,1032,1048],[952,1800,1816],[952,2008,2024],[952,2552,2568],[952,2728,2744],[968,824,840],[968,1016,1032],[968,1816,1832],[968,1992,2008],[968,2568,2584],[968,2712,2728],[984,840,872],[984,984,1016],[984,1832,1848],[984,1960,1992],[984,2696,2712],[1064,312,472],[1064,584,648],[1176,2296,2584],[1208,1624,1848],[1224,984,1032],[1240,1032,1048],[1256,1048,1064],[1272,856,872],[1272,1064,1080],[1336,584,856],[1336,1960,2296],[1416,440,472],[1432,424,440],[1432,2632,2696],[1448,408,424],[1448,648,856],[1448,1896,2296],[1528,856,872],[1528,1064,1080],[1544,872,888],[1544,1048,1064],[1560,888,904],[1560,1032,1048],[1576,904,1032],[1576,1624,1704],[1576,1816,1896],[1592,2296,2632],[1656,408,424],[1656,632,648],[1672,424,440],[1672,616,632],[1688,440,472],[1688,584,616],[1752,2696,2776],[1768,2680,2696],[1768,2776,2792],[1784,2664,2680],[1784,2792,2808],[1800,2648,2664],[1800,2808,2824],[1816,2632,2648],[1816,2824,2840],[1832,1816,1896],[1848,1896,1912],[1864,1064,1352],[1864,1912,1928],[1880,1928,1944],[1928,312,472],[1944,296,312],[1960,280,296],[1960,1016,1064],[1960,1352,1704],[2072,1352,1720],[2088,2632,2648],[2088,2824,2840],[2104,1720,1736],[2104,1928,1944],[2104,2648,2664],[2104,2808,2824],[2120,1736,1752],[2120,1912,1928],[2120,2664,2680],[2120,2792,2808],[2136,1752,1768],[2136,1896,1912],[2152,1880,1896],[2184,280,296],[2184,568,584],[2184,1128,1352],[2200,296,312],[2200,552,568],[2216,312,376],[2216,488,552],[2344,488,584],[2360,584,600],[2360,1880,2072],[2360,2600,2680],[2376,600,616],[2376,1000,1016],[2376,1128,1144],[2376,2584,2600],[2392,984,1000],[2392,1144,1160],[2392,2568,2584],[2408,968,984],[2408,1160,1176],[2408,2552,2568],[2408,2792,2808],[2424,616,968],[2424,1176,1192],[2536,616,952],[2552,1768,1848],[2584,376,392],[2584,600,616],[2584,952,968],[2584,1176,1192],[2584,2552,2568],[2584,2792,2808],[2600,584,600],[2600,968,984],[2600,1160,1176],[2600,2568,2584],[2600,2776,2792],[2616,504,584],[2616,984,1000],[2616,1144,1160],[2616,2584,2600],[2616,2760,2776],[2632,1000,1016],[2632,1128,1144],[2632,1848,1960],[2632,2600,2616],[2632,2728,2760],[2744,1912,1960],[2744,2072,2120],[2760,1896,1912],[2760,2120,2136],[2776,1880,1896],[2776,2136,2152],[2792,1224,1352],[2792,1864,1880],[2792,2152,2168],[2808,1128,1224],[2808,1352,1368],[2808,1848,1864],[2808,2168,2184],[2824,504,520],[2824,1368,1384],[2840,376,392],[2840,520,536],[2840,1384,1400],[2840,2440,2616],[2856,360,376],[2856,536,552],[2856,1400,1416],[2856,2424,2440],[2872,344,360],[2872,552,568],[2872,1416,1848],[2872,2408,2424],[2888,2184,2408],[2984,1016,1160],[2984,1416,1848],[3000,2184,2408],[3016,1160,1176],[3016,1400,1416],[3032,1176,1192],[3032,1384,1400],[3032,2616,2728],[3048,1192,1208],[3048,1368,1384],[3064,1208,1224],[3064,1352,1368],[3080,1336,1352],[3080,1848,1864],[3080,2168,2184],[3096,344,360],[3096,1864,1880],[3096,2152,2168],[3096,2408,2424],[3096,2600,2616],[3112,360,376],[3112,1880,1896],[3112,2136,2152],[3112,2424,2440],[3112,2584,2600],[3128,376,392],[3128,1896,1912],[3128,2120,2136],[3128,2440,2456],[3128,2568,2584],[3144,392,408],[3144,1912,2120],[3160,408,456],[3304,408,456],[3304,568,632],[3304,2440,2456],[3304,2568,2616],[3320,392,408],[3320,632,648],[3320,2424,2440],[3320,2616,2632],[3336,376,392],[3336,648,664],[3336,2408,2424],[3336,2632,2648],[3352,360,376],[3352,664,680],[3368,1080,1224],[3368,1336,1368],[3384,1064,1080],[3384,1368,1384],[3400,1048,1064],[3400,1384,1400],[3400,1864,2120],[3448,680,1048],[3480,2120,2408],[3528,360,376],[3544,376,392],[3560,392,408],[3560,632,1048],[3576,520,632],[3592,2120,2424],[3592,2632,2648],[3608,2424,2440],[3608,2616,2632],[3624,1048,1064],[3624,1384,1400],[3624,2440,2472],[3624,2584,2616],[3640,1064,1080],[3640,1368,1384],[3656,1080,1256],[3672,1864,1944],[3672,2056,2120],[3704,360,408],[3704,520,568],[3752,2456,2472],[3752,2584,2616],[3768,2440,2456],[3768,2616,2632],[3784,2424,2440],[3784,2632,2648],[3800,1864,1944],[3800,2056,2152],[3832,1240,1256],[3832,1368,1384],[3848,1224,1240],[3848,1384,1400],[3864,1208,1224],[3864,1400,1416],[3880,1192,1208],[3880,1416,1432],[3880,2152,2424],[3992,2152,2424],[4072,1192,1208],[4072,1416,1432],[4088,1208,1224],[4088,1400,1416],[4088,2424,2440],[4088,2632,2648],[4104,360,568],[4104,1224,1240],[4104,1384,1400],[4104,2440,2456],[4104,2616,2632],[4120,1240,1384],[4120,2456,2616],[4136,1864,2152]],\"y_lines\":[[208,384,480],[272,384,480],[280,296,568],[280,1960,2184],[296,280,296],[296,568,584],[296,1944,1960],[296,2184,2200],[312,264,280],[312,584,600],[312,792,1064],[312,1928,1944],[312,2200,2216],[344,2872,3096],[360,2856,2872],[360,3096,3112],[360,3352,3528],[360,3704,4104],[376,2216,2584],[376,2840,2856],[376,3112,3128],[376,3336,3352],[376,3528,3544],[392,2584,2840],[392,3128,3144],[392,3320,3336],[392,3544,3560],[408,1448,1656],[408,3144,3160],[408,3304,3320],[408,3560,3704],[424,600,792],[424,1432,1448],[424,1656,1672],[440,1416,1432],[440,1672,1688],[456,3160,3304],[472,1064,1416],[472,1688,1928],[488,2216,2344],[504,2616,2824],[520,2824,2840],[520,3576,3704],[536,600,744],[536,2840,2856],[552,2200,2216],[552,2856,2872],[568,2184,2200],[568,2872,3304],[568,3704,4104],[584,264,280],[584,584,600],[584,1064,1336],[584,1688,2184],[584,2344,2360],[584,2600,2616],[600,280,296],[600,568,584],[600,2360,2376],[600,2584,2600],[616,296,568],[616,1672,1688],[616,2376,2424],[616,2536,2584],[632,1656,1672],[632,3304,3320],[632,3560,3576],[648,856,1064],[648,1448,1656],[648,3320,3336],[664,3336,3352],[680,3352,3448],[792,664,744],[792,856,936],[808,648,664],[808,936,952],[824,632,648],[824,952"}]
42["map_chunk",{"run":"4ba1c3bcccfc17b19fc07bf2","index":13,"count":14,"text":",968],[840,616,632],[840,968,984],[856,1272,1336],[856,1448,1528],[872,984,1272],[872,1528,1544],[888,1544,1560],[904,1560,1576],[952,2536,2584],[968,2408,2424],[968,2584,2600],[984,984,1224],[984,2392,2408],[984,2600,2616],[1000,2376,2392],[1000,2616,2632],[1016,616,632],[1016,968,984],[1016,1960,2376],[1016,2632,2984],[1032,632,648],[1032,952,968],[1032,1224,1240],[1032,1560,1576],[1048,648,664],[1048,936,952],[1048,1240,1256],[1048,1544,1560],[1048,3400,3448],[1048,3560,3624],[1064,248,456],[1064,664,936],[1064,1256,1272],[1064,1528,1544],[1064,1864,1960],[1064,3384,3400],[1064,3624,3640],[1080,232,248],[1080,456,472],[1080,1272,1528],[1080,3368,3384],[1080,3640,3656],[1096,216,232],[1096,472,488],[1128,2184,2376],[1128,2632,2808],[1144,2376,2392],[1144,2616,2632],[1160,2392,2408],[1160,2600,2616],[1160,2984,3016],[1176,2408,2424],[1176,2584,2600],[1176,3016,3032],[1192,2424,2584],[1192,3032,3048],[1192,3880,4072],[1208,3048,3064],[1208,3864,3880],[1208,4072,4088],[1224,2792,2808],[1224,3064,3368],[1224,3848,3864],[1224,4088,4104],[1240,3832,3848],[1240,4104,4120],[1256,3656,3832],[1304,216,232],[1304,472,488],[1320,232,248],[1320,456,472],[1336,248,296],[1336,408,456],[1336,3080,3368],[1352,1864,1960],[1352,2072,2184],[1352,2792,2808],[1352,3064,3080],[1368,2808,2824],[1368,3048,3064],[1368,3368,3384],[1368,3640,3832],[1384,2824,2840],[1384,3032,3048],[1384,3384,3400],[1384,3624,3640],[1384,3832,3848],[1384,4104,4120],[1400,2840,2856],[1400,3016,3032],[1400,3400,3624],[1400,3848,3864],[1400,4088,4104],[1416,2856,2872],[1416,2984,3016],[1416,3864,3880],[1416,4072,4088],[1432,3880,4072],[1592,216,296],[1592,408,504],[1624,1208,1576],[1704,1576,1960],[1720,2072,2104],[1736,2104,2120],[1752,2120,2136],[1768,2136,2552],[1784,680,936],[1800,216,296],[1800,664,680],[1800,936,952],[1816,648,664],[1816,952,968],[1816,1576,1832],[1832,632,648],[1832,968,984],[1848,504,632],[1848,984,1208],[1848,2552,2632],[1848,2808,2872],[1848,2984,3080],[1864,2792,2808],[1864,3080,3096],[1864,3400,3672],[1864,3800,4136],[1880,2152,2360],[1880,2776,2792],[1880,3096,3112],[1896,1448,1576],[1896,1832,1848],[1896,2136,2152],[1896,2760,2776],[1896,3112,3128],[1912,1848,1864],[1912,2120,2136],[1912,2744,2760],[1912,3128,3144],[1928,1864,1880],[1928,2104,2120],[1944,1880,2104],[1944,3672,3800],[1960,408,632],[1960,984,1336],[1960,2632,2744],[1992,632,648],[1992,968,984],[2008,648,664],[2008,952,968],[2024,664,680],[2024,936,952],[2040,680,936],[2056,3672,3800],[2072,2360,2744],[2120,2744,2760],[2120,3128,3144],[2120,3400,3480],[2120,3592,3672],[2136,2760,2776],[2136,3112,3128],[2152,2776,2792],[2152,3096,3112],[2152,3800,3880],[2152,3992,4136],[2168,2792,2808],[2168,3080,3096],[2184,2808,2888],[2184,3000,3080],[2280,216,296],[2280,408,520],[2288,224,320],[2296,200,216],[2296,520,536],[2296,1176,1336],[2296,1448,1592],[2312,184,200],[2312,536,552],[2352,224,320],[2392,552,872],[2408,2872,2888],[2408,3000,3096],[2408,3336,3480],[2424,2856,2872],[2424,3096,3112],[2424,3320,3336],[2424,3592,3608],[2424,3784,3880],[2424,3992,4088],[2440,2840,2856],[2440,3112,3128],[2440,3304,3320],[2440,3608,3624],[2440,3768,3784],[2440,4088,4104],[2456,3128,3304],[2456,3752,3768],[2456,4104,4120],[2472,3624,3752],[2504,552,648],[2520,872,920],[2536,920,936],[2552,936,952],[2552,2408,2584],[2568,952,968],[2568,2392,2408],[2568,2584,2600],[2568,3128,3304],[2584,184,200],[2584,536,552],[2584,968,1176],[2584,2376,2392],[2584,2600,2616],[2584,3112,3128],[2584,3624,3752],[2600,200,216],[2600,520,536],[2600,2360,2376],[2600,2616,2632],[2600,3096,3112],[2616,216,520],[2616,2632,2840],[2616,3032,3096],[2616,3304,3320],[2616,3608,3624],[2616,3752,3768],[2616,4104,4120],[2632,1432,1592],[2632,1816,2088],[2632,3320,3336],[2632,3592,3608],[2632,3768,3784],[2632,4088,4104],[2648,1800,1816],[2648,2088,2104],[2648,3336,3592],[2648,3784,4088],[2664,1784,1800],[2664,2104,2120],[2680,1768,1784],[2680,2120,2360],[2696,984,1432],[2696,1752,1768],[2712,648,664],[2712,968,984],[2728,664,680],[2728,952,968],[2728,2632,3032],[2744,680,696],[2744,936,952],[2760,696,712],[2760,920,936],[2760,2616,2632],[2776,712,920],[2776,1752,1768],[2776,2600,2616],[2792,1768,1784],[2792,2120,2408],[2792,2584,2600],[2808,1784,1800],[2808,2104,2120],[2808,2408,2584],[2824,1800,1816],[2824,2088,2104],[2840,1816,2088]],\"animations\":[[49,360,246,360,246,120,0,20],[49,488,246,488,246,120,0,20],[49,200,2326,200,2326,120,0,20],[49,328,2326,328,2326,120,0,20],[49,352,298,352,298,120,0,20],[49,848,330,848,330,120,0,20],[49,2192,334,2192,334,120,0,20],[49,2352,382,2352,382,120,0,20],[49,3712,398,3712,398,120,0,20],[49,3488,398,3488,398,120,0,20],[49,2528,414,2528,414,120,0,20],[49,576,430,576,430,120,0,20],[49,2592,430,2592,430,120,0,20],[49,1600,446,1600,446,120,0,20],[49,1936,526,1936,526,120,0,20],[49,2976,526,2976,526,120,0,20],[49,1424,590,1424,590,120,0,20],[49,1536,606,1536,606,120,0,20],[49,1488,606,1488,606,120,0,20],[49,624,894,624,894,120,0,20],[49,1440,894,1440,894,120,0,20],[49,2544,990,2544,990,120,0,20],[49,848,1022,848,1022,120,0,20],[49,3456,1038,3456,1038,120,0,20],[49,2368,1086,2368,1086,120,0,20],[49,3552,1086,3552,1086,120,0,20],[49,400,1102,400,1102,120,0,20],[49,2496,1150,2496,1150,120,0,20],[49,464,1230,464,1230,120,0,20],[49,1920,1310,1920,1310,120,0,20],[49,3552,1358,3552,1358,120,0,20],[49,3600,1358,3600,1358,120,0,20],[49,400,1630,400,1630,120,0,20],[49,1216,1662,1216,1662,120,0,20],[49,1440,1662,1440,1662,120,0,20],[49,2512,1838,2512,1838,120,0,20],[49,3408,1886,3408,1886,120,0,20],[49,2544,1886,2544,1886,120,0,20],[49,3584,1902,3584,1902,120,0,20],[49,2608,1966,2608,1966,120,0,20],[49,2752,2078,2752,2078,120,0,20],[49,1424,2334,1424,2334,120,0,20],[49,416,2350,416,2350,120,0,20],[49,3504,2446,3504,2446,120,0,20],[49,4096,2494,4096,2494,120,0,20],[49,768,2510,768,2510,120,0,20],[49,3104,2526,3104,2526,120,0,20],[49,3600,2542,3600,2542,120,0,20],[49,496,2574,496,2574,120,0,20],[49,1504,2590,1504,2590,120,0,20],[49,2544,2590,2544,2590,120,0,20],[49,3456,2606,3456,2606,120,0,20],[49,2608,2686,2608,2686,120,0,20]],\"min_x\":0,\"min_y\":0,\"max_x\":4352,\"max_y\":3072}}},{\"key\":\"zone_4ba1c3bcccfc17b19fc07bf2_1\",\"definition\":{\"name\":\"Cave of Many Dreams\",\"instance\":true,\"irregular\":true,\"pvp\":false,\"spawns\":[[400,288],[3904,2656]],\"doors\":[[400,240,96,80,\"zone_4ba1c3bcccfc17b19fc07bf2_0\",1,0,\"ordinary\"],[3904,2608,96,80,\"zone_4ba1c3bcccfc17b19fc07bf2_2\",0,1,\"ordinary\"]],\"npcs\":[],\"monsters\":[],\"ref\":{},\"items\":{},\"merchants\":[],\"on_death\":[\"main\",20],\"on_exit\":[\"main\",20],\"generated\":{\"run\":\"4ba1c3bcccfc17b19fc07bf2\",\"floor\":1,\"version\":1,\"zone\":\"dreams\"},\"rooms\":[{\"id\":0,\"kind\":\"orrin\",\"x\":408,\"y\":400,\"bounds\":[208,224,608,576]},{\"id\":1,\"kind\":\"cavern\",\"x\":952,\"y\":624,\"bounds\":[800,512,1104,736]},{\"id\":2,\"kind\":\"cavern\",\"x\":440,\"y\":1264,\"bounds\":[240,1088,640,1440]},{\"id\":3,\"kind\":\"cavern\",\"x\":960,\"y\":1160,\"bounds\":[816,1008,1104,1312]},{\"id\":4,\"kind\":\"rest\",\"x\":1392,\"y\":520,\"bounds\":[1216,336,1568,704]},{\"id\":5,\"kind\":\"nela\",\"x\":1992,\"y\":616,\"bounds\":[1824,496,2160,736]},{\"id\":6,\"kind\":\"cavern\",\"x\":1472,\"y\":1312,\"bounds\":[1232,1184,1712,1440]},{\"id\":7,\"kind\":\"cavern\",\"x\":2016,\"y\":1408,\"bounds\":[1872,1248,2160,1568]},{\"id\":8,\"kind\":\"cavern\",\"x\":440,\"y\":1928,\"bounds\":[288,1760,592,2096]},{\"id\":9,\"kind\":\"cavern\",\"x\":912,\"y\":1920,\"bounds\":[736,1792,1088,2048]},{\"id\":10,\"kind\":\"cavern\",\"x\":416,\"y\":2656,\"bounds\":[240,2544,592,2768]},{\"id\":11,\"kind\":\"cavern\",\"x\":832,\"y\":2712,\"bounds\":[688,2576,976,2848]},{\"id\":12,\"kind\":\"cavern\",\"x\":1504,\"y\":2096,\"bounds\":[1360,1952,1648,2240]},{\"id\":13,\"kind\":\"cavern\",\"x\":1992,\"y\":1944,\"bounds\":[1776,1776,2208,2112]},{\"id\":14,\"kind\":\"cavern\",\"x\":1416,\"y\":2664,\"bounds\":[1248,2544,1584,2784]},{\"id\":15,\"kind\":\"cavern\",\"x\":2016,\"y\":2672,\"bounds\":[1808,2560,2224,2784]},{\"id\":16,\"kind\":\"cavern\",\"x\":2536,\"y\":544,\"bounds\":[2384,352,2688,736]},{\"id\":17,\"kind\":\"cavern\",\"x\":2944,\"y\":664,\"bounds\":[2800,528,3088,800]},{\"id\":18,\"kind\":\"cavern\",\"x\":2472,\"y\":1352,\"bounds\":[2336,1184,2608,1520]},{\"id\":19,\"kind\":\"cavern\",\"x\":2888,\"y\":1328,\"bounds\":[2704,1152,3072,1504]},{\"id\":20,\"kind\":\"cavern\",\"x\":3328,\"y\":400,\"bounds\":[3184,272,3472,528]},{\"id\":21,\"kind\":\"cavern\",\"x\":3952,\"y\":448,\"bounds\":[3776,288,4128,608]},{\"id\":22,\"kind\":\"cavern\",\"x\":3360,\"y\":1136,\"bounds\":[3184,944,3536,1328]},{\"id\":23,\"kind\":\"cavern\",\"x\":3920,\"y\":1384,\"bounds\":[3712,1216,4128,1552]},{\"id\":24,\"kind\":\"cavern\",\"x\":2496,\"y\":1920,\"bounds\":[2352,1760,2640,2080]},{\"id\":25,\"kind\":\"cavern\",\"x\":2984,\"y\":1944,\"bounds\":[2816,1808,3152,2080]},{\"id\":26,\"kind\":\"cavern\",\"x\":2472,\"y\":2696,\"bounds\":[2320,2544,2624,2848]},{\"id\":27,\"kind\":\"cavern\",\"x\":3032,\"y\":2752,\"bounds\":[2848,2640,3216,2864]},{\"id\":28,\"kind\":\"cavern\",\"x\":3528,\"y\":1864,\"bounds\":[3344,1696,3712,2032]},{\"id\":29,\"kind\":\"cavern\",\"x\":3992,\"y\":1984,\"bounds\":[3840,1824,4144,2144]},{\"id\":30,\"kind\":\"cavern\",\"x\":3568,\"y\":2624,\"bounds\":[3376,2464,3760,2784]},{\"id\":31,\"kind\":\"descent\",\"x\":4000,\"y\":2688,\"bounds\":[3808,2512,4192,2864]}]}},{\"key\":\"zone_4ba1c3bcccfc17b19fc07bf2_2\",\"definition\":{\"name\":\"Cave of Many Dreams\",\"instance\":true,\"irregular\":true,\"pvp\":false,\"spawns\":[[400,384]],\"doors\":[[400,336,96,80,\"zone_4ba1c3bcccfc17b19fc07bf2_1\",1,0,\"ordinary\"]],\"npcs\":[],\"monsters\":[],\"ref\":{},\"items\":{},\"merchants\":[],\"on_death\":[\"main\",20],\"on_exit\":[\"main\",20],\"generated\":{\"run\":\"4ba1c3bcccfc17b19fc07bf2\",\"floor\":2,\"version\":1,\"zone\":\"dreams\"},\"rooms\":[{\"id\":0,\"kind\":\"arrival\",\"x\":400,\"y\":488,\"bounds\":[208,320,592,656]},{\"id\":1,\"kind\":\"cavern\",\"x\":920,\"y\":440,\"bounds\":[752,320,1088,560]},{\"id\":2,\"kind\":\"cavern\",\"x\":424,\"y\":1040,\"bounds\":[224,864,624,1216]},{\"id\":3,\"kind\":\"cavern\",\"x\":944,\"y\":1152,\"bounds\":[800,1008,1088,1296]},{\"id\":4,\"kind\":\"cavern\",\"x\":1336,\"y\":560,\"bounds\":[1184,448,1488,672]},{\"id\":5,\"kind\":\"cavern\",\"x\":1776,\"y\":568,\"bounds\":[1632,384,1920,752]},{\"id\":6,\"kind\":\"cavern\",\"x\":1424,\"y\":1176,\"bounds\":[1280,1056,1568,1296]},{\"id\":7,\"kind\":\"cavern\",\"x\":1824,\"y\":1064,\"bounds\":[1696,928,1952,1200]},{\"id\":8,\"kind\":\"bran\",\"x\":352,\"y\":1824,\"bounds\":[224,1632,480,2016]},{\"id\":9,\"kind\":\"cavern\",\"x\":736,\"y\":1928,\"bounds\":[576,1808,896,2048]},{\"id\":10,\"kind\":\"cavern\",\"x\":544,\"y\":2384,\"bounds\":[336,2272,752,2496]},{\"id\":11,\"kind\":\"cavern\",\"x\":680,\"y\":2744,\"bounds\":[448,2640,912,2848]},{\"id\":12,\"kind\":\"cavern\",\"x\":1320,\"y\":1616,\"bounds\":[1168,1472,1472,1760]},{\"id\":13,\"kind\":\"cavern\",\"x\":1776,\"y\":2048,\"bounds\":[1600,1936,1952,2160]},{\"id\":14,\"kind\":\"cavern\",\"x\":1248,\"y\":2544,\"bounds\":[1024,2432,1472,2656]},{\"id\":15,\"kind\":\"cavern\",\"x\":1768,\"y\":2464,\"bounds\":[1584,2336,1952,2592]},{\"id\":16,\"kind\":\"cavern\",\"x\":2248,\"y\":704,\"bounds\":[2096,512,2400,896]},{\"id\":17,\"kind\":\"cavern\",\"x\":2768,\"y\":392,\"bounds\":[2560,256,2976,528]},{\"id\":18,\"kind\":\"cavern\",\"x\":2320,\"y\":1272,\"bounds\":[2128,1104,2512,1440]},{\"id\":19,\"kind\":\"cavern\",\"x\":2848,\"y\":1248,\"bounds\":[2704,1104,2992,1392]},{\"id\":20,\"kind\":\"cavern\",\"x\":3336,\"y\":688,\"bounds\":[3184,560,3488,816]},{\"id\":21,\"kind\":\"cavern\",\"x\":3824,\"y\":488,\"bounds\":[3632,336,4016,640]},{\"id\":22,\"kind\":\"cavern\",\"x\":3304,\"y\":1208,\"bounds\":[3152,1024,3456,1392]},{\"id\":23,\"kind\":\"cavern\",\"x\":3928,\"y\":1200,\"bounds\":[3712,1024,4144,1376]},{\"id\":24,\"kind\":\"cavern\",\"x\":2232,\"y\":1960,\"bounds\":[2048,1808,2416,2112]},{\"id\":25,\"kind\":\"cavern\",\"x\":2792,\"y\":1888,\"bounds\":[2592,1728,2992,2048]},{\"id\":26,\"kind\":\"cavern\",\"x\":2248,\"y\":2584,\"bounds\":[2064,2464,2432,2704]},{\"id\":27,\"kind\":\"cavern\",\"x\":2784,\"y\":2424,\"bounds\":[2560,2304,3008,2544]},{\"id\":28,\"kind\":\"cavern\",\"x\":3296,\"y\":1936,\"bounds\":[3152,1824,3440,2048]},{\"id\":29,\"kind\":\"cavern\",\"x\":3952,\"y\":1768,\"bounds\":[3776,1600,4128,1936]},{\"id\":30,\"kind\":\"cavern\",\"x\":3464,\"y\":2384,\"bounds\":[3280,2208,3648,2560]},{\"id\":31,\"kind\":\"cavern\",\"x\":3984,\"y\":2672,\"bounds\":[3824,2544,4144,2800]}]}}]}"}]

// why did this disappear happen for ourself
42["disappear",{"id":"Ranzair","reason":"transport","to":"zone_4ba1c3bcccfc17b19fc07bf2_0","s":0,"effect":1}]

// cave stuff on start
42["new_map",{"name":"zone_4ba1c3bcccfc17b19fc07bf2_0","in":"zone_4ba1c3bcccfc17b19fc07bf2_0","x":432,"y":336,"effect":1,"info":{"zone":{"run":"4ba1c3bcccfc17b19fc07bf2","floor":0,"expires":1790768695676}},"m":1,"entities":{"players":[{"hp":4282,"max_hp":4282,"mp":1220,"max_mp":1280,"xp":94378139,"attack":859,"heal":0,"frequency":1.1412539107051303,"speed":65,"range":151,"armor":217,"resistance":274,"level":66,"rip":false,"afk":false,"s":{"newcomersblessing":{"ms":1456977,"f":"Huang1"},"encouragement_lonewolf":{"gold_multiplier":3,"xp_multiplier":3,"luck_multiplier":3},"penalty_cd":{"ms":812}},"c":{},"q":{},"age":316,"pdps":0,"id":"Ranzair","x":432,"y":336,"moving":false,"going_x":816,"going_y":1200,"cid":7,"guild":null,"skin":"mbody2b","cx":{"head":"makeup105","makeup":"facemakeup02","upper":"marmor5a"},"slots":{"ring1":{"name":"ringsj","level":3},"ring2":{"name":"ringsj","level":3},"earring1":{"name":"dexearring","level":1,"p":null},"earring2":{"name":"dexearring","level":1,"p":null},"belt":{"name":"santasbelt","level":0},"mainhand":{"name":"firebow","level":6,"acc":1},"offhand":{"name":"quiver","level":6,"p":"shiny"},"helmet":{"name":"wcap","level":8,"stat_type":"dex"},"chest":{"name":"coat1","level":8,"stat_type":"dex"},"pants":{"name":"pants","level":6,"stat_type":"dex","acc":30,"ach":"gooped"},"shoes":{"name":"wshoes","level":7,"stat_type":"dex"},"gloves":{"name":"gloves1","level":8,"stat_type":"dex"},"amulet":{"name":"dexamulet","level":2,"p":null},"orb":null,"elixir":null,"cape":{"name":"cape","level":5,"stat_type":"dex"}},"tp":true,"ctype":"ranger","owner":"US_5528717321568256"}],"monsters":[],"type":"all","in":"zone_4ba1c3bcccfc17b19fc07bf2_0","map":"zone_4ba1c3bcccfc17b19fc07bf2_0"}}]
42["player",{"hp":4282,"max_hp":4282,"mp":1220,"max_mp":1280,"xp":94378139,"attack":859,"heal":0,"frequency":1.1412539107051303,"speed":65,"range":151,"armor":217,"resistance":274,"level":66,"rip":false,"afk":false,"s":{"newcomersblessing":{"ms":1456977,"f":"Huang1"},"encouragement_lonewolf":{"gold_multiplier":3,"xp_multiplier":3,"luck_multiplier":3},"penalty_cd":{"ms":812}},"c":{},"q":{},"age":316,"pdps":0,"id":"Ranzair","x":432,"y":336,"moving":false,"going_x":816,"going_y":1200,"cid":8,"guild":null,"skin":"mbody2b","cx":{"head":"makeup105","makeup":"facemakeup02","upper":"marmor5a"},"slots":{"ring1":{"name":"ringsj","level":3},"ring2":{"name":"ringsj","level":3},"earring1":{"name":"dexearring","level":1,"p":null},"earring2":{"name":"dexearring","level":1,"p":null},"belt":{"name":"santasbelt","level":0},"mainhand":{"name":"firebow","level":6,"acc":1},"offhand":{"name":"quiver","level":6,"p":"shiny"},"helmet":{"name":"wcap","level":8,"stat_type":"dex"},"chest":{"name":"coat1","level":8,"stat_type":"dex"},"pants":{"name":"pants","level":6,"stat_type":"dex","acc":30,"ach":"gooped"},"shoes":{"name":"wshoes","level":7,"stat_type":"dex"},"gloves":{"name":"gloves1","level":8,"stat_type":"dex"},"amulet":{"name":"dexamulet","level":2,"p":null},"orb":null,"elixir":null,"cape":{"name":"cape","level":5,"stat_type":"dex"}},"tp":true,"ctype":"ranger","owner":"US_5528717321568256","int":44,"str":32,"dex":214,"vit":39,"for":7,"mp_cost":15,"mp_reduction":0,"max_xp":140000000,"goldm":1.355,"xpm":1.3,"luckm":1.25,"encouragement":{"totals":{"gold":3,"xp":3,"luck":3},"statuses":[{"id":"encouragement_new","active":false,"reason":"expired"},{"id":"encouragement_lonewolf","active":true,"reason":"active"},{"id":"encouragement_returning","active":false,"reason":"away"}],"characterCount":7,"blocked":false,"groupReady":true},"anniversary":{"realm":"EU PVP","round":null,"target":null,"reason":"no_round"},"map":"zone_4ba1c3bcccfc17b19fc07bf2_0","in":"zone_4ba1c3bcccfc17b19fc07bf2_0","isize":42,"esize":4,"gold":7002110,"cash":1,"targets":0,"m":1,"evasion":4,"miss":0,"reflection":0,"lifesteal":0,"manasteal":0,"rpiercing":0,"apiercing":2,"crit":0,"critdamage":0,"dreturn":0,"tax":0.025,"xrange":25,"pnresistance":10,"firesistance":0,"fzresistance":0,"phresistance":0,"stresistance":0,"incdmgamp":0,"stun":0,"blast":0,"explosion":0,"courage":2,"mcourage":2,"pcourage":2,"fear":0,"items":[{"name":"strearring","level":0},{"name":"anniversarygift","q":18},{"name":"ringsj","level":0},{"name":"cave_counterweight","level":0,"p":"cavefound"},{"name":"gem0","q":1},{"name":"ashleaf","q":2},{"name":"cave_locktooth","level":0,"p":"cavefound"},{"name":"beewings","q":1},{"name":"wshoes","level":0},{"name":"wgloves","level":0},null,{"name":"wgloves","level":0},{"name":"wgloves","level":0},{"name":"ringsj","level":1,"p":null},{"name":"wbook0","level":1,"p":null},{"name":"cave_mothsteps","level":0,"p":"cavefound"},{"name":"cave_locktooth","level":0,"p":"cavefound"},null,{"name":"spidersilk","q":2,"p":"cavefound"},{"name":"wgloves","level":0},{"name":"cave_mothsteps","level":0,"p":"cavefound"},null,{"name":"ringsj","level":1,"p":null},{"name":"wshoes","level":0},{"name":"staff","level":5},{"name":"gloves1","level":0},{"name":"wbook0","level":1,"p":null},{"name":"wbook0","level":0},{"name":"glolipop","level":0},{"name":"wattire","level":0},{"name":"dexring","level":0},{"name":"staff","level":0,"gift":1},{"name":"stormfeather","q":21},{"name":"wcap","level":0},{"name":"wbook0","level":0},{"name":"bow","level":7},null,{"name":"t2bow","level":0,"p":"shiny"},{"name":"bwing","q":36},{"name":"hpot1","q":6137},{"name":"mpot1","q":5476},{"name":"tracker","l":"l"}],"cc":8}]
42["cave",{"type":"state","state":{"run":"4ba1c3bcccfc17b19fc07bf2","expires":1790768695676,"server_time":1790767255738,"remaining_ms":1439938,"paused":false,"paused_at":null,"rewards":[],"level":66,"floor":0,"gold":0,"amber":0,"limits":{"gold":60000,"amber":36,"gold_spawned":0,"amber_spawned":0},"supplies":[],"roster":[{"name":"Ranzair","left":false,"disconnected":false}],"doors":[{"id":0,"x":432,"y":336,"map":"zone_4ba1c3bcccfc17b19fc07bf2_0","to":"main","down":false,"locked":false},{"id":1,"x":272,"y":2416,"map":"zone_4ba1c3bcccfc17b19fc07bf2_0","to":"zone_4ba1c3bcccfc17b19fc07bf2_1","down":true,"locked":true}],"objectives":[{"id":"0:shop","x":432,"y":448,"done":false,"floor":0,"kind":"encounter","required":false,"name":"The Shop with One Item","name_message":{"phrase":"event.dreams.e31.name","phrase_args":{"npc":{"phrase":"server.cave.traveler"},"rival":{"phrase":"server.cave.rival"}}}},{"id":"0:farm:1","x":928,"y":480,"done":false,"floor":0,"kind":"farm","required":false,"waves":0,"name":"Amber Nest","name_message":{"phrase":"event.dreams.camp.0.0.name"}},{"id":"0:farm:31","x":3936,"y":2536,"done":false,"floor":0,"kind":"farm","required":false,"waves":0,"name":"Amber Nest","name_message":{"phrase":"event.dreams.camp.0.0.name"}},{"id":"0:0","x":800,"y":928,"done":false,"floor":0,"kind":"fight","required":true,"name":"Guard camp","name_message":{"phrase":"server.cave.guard_camp"}},{"id":"0:1","x":2480,"y":496,"done":false,"floor":0,"kind":"encounter","required":true,"name":"The Prisoner and the Captain","name_message":{"phrase":"event.dreams.e25.name","phrase_args":{"npc":{"phrase":"server.cave.traveler"},"rival":{"phrase":"server.cave.rival"}}}},{"id":"0:2","x":2496,"y":2680,"done":false,"floor":0,"kind":"boss","required":true,"name":"Lockbreaker"}],"choice":null,"hunts":[],"practice":[]}}]
42["game_response",{"response":"data","place":"interaction","interaction":"cave","request_id":"TLnwTQKt4dQixM56KBOledtEhNXuQd","success":true,"run":"4ba1c3bcccfc17b19fc07bf2","expires":1790768695676,"level":66}]
42["player",{"hp":4282,"max_hp":4282,"mp":1220,"max_mp":1280,"xp":94378139,"attack":859,"heal":0,"frequency":1.1412539107051303,"speed":65,"range":151,"armor":217,"resistance":274,"level":66,"rip":false,"afk":false,"s":{"newcomersblessing":{"ms":1456977,"f":"Huang1"},"encouragement_lonewolf":{"gold_multiplier":3,"xp_multiplier":3,"luck_multiplier":3},"penalty_cd":{"ms":812}},"c":{},"q":{},"age":316,"pdps":0,"id":"Ranzair","x":432,"y":336,"moving":false,"going_x":432,"going_y":336,"cid":9,"guild":null,"skin":"mbody2b","cx":{"head":"makeup105","makeup":"facemakeup02","upper":"marmor5a"},"slots":{"ring1":{"name":"ringsj","level":3},"ring2":{"name":"ringsj","level":3},"earring1":{"name":"dexearring","level":1,"p":null},"earring2":{"name":"dexearring","level":1,"p":null},"belt":{"name":"santasbelt","level":0},"mainhand":{"name":"firebow","level":6,"acc":1},"offhand":{"name":"quiver","level":6,"p":"shiny"},"helmet":{"name":"wcap","level":8,"stat_type":"dex"},"chest":{"name":"coat1","level":8,"stat_type":"dex"},"pants":{"name":"pants","level":6,"stat_type":"dex","acc":30,"ach":"gooped"},"shoes":{"name":"wshoes","level":7,"stat_type":"dex"},"gloves":{"name":"gloves1","level":8,"stat_type":"dex"},"amulet":{"name":"dexamulet","level":2,"p":null},"orb":null,"elixir":null,"cape":{"name":"cape","level":5,"stat_type":"dex"}},"tp":true,"ctype":"ranger","owner":"US_5528717321568256","int":44,"str":32,"dex":214,"vit":39,"for":7,"mp_cost":15,"mp_reduction":0,"max_xp":140000000,"goldm":1.355,"xpm":1.3,"luckm":1.25,"encouragement":{"totals":{"gold":3,"xp":3,"luck":3},"statuses":[{"id":"encouragement_new","active":false,"reason":"expired"},{"id":"encouragement_lonewolf","active":true,"reason":"active"},{"id":"encouragement_returning","active":false,"reason":"away"}],"characterCount":7,"blocked":false,"groupReady":true},"anniversary":{"realm":"EU PVP","round":null,"target":null,"reason":"no_round"},"map":"zone_4ba1c3bcccfc17b19fc07bf2_0","in":"zone_4ba1c3bcccfc17b19fc07bf2_0","isize":42,"esize":4,"gold":7002110,"cash":1,"targets":0,"m":1,"evasion":4,"miss":0,"reflection":0,"lifesteal":0,"manasteal":0,"rpiercing":0,"apiercing":2,"crit":0,"critdamage":0,"dreturn":0,"tax":0.025,"xrange":25,"pnresistance":10,"firesistance":0,"fzresistance":0,"phresistance":0,"stresistance":0,"incdmgamp":0,"stun":0,"blast":0,"explosion":0,"courage":2,"mcourage":2,"pcourage":2,"fear":0,"items":[{"name":"strearring","level":0},{"name":"anniversarygift","q":18},{"name":"ringsj","level":0},{"name":"cave_counterweight","level":0,"p":"cavefound"},{"name":"gem0","q":1},{"name":"ashleaf","q":2},{"name":"cave_locktooth","level":0,"p":"cavefound"},{"name":"beewings","q":1},{"name":"wshoes","level":0},{"name":"wgloves","level":0},null,{"name":"wgloves","level":0},{"name":"wgloves","level":0},{"name":"ringsj","level":1,"p":null},{"name":"wbook0","level":1,"p":null},{"name":"cave_mothsteps","level":0,"p":"cavefound"},{"name":"cave_locktooth","level":0,"p":"cavefound"},null,{"name":"spidersilk","q":2,"p":"cavefound"},{"name":"wgloves","level":0},{"name":"cave_mothsteps","level":0,"p":"cavefound"},null,{"name":"ringsj","level":1,"p":null},{"name":"wshoes","level":0},{"name":"staff","level":5},{"name":"gloves1","level":0},{"name":"wbook0","level":1,"p":null},{"name":"wbook0","level":0},{"name":"glolipop","level":0},{"name":"wattire","level":0},{"name":"dexring","level":0},{"name":"staff","level":0,"gift":1},{"name":"stormfeather","q":21},{"name":"wcap","level":0},{"name":"wbook0","level":0},{"name":"bow","level":7},null,{"name":"t2bow","level":0,"p":"shiny"},{"name":"bwing","q":36},{"name":"hpot1","q":6137},{"name":"mpot1","q":5476},{"name":"tracker","l":"l"}],"cc":8}]
42["entities",{"players":[],"monsters":[{"speed":62,"hp":16257,"mp":24,"attack":256,"frequency":1.1,"armor":99,"resistance":66,"skin":"mbody5b","max_hp":16257,"id":"47981","x":320,"y":370,"moving":false,"going_x":320,"going_y":370,"angle":-17,"type":"cave_npc","cid":5,"target":null,"s":{"young":{"ms":500}},"level":66,"cx":{"head":"makeup117","hair":"hairdo219","hat":"hat311","face":"tortoise_g","back":"backpacks201"},"name":"Ilex","cave":{"room":"0:shop","side":"neutral","citizen":false}}],"type":"xy","in":"zone_4ba1c3bcccfc17b19fc07bf2_0","map":"zone_4ba1c3bcccfc17b19fc07bf2_0"}]
42["cave",{"type":"choice","state":{"run":"4ba1c3bcccfc17b19fc07bf2","expires":1790768695676,"server_time":1790767255752,"remaining_ms":1439925,"paused":true,"paused_at":1790767255751,"rewards":[],"level":66,"floor":0,"gold":0,"amber":0,"limits":{"gold":60000,"amber":36,"gold_spawned":0,"amber_spawned":0},"supplies":[],"roster":[{"name":"Ranzair","left":false,"disconnected":false}],"doors":[{"id":0,"x":432,"y":336,"map":"zone_4ba1c3bcccfc17b19fc07bf2_0","to":"main","down":false,"locked":false},{"id":1,"x":272,"y":2416,"map":"zone_4ba1c3bcccfc17b19fc07bf2_0","to":"zone_4ba1c3bcccfc17b19fc07bf2_1","down":true,"locked":true}],"objectives":[{"id":"0:shop","x":320,"y":368,"done":false,"floor":0,"kind":"encounter","required":false,"name":"The Shop with One Item","name_message":{"phrase":"event.dreams.e31.name","phrase_args":{"npc":"Ilex","rival":{"phrase":"server.cave.rival"}}}},{"id":"0:farm:1","x":928,"y":480,"done":false,"floor":0,"kind":"farm","required":false,"waves":0,"name":"Amber Nest","name_message":{"phrase":"event.dreams.camp.0.0.name"}},{"id":"0:farm:31","x":3936,"y":2536,"done":false,"floor":0,"kind":"farm","required":false,"waves":0,"name":"Amber Nest","name_message":{"phrase":"event.dreams.camp.0.0.name"}},{"id":"0:0","x":800,"y":928,"done":false,"floor":0,"kind":"fight","required":true,"name":"Guard camp","name_message":{"phrase":"server.cave.guard_camp"}},{"id":"0:1","x":2480,"y":496,"done":false,"floor":0,"kind":"encounter","required":true,"name":"The Prisoner and the Captain","name_message":{"phrase":"event.dreams.e25.name","phrase_args":{"npc":{"phrase":"server.cave.traveler"},"rival":{"phrase":"server.cave.rival"}}}},{"id":"0:2","x":2496,"y":2680,"done":false,"floor":0,"kind":"boss","required":true,"name":"Lockbreaker"}],"choice":{"id":"4ba1c3bcccfc17b19fc07bf2:1","title":"The Shop with One Item","title_message":{"phrase":"event.dreams.e31.name","phrase_args":{"npc":"Ilex","rival":{"phrase":"server.cave.rival"}}},"kind":"merchant","danger":false,"scene":[{"id":"47981","name":"Ilex","skin":"mbody5b","cx":{"head":"makeup117","hair":"hairdo219","hat":"hat311","face":"tortoise_g","back":"backpacks201"},"side":"neutral","hp":16257,"max_hp":16257}],"text":"I've got exactly one item for sale. Have a look. It costs cave gold, and if you buy it, one random member of the party you entered with gets it.","text_message":{"phrase":"event.dreams.e31.text","phrase_args":{"npc":"Ilex","rival":{"phrase":"server.cave.rival"}}},"deadline":1790767315751,"resolved":false,"summary":[],"summary_messages":[],"votes":{},"options":[{"id":"e31_0","label":"Open the shop","label_message":{"phrase":"event.dreams.e31.options.e31_0.label","phrase_args":{"npc":"Ilex","rival":{"phrase":"server.cave.rival"}}},"cost":0,"amber":0,"unavailable":null},{"id":"e31_3","label":"Check the price and the item","label_message":{"phrase":"event.dreams.e31.options.e31_3.label","phrase_args":{"npc":"Ilex","rival":{"phrase":"server.cave.rival"}}},"cost":0,"amber":0,"unavailable":null}],"fallback":"Walk away","fallback_message":{"phrase":"cave.no_reply"},"skin":"mbody5b","cx":{"head":"makeup117","hair":"hairdo219","hat":"hat311","face":"tortoise_g","back":"backpacks201"},"people":[{"name":"Ilex","hp":16257,"max_hp":16257,"attack":256}],"service":null,"shop":{"room":"0:shop","nearby":true,"name":"scroll1","price":2000,"sold":false}},"hunts":[],"practice":[]}}]

// opening shop manually
42["interaction",{"room":"0:shop","actor":"47981","type":"cave","action":"talk","request_id":"hfomnTrQNqgVcg8Eg6usZT34IqE5Fw"}]
42["cave",{"type":"choice","state":{"run":"4ba1c3bcccfc17b19fc07bf2","expires":1790768755698,"server_time":1790767546909,"remaining_ms":1208789,"paused":false,"paused_at":null,"rewards":[],"level":66,"floor":0,"gold":0,"amber":0,"limits":{"gold":60000,"amber":36,"gold_spawned":0,"amber_spawned":0},"supplies":[],"roster":[{"name":"Ranzair","left":false,"disconnected":false}],"doors":[{"id":0,"x":432,"y":336,"map":"zone_4ba1c3bcccfc17b19fc07bf2_0","to":"main","down":false,"locked":false},{"id":1,"x":272,"y":2416,"map":"zone_4ba1c3bcccfc17b19fc07bf2_0","to":"zone_4ba1c3bcccfc17b19fc07bf2_1","down":true,"locked":true}],"objectives":[{"id":"0:shop","x":320,"y":368,"done":false,"floor":0,"kind":"encounter","required":false,"name":"The Shop with One Item","name_message":{"phrase":"event.dreams.e31.name","phrase_args":{"npc":"Ilex","rival":{"phrase":"server.cave.rival"}}}},{"id":"0:farm:1","x":928,"y":480,"done":false,"floor":0,"kind":"farm","required":false,"waves":1,"name":"Amber Nest","name_message":{"phrase":"event.dreams.camp.0.0.name"}},{"id":"0:farm:31","x":3936,"y":2536,"done":false,"floor":0,"kind":"farm","required":false,"waves":0,"name":"Amber Nest","name_message":{"phrase":"event.dreams.camp.0.0.name"}},{"id":"0:0","x":800,"y":928,"done":false,"floor":0,"kind":"fight","required":true,"name":"Guard camp","name_message":{"phrase":"server.cave.guard_camp"}},{"id":"0:1","x":2480,"y":496,"done":false,"floor":0,"kind":"encounter","required":true,"name":"The Prisoner and the Captain","name_message":{"phrase":"event.dreams.e25.name","phrase_args":{"npc":{"phrase":"server.cave.traveler"},"rival":{"phrase":"server.cave.rival"}}}},{"id":"0:2","x":2496,"y":2680,"done":false,"floor":0,"kind":"boss","required":true,"name":"Lockbreaker"}],"choice":{"id":"4ba1c3bcccfc17b19fc07bf2:1","title":"The Shop with One Item","title_message":{"phrase":"event.dreams.e31.name","phrase_args":{"npc":"Ilex","rival":{"phrase":"server.cave.rival"}}},"kind":"merchant","danger":false,"scene":[{"id":"47981","name":"Ilex","skin":"mbody5b","cx":{"head":"makeup117","hair":"hairdo219","hat":"hat311","face":"tortoise_g","back":"backpacks201"},"side":"neutral","hp":16257,"max_hp":16257}],"text":"I've got exactly one item for sale. Have a look. It costs cave gold, and if you buy it, one random member of the party you entered with gets it.","text_message":{"phrase":"event.dreams.e31.text","phrase_args":{"npc":"Ilex","rival":{"phrase":"server.cave.rival"}}},"deadline":1790767315751,"resolved":true,"result":"fallback","result_label":"No reply was chosen.","result_message":{"phrase":"server.cave.no_reply"},"summary":["You turn down the offer and move on."],"summary_messages":[{"message":"You turn down the offer and move on.","phrase":"server.cave.decline","phrase_args":{}}],"votes":{},"options":[{"id":"e31_0","label":"Open the shop","label_message":{"phrase":"event.dreams.e31.options.e31_0.label","phrase_args":{"npc":"Ilex","rival":{"phrase":"server.cave.rival"}}},"cost":0,"amber":0,"unavailable":null},{"id":"e31_3","label":"Check the price and the item","label_message":{"phrase":"event.dreams.e31.options.e31_3.label","phrase_args":{"npc":"Ilex","rival":{"phrase":"server.cave.rival"}}},"cost":0,"amber":0,"unavailable":null}],"fallback":"Walk away","fallback_message":{"phrase":"cave.no_reply"},"skin":"mbody5b","cx":{"head":"makeup117","hair":"hairdo219","hat":"hat311","face":"tortoise_g","back":"backpacks201"},"people":[{"name":"Ilex","hp":16257,"max_hp":16257,"attack":256}],"service":null,"shop":{"room":"0:shop","nearby":true,"name":"scroll1","price":2000,"sold":false}},"hunts":[],"practice":[]}}]
42["game_response",{"response":"data","place":"interaction","interaction":"cave","request_id":"hfomnTrQNqgVcg8Eg6usZT34IqE5Fw","success":true,"state":{"run":"4ba1c3bcccfc17b19fc07bf2","expires":1790768755698,"server_time":1790767546909,"remaining_ms":1208789,"paused":false,"paused_at":null,"rewards":[],"level":66,"floor":0,"gold":0,"amber":0,"limits":{"gold":60000,"amber":36,"gold_spawned":0,"amber_spawned":0},"supplies":[],"roster":[{"name":"Ranzair","left":false,"disconnected":false}],"doors":[{"id":0,"x":432,"y":336,"map":"zone_4ba1c3bcccfc17b19fc07bf2_0","to":"main","down":false,"locked":false},{"id":1,"x":272,"y":2416,"map":"zone_4ba1c3bcccfc17b19fc07bf2_0","to":"zone_4ba1c3bcccfc17b19fc07bf2_1","down":true,"locked":true}],"objectives":[{"id":"0:shop","x":320,"y":368,"done":false,"floor":0,"kind":"encounter","required":false,"name":"The Shop with One Item","name_message":{"phrase":"event.dreams.e31.name","phrase_args":{"npc":"Ilex","rival":{"phrase":"server.cave.rival"}}}},{"id":"0:farm:1","x":928,"y":480,"done":false,"floor":0,"kind":"farm","required":false,"waves":1,"name":"Amber Nest","name_message":{"phrase":"event.dreams.camp.0.0.name"}},{"id":"0:farm:31","x":3936,"y":2536,"done":false,"floor":0,"kind":"farm","required":false,"waves":0,"name":"Amber Nest","name_message":{"phrase":"event.dreams.camp.0.0.name"}},{"id":"0:0","x":800,"y":928,"done":false,"floor":0,"kind":"fight","required":true,"name":"Guard camp","name_message":{"phrase":"server.cave.guard_camp"}},{"id":"0:1","x":2480,"y":496,"done":false,"floor":0,"kind":"encounter","required":true,"name":"The Prisoner and the Captain","name_message":{"phrase":"event.dreams.e25.name","phrase_args":{"npc":{"phrase":"server.cave.traveler"},"rival":{"phrase":"server.cave.rival"}}}},{"id":"0:2","x":2496,"y":2680,"done":false,"floor":0,"kind":"boss","required":true,"name":"Lockbreaker"}],"choice":{"id":"4ba1c3bcccfc17b19fc07bf2:1","title":"The Shop with One Item","title_message":{"phrase":"event.dreams.e31.name","phrase_args":{"npc":"Ilex","rival":{"phrase":"server.cave.rival"}}},"kind":"merchant","danger":false,"scene":[{"id":"47981","name":"Ilex","skin":"mbody5b","cx":{"head":"makeup117","hair":"hairdo219","hat":"hat311","face":"tortoise_g","back":"backpacks201"},"side":"neutral","hp":16257,"max_hp":16257}],"text":"I've got exactly one item for sale. Have a look. It costs cave gold, and if you buy it, one random member of the party you entered with gets it.","text_message":{"phrase":"event.dreams.e31.text","phrase_args":{"npc":"Ilex","rival":{"phrase":"server.cave.rival"}}},"deadline":1790767315751,"resolved":true,"result":"fallback","result_label":"No reply was chosen.","result_message":{"phrase":"server.cave.no_reply"},"summary":["You turn down the offer and move on."],"summary_messages":[{"message":"You turn down the offer and move on.","phrase":"server.cave.decline","phrase_args":{}}],"votes":{},"options":[{"id":"e31_0","label":"Open the shop","label_message":{"phrase":"event.dreams.e31.options.e31_0.label","phrase_args":{"npc":"Ilex","rival":{"phrase":"server.cave.rival"}}},"cost":0,"amber":0,"unavailable":null},{"id":"e31_3","label":"Check the price and the item","label_message":{"phrase":"event.dreams.e31.options.e31_3.label","phrase_args":{"npc":"Ilex","rival":{"phrase":"server.cave.rival"}}},"cost":0,"amber":0,"unavailable":null}],"fallback":"Walk away","fallback_message":{"phrase":"cave.no_reply"},"skin":"mbody5b","cx":{"head":"makeup117","hair":"hairdo219","hat":"hat311","face":"tortoise_g","back":"backpacks201"},"people":[{"name":"Ilex","hp":16257,"max_hp":16257,"attack":256}],"service":null,"shop":{"room":"0:shop","nearby":true,"name":"scroll1","price":2000,"sold":false}},"hunts":[],"practice":[]}}]

// buying stuff, but failing because i don't have any cave gold
42["interaction",{"room":"0:shop","type":"cave","action":"buy","request_id":"rOfDJ0CWXVkWospp4yF4aQLKe300TR"}]
42["game_response",{"response":"data","place":"interaction","interaction":"cave","request_id":"rOfDJ0CWXVkWospp4yF4aQLKe300TR","failed":true,"reason":"gold_not_enough"}]
